# Tau Act n Variance
# (n=0 represents var_a0_sq)
0.1 0 0 1.2147658914046602e+00
0.1 0 1 5.3392060611368503e-02
0.1 0 2 1.4216426125935801e-02
0.1 0 3 6.7110944374765003e-03
0.1 0 4 3.9914975657962997e-03
0.1 0 5 2.5485168652953998e-03
0.1 0 6 1.7900578598852000e-03
0.1 0 7 1.3151070777798000e-03
0.1 0 8 1.0236475392578000e-03
0.1 0 9 8.0026210554259999e-04
0.1 0 10 6.4381278657730005e-04
0.1 0 11 5.3815965811270005e-04
0.1 0 12 4.7294487362990002e-04
0.1 0 13 4.0168700485309998e-04
0.1 0 14 3.5387145108929999e-04
0.1 0 15 3.0967947264960000e-04
0.1 0 16 2.6879930841129998e-04
0.1 0 17 2.5030665291579998e-04
0.1 0 18 2.2172974494180000e-04
0.1 0 19 2.0187462897209999e-04
0.1 0 20 1.8598122206620000e-04
0.1 0 21 1.7500078035839999e-04
0.1 0 22 1.6106321696369999e-04
0.1 0 23 1.4892029755379999e-04
0.1 0 24 1.4053376813019999e-04
0.1 0 25 1.3132017908050000e-04
0.1 0 26 1.2458538224840001e-04
0.1 0 27 1.1542946068270000e-04
0.1 0 28 1.1104207774010000e-04
0.1 0 29 1.0403280696460000e-04
0.1 0 30 1.0003516561849999e-04
0.1 0 31 9.6222654440222962e-05
0.1 0 32 9.4198881470545002e-05
0.1 0 33 9.0353869502188857e-05
0.1 0 34 8.6718275105387315e-05
0.1 0 35 8.1530046555872357e-05
0.1 0 36 8.0003882453614426e-05
0.1 0 37 7.7548796509302494e-05
0.1 0 38 7.4288037135214463e-05
0.1 0 39 7.3245314370252928e-05
0.1 0 40 7.1669111001967649e-05
0.1 0 41 6.9694138779521431e-05
0.1 0 42 6.7630210475753201e-05
0.1 0 43 6.7195888007369226e-05
0.1 0 44 6.6076696002290017e-05
0.1 0 45 6.4469857438192898e-05
0.1 0 46 6.2963960347097296e-05
0.1 0 47 6.2287009192233693e-05
0.1 0 48 6.1376632379382884e-05
0.1 0 49 6.0171991463386607e-05
0.1 0 50 5.9363148571034321e-05
0.1 0 51 5.8653233367270531e-05
0.1 0 52 5.8152785978607348e-05
0.1 0 53 5.7753390229180357e-05
0.1 0 54 5.7241151966802121e-05
0.1 0 55 5.6554340238160251e-05
0.1 0 56 5.6025898596087391e-05
0.1 0 57 5.5944753125766183e-05
0.1 0 58 5.6486640171991089e-05
0.1 0 59 5.6531585325931127e-05
0.1 0 60 5.5732749753438426e-05
0.1 0 61 5.5619905603773792e-05
0.1 0 62 5.4750595833121329e-05
0.1 0 63 3.2447094550252244e-30
0.1 8 0 1.1669984220245486e+00
0.1 8 1 1.2922766202465219e-01
0.1 8 2 2.6844386064285401e-02
0.1 8 3 1.0147981334844699e-02
0.1 8 4 5.5115384421057997e-03
0.1 8 5 3.2537853057900000e-03
0.1 8 6 2.1442870073035999e-03
0.1 8 7 1.5169467011992999e-03
0.1 8 8 1.1427311133882000e-03
0.1 8 9 8.7927898028350004e-04
0.1 8 10 7.0868836080880001e-04
0.1 8 11 5.8950510234069998e-04
0.1 8 12 4.9419219473680000e-04
0.1 8 13 4.2248773281290002e-04
0.1 8 14 3.6499224145790003e-04
0.1 8 15 3.1044578261459998e-04
0.1 8 16 2.8101565239470002e-04
0.1 8 17 2.5553113861110000e-04
0.1 8 18 2.2599436838810000e-04
0.1 8 19 2.0767766510020001e-04
0.1 8 20 1.8696542128539999e-04
0.1 8 21 1.7088971580579999e-04
0.1 8 22 1.6282471753380001e-04
0.1 8 23 1.4981380321230000e-04
0.1 8 24 1.4172340992839999e-04
0.1 8 25 1.3192438425720001e-04
0.1 8 26 1.2309533387670001e-04
0.1 8 27 1.1712230187690000e-04
0.1 8 28 1.1230547156680000e-04
0.1 8 29 1.0657073288720000e-04
0.1 8 30 1.0091000114550000e-04
0.1 8 31 9.6947102581610638e-05
0.1 8 32 9.4324306557676000e-05
0.1 8 33 8.9027431371598611e-05
0.1 8 34 8.4020216666542291e-05
0.1 8 35 8.1558134747764725e-05
0.1 8 36 7.9974814749425103e-05
0.1 8 37 7.8006847335891595e-05
0.1 8 38 7.6277263041845536e-05
0.1 8 39 7.2939957204005648e-05
0.1 8 40 7.2196289587584853e-05
0.1 8 41 7.0225108923710112e-05
0.1 8 42 6.8576494560398319e-05
0.1 8 43 6.7939362230690987e-05
0.1 8 44 6.5649375728081725e-05
0.1 8 45 6.4774009974853639e-05
0.1 8 46 6.3051493794635095e-05
0.1 8 47 6.1911773946534380e-05
0.1 8 48 6.0717243686776699e-05
0.1 8 49 6.0450730411968998e-05
0.1 8 50 5.9781645802624962e-05
0.1 8 51 6.0441596225333000e-05
0.1 8 52 5.8512309447882525e-05
0.1 8 53 5.7921797556020843e-05
0.1 8 54 5.7216690839394428e-05
0.1 8 55 5.6604070984092440e-05
0.1 8 56 5.7198172249520992e-05
0.1 8 57 5.5175481525456925e-05
0.1 8 58 5.6158326673629838e-05
0.1 8 59 5.5440303281106742e-05
0.1 8 60 5.5764313650673972e-05
0.1 8 61 5.4889534496653625e-05
0.1 8 62 5.5355653054501529e-05
0.1 8 63 3.1368233854523764e-30
0.1 16 0 1.0977555350571633e+00
0.1 16 1 2.1513362692881849e-01
0.1 16 2 5.3173580546471998e-02
0.1 16 3 2.2569475415738002e-02
0.1 16 4 1.1232495161739400e-02
0.1 16 5 6.0954747731691997e-03
0.1 16 6 3.7730667257254002e-03
0.1 16 7 2.5367543596992999e-03
0.1 16 8 1.7863844713768000e-03
0.1 16 9 1.2931542397380999e-03
0.1 16 10 9.7284575677660000e-04
0.1 16 11 7.8396779415350001e-04
0.1 16 12 6.1427634621009995e-04
0.1 16 13 5.0631376017409998e-04
0.1 16 14 4.2808189410019999e-04
0.1 16 15 3.6091691555429999e-04
0.1 16 16 3.2039594304470001e-04
0.1 16 17 2.7370311176660002e-04
0.1 16 18 2.4922318068229998e-04
0.1 16 19 2.1974639626490001e-04
0.1 16 20 1.9975376772900000e-04
0.1 16 21 1.8362944808730000e-04
0.1 16 22 1.6783081606770001e-04
0.1 16 23 1.5552652651350000e-04
0.1 16 24 1.4294577939750000e-04
0.1 16 25 1.3775789483629999e-04
0.1 16 26 1.2650174488519999e-04
0.1 16 27 1.2045046584619999e-04
0.1 16 28 1.1476238801750000e-04
0.1 16 29 1.0794077575300000e-04
0.1 16 30 1.0287258602980000e-04
0.1 16 31 9.8743445883171856e-05
0.1 16 32 9.2663531796625565e-05
0.1 16 33 8.8821537493026902e-05
0.1 16 34 8.5390788425630047e-05
0.1 16 35 8.5147903488874268e-05
0.1 16 36 8.0755578819837745e-05
0.1 16 37 7.7967244514874013e-05
0.1 16 38 7.6214499069678608e-05
0.1 16 39 7.3607710168264082e-05
0.1 16 40 7.2968706693695855e-05
0.1 16 41 7.0020931092268861e-05
0.1 16 42 6.8904533076748708e-05
0.1 16 43 6.6222562574398583e-05
0.1 16 44 6.6889270168219342e-05
0.1 16 45 6.3823564734044740e-05
0.1 16 46 6.3708170778929214e-05
0.1 16 47 6.2791867816849823e-05
0.1 16 48 6.1587485840679094e-05
0.1 16 49 6.0019069123078608e-05
0.1 16 50 5.9744422347672856e-05
0.1 16 51 6.0057743217016519e-05
0.1 16 52 5.9454272194130371e-05
0.1 16 53 5.7063839155312551e-05
0.1 16 54 5.7749095147660047e-05
0.1 16 55 5.6648207292586983e-05
0.1 16 56 5.6680133660148548e-05
0.1 16 57 5.6378569147055522e-05
0.1 16 58 5.5420035667037609e-05
0.1 16 59 5.6148187092112864e-05
0.1 16 60 5.6332402438514881e-05
0.1 16 61 5.5472496933457559e-05
0.1 16 62 5.6059641752360989e-05
0.1 16 63 2.9817847481210683e-30
0.1 32 0 8.0506999961924663e-01
0.1 32 1 5.3294095268289943e-01
0.1 32 2 1.9559448400535040e-01
0.1 32 3 7.5682954789100601e-02
0.1 32 4 3.9010602009399202e-02
0.1 32 5 2.1523224322432401e-02
0.1 32 6 1.3077210300468000e-02
0.1 32 7 8.6348222982004005e-03
0.1 32 8 5.7378382910317997e-03
0.1 32 9 3.8990102694959998e-03
0.1 32 10 2.8005270019805998e-03
0.1 32 11 2.0779704163975000e-03
0.1 32 12 1.5546677709704000e-03
0.1 32 13 1.1839220970410000e-03
0.1 32 14 9.1203193280700004e-04
0.1 32 15 7.1759376268599995e-04
0.1 32 16 5.7449508376840005e-04
0.1 32 17 4.7233429950760002e-04
0.1 32 18 3.9763223209890003e-04
0.1 32 19 3.3687932217579998e-04
0.1 32 20 2.8749412860760000e-04
0.1 32 21 2.5089799251900002e-04
0.1 32 22 2.2529371029629999e-04
0.1 32 23 1.9891173385480000e-04
0.1 32 24 1.8256128113290000e-04
0.1 32 25 1.6423870664220000e-04
0.1 32 26 1.5320366387119999e-04
0.1 32 27 1.4090638527730000e-04
0.1 32 28 1.3024842197310001e-04
0.1 32 29 1.2426258232679999e-04
0.1 32 30 1.1673519907960000e-04
0.1 32 31 1.0996509658290000e-04
0.1 32 32 1.0518722050199999e-04
0.1 32 33 1.0018777138420000e-04
0.1 32 34 9.5195227520073839e-05
0.1 32 35 9.0865133042011698e-05
0.1 32 36 8.7775916624038857e-05
0.1 32 37 8.5565408351430467e-05
0.1 32 38 8.2189134265989449e-05
0.1 32 39 7.8823128391155970e-05
0.1 32 40 7.7036689851969466e-05
0.1 32 41 7.4558112568017963e-05
0.1 32 42 7.4074942851829620e-05
0.1 32 43 7.1244010649829825e-05
0.1 32 44 6.9254131839574317e-05
0.1 32 45 6.8702178175808140e-05
0.1 32 46 6.6907721837248965e-05
0.1 32 47 6.5392333708548045e-05
0.1 32 48 6.5196276958386540e-05
0.1 32 49 6.3530564218755115e-05
0.1 32 50 6.2989748341664396e-05
0.1 32 51 6.2007830523638216e-05
0.1 32 52 6.0784097250701503e-05
0.1 32 53 6.0441298347219664e-05
0.1 32 54 6.1126081558102445e-05
0.1 32 55 6.0003654378972011e-05
0.1 32 56 5.9590690597852691e-05
0.1 32 57 5.8342109710685874e-05
0.1 32 58 5.9240449082933731e-05
0.1 32 59 5.8401069978122288e-05
0.1 32 60 5.7174783659321753e-05
0.1 32 61 5.7307485550747245e-05
0.1 32 62 5.7948120695350769e-05
0.1 32 63 2.3688022174951737e-30
0.1 48 0 4.8333158935729281e-01
0.1 48 1 7.5396987413684446e-01
0.1 48 2 3.6433940781797808e-01
0.1 48 3 1.6659456928294880e-01
0.1 48 4 9.4493121684920897e-02
0.1 48 5 5.6663735128063601e-02
0.1 48 6 3.6027311688652502e-02
0.1 48 7 2.3212967555042301e-02
0.1 48 8 1.6091019699905701e-02
0.1 48 9 1.1229595354872900e-02
0.1 48 10 7.9280995678147996e-03
0.1 48 11 5.7640280141039004e-03
0.1 48 12 4.2359811348385004e-03
0.1 48 13 3.1306743892052999e-03
0.1 48 14 2.3909038364348999e-03
0.1 48 15 1.8022519732686999e-03
0.1 48 16 1.3741230369539001e-03
0.1 48 17 1.0764168594137001e-03
0.1 48 18 8.6418298565640005e-04
0.1 48 19 6.8753694037900002e-04
0.1 48 20 5.7074665881980005e-04
0.1 48 21 4.6712015684540002e-04
0.1 48 22 3.9858904211980003e-04
0.1 48 23 3.3783513735710001e-04
0.1 48 24 2.9305035374409998e-04
0.1 48 25 2.5592574250210001e-04
0.1 48 26 2.2707581489199999e-04
0.1 48 27 2.0501927380140001e-04
0.1 48 28 1.8405202022860000e-04
0.1 48 29 1.7057618157780000e-04
0.1 48 30 1.5429036237120001e-04
0.1 48 31 1.4213150627020001e-04
0.1 48 32 1.3443775725219999e-04
0.1 48 33 1.2558392737399999e-04
0.1 48 34 1.1848502622689999e-04
0.1 48 35 1.1389791775409999e-04
0.1 48 36 1.0716763882850000e-04
0.1 48 37 1.0240112791760000e-04
0.1 48 38 9.7009401772291644e-05
0.1 48 39 9.4857696187728794e-05
0.1 48 40 9.0128925915899903e-05
0.1 48 41 8.7342466866852854e-05
0.1 48 42 8.4673144963774878e-05
0.1 48 43 8.2979594442246694e-05
0.1 48 44 8.0347774643663175e-05
0.1 48 45 7.9072413937283096e-05
0.1 48 46 7.5639873580467715e-05
0.1 48 47 7.5296236391253867e-05
0.1 48 48 7.3165705116224965e-05
0.1 48 49 7.1338760608460899e-05
0.1 48 50 7.0337409445975986e-05
0.1 48 51 6.9962952103951525e-05
0.1 48 52 7.0096485846957556e-05
0.1 48 53 6.8186902215956012e-05
0.1 48 54 6.7369392138988421e-05
0.1 48 55 6.6452086931892993e-05
0.1 48 56 6.6793654908912781e-05
0.1 48 57 6.6020953036485363e-05
0.1 48 58 6.4738653521302520e-05
0.1 48 59 6.5108244449721398e-05
0.1 48 60 6.3963526259030871e-05
0.1 48 61 6.5488516835616019e-05
0.1 48 62 6.4800316709647538e-05
0.1 48 63 1.7993155036902876e-30
0.1 64 0 3.2405812311397419e-01
0.1 64 1 7.6157867573500471e-01
0.1 64 2 4.1290113802541051e-01
0.1 64 3 2.4587789238814819e-01
0.1 64 4 1.4045897791509160e-01
0.1 64 5 9.2922070467726200e-02
0.1 64 6 6.2520735258393703e-02
0.1 64 7 4.2985539025563700e-02
0.1 64 8 3.1502323662350000e-02
0.1 64 9 2.1899582552907200e-02
0.1 64 10 1.6461020410969900e-02
0.1 64 11 1.2126552078295700e-02
0.1 64 12 8.9669478925859993e-03
0.1 64 13 6.7628801383163998e-03
0.1 64 14 5.0325042591005996e-03
0.1 64 15 3.8477259983527999e-03
0.1 64 16 2.9982385496983999e-03
0.1 64 17 2.3422248566621002e-03
0.1 64 18 1.8642793910093000e-03
0.1 64 19 1.4743380276869000e-03
0.1 64 20 1.1512999199019000e-03
0.1 64 21 9.3928430112009997e-04
0.1 64 22 7.6966578822479999e-04
0.1 64 23 6.4120557399210000e-04
0.1 64 24 5.4087940827729996e-04
0.1 64 25 4.5326732299710002e-04
0.1 64 26 3.9086695196119999e-04
0.1 64 27 3.3657730767640000e-04
0.1 64 28 3.0069703871919999e-04
0.1 64 29 2.6726445783670000e-04
0.1 64 30 2.3478372968750000e-04
0.1 64 31 2.1484012303860000e-04
0.1 64 32 1.9631539523159999e-04
0.1 64 33 1.8057414490759999e-04
0.1 64 34 1.6598297554150000e-04
0.1 64 35 1.5458973515229999e-04
0.1 64 36 1.4408829441130001e-04
0.1 64 37 1.3432891642689999e-04
0.1 64 38 1.2915540236519999e-04
0.1 64 39 1.2302588146470000e-04
0.1 64 40 1.1624476254589999e-04
0.1 64 41 1.1095512062690000e-04
0.1 64 42 1.0682644726030000e-04
0.1 64 43 1.0242351171380000e-04
0.1 64 44 9.9871978703344516e-05
0.1 64 45 9.5998592288468445e-05
0.1 64 46 9.4149582647374638e-05
0.1 64 47 9.0855509160119242e-05
0.1 64 48 8.8610404653960317e-05
0.1 64 49 8.7385427814124002e-05
0.1 64 50 8.6686177091471333e-05
0.1 64 51 8.4450563089014428e-05
0.1 64 52 8.1900252355256197e-05
0.1 64 53 8.0422244149899107e-05
0.1 64 54 8.0840932521531123e-05
0.1 64 55 8.0597850171368432e-05
0.1 64 56 7.9097957124319340e-05
0.1 64 57 7.7757060289150592e-05
0.1 64 58 7.7168108576905269e-05
0.1 64 59 7.8128956070611211e-05
0.1 64 60 7.7159955890263412e-05
0.1 64 61 7.6028653546090778e-05
0.1 64 62 7.5535520977251602e-05
0.1 64 63 1.6972356475581014e-30
0.1 72 0 3.1626568592611581e-01
0.1 72 1 6.5102939694842665e-01
0.1 72 2 4.4458706376113200e-01
0.1 72 3 2.6390279932187261e-01
0.1 72 4 1.5823309970036259e-01
0.1 72 5 1.0728036199129010e-01
0.1 72 6 7.1903085415543494e-02
0.1 72 7 5.1945513388692501e-02
0.1 72 8 3.8101619802812299e-02
0.1 72 9 2.7385928950898499e-02
0.1 72 10 2.0550493685324699e-02
0.1 72 11 1.5294183868860599e-02
0.1 72 12 1.1543172536201201e-02
0.1 72 13 8.7924425626285004e-03
0.1 72 14 6.6923597641662001e-03
0.1 72 15 5.2439111903127998e-03
0.1 72 16 4.1049031715353996e-03
0.1 72 17 3.1723455804836000e-03
0.1 72 18 2.5139329911803001e-03
0.1 72 19 1.9990990439971998e-03
0.1 72 20 1.6100177956202000e-03
0.1 72 21 1.2993838037193000e-03
0.1 72 22 1.0634649851863000e-03
0.1 72 23 8.8716490182830004e-04
0.1 72 24 7.2793195538550001e-04
0.1 72 25 6.0616174859050005e-04
0.1 72 26 5.2303682641160001e-04
0.1 72 27 4.4547830603069999e-04
0.1 72 28 3.8668603028110002e-04
0.1 72 29 3.4363354492509998e-04
0.1 72 30 3.0035806681410002e-04
0.1 72 31 2.7579472723430001e-04
0.1 72 32 2.4785022015429999e-04
0.1 72 33 2.1538663247219999e-04
0.1 72 34 2.0489362215749999e-04
0.1 72 35 1.8864239062900000e-04
0.1 72 36 1.7400641032050000e-04
0.1 72 37 1.6361134957999999e-04
0.1 72 38 1.5436200027280000e-04
0.1 72 39 1.4616833006659999e-04
0.1 72 40 1.3493680645419999e-04
0.1 72 41 1.2826761557160001e-04
0.1 72 42 1.2355366931450000e-04
0.1 72 43 1.1833902759499999e-04
0.1 72 44 1.1519427874730000e-04
0.1 72 45 1.0908869620720000e-04
0.1 72 46 1.0599045773479999e-04
0.1 72 47 1.0269694439560001e-04
0.1 72 48 1.0165954759680000e-04
0.1 72 49 9.9219774603514740e-05
0.1 72 50 9.5512900508557238e-05
0.1 72 51 9.4219139772806678e-05
0.1 72 52 9.2673933591638037e-05
0.1 72 53 9.1061400433186597e-05
0.1 72 54 9.0475837018738801e-05
0.1 72 55 8.9963461202147713e-05
0.1 72 56 8.8370225193599509e-05
0.1 72 57 8.7937108625137377e-05
0.1 72 58 8.7226867527447050e-05
0.1 72 59 8.4725249299360208e-05
0.1 72 60 8.6273938883601973e-05
0.1 72 61 8.6409293181591017e-05
0.1 72 62 8.5348424446773596e-05
0.1 72 63 1.8258835351498827e-30
0.1 80 0 2.9878825394502090e-01
0.1 80 1 5.8729237823651370e-01
0.1 80 2 4.6221967063621228e-01
0.1 80 3 2.7383213955675001e-01
0.1 80 4 1.7369347892880921e-01
0.1 80 5 1.1905414715343740e-01
0.1 80 6 8.2329559243022904e-02
0.1 80 7 5.9242561874331197e-02
0.1 80 8 4.3665829837119599e-02
0.1 80 9 3.2953298067757202e-02
0.1 80 10 2.4641351857113799e-02
0.1 80 11 1.8644997571625899e-02
0.1 80 12 1.4186688390915900e-02
0.1 80 13 1.1072599975399999e-02
0.1 80 14 8.6682948529819004e-03
0.1 80 15 6.6794106807218003e-03
0.1 80 16 5.2722022523837000e-03
0.1 80 17 4.1364113229974998e-03
0.1 80 18 3.3275637651788998e-03
0.1 80 19 2.6064816808874002e-03
0.1 80 20 2.0839777835766999e-03
0.1 80 21 1.7048112255738999e-03
0.1 80 22 1.4024957298480001e-03
0.1 80 23 1.1550374394282000e-03
0.1 80 24 9.6833150612550003e-04
0.1 80 25 8.0083424571019996e-04
0.1 80 26 6.8179423788400004e-04
0.1 80 27 5.8165032030309998e-04
0.1 80 28 5.0228128951159995e-04
0.1 80 29 4.3616669079909998e-04
0.1 80 30 3.8428434924030002e-04
0.1 80 31 3.4930035395930000e-04
0.1 80 32 3.0765303219020001e-04
0.1 80 33 2.7741701411779999e-04
0.1 80 34 2.5039692877149998e-04
0.1 80 35 2.3063506968740001e-04
0.1 80 36 2.0984687139680001e-04
0.1 80 37 1.9404871331610000e-04
0.1 80 38 1.8085857919800000e-04
0.1 80 39 1.7041806516470001e-04
0.1 80 40 1.6090221612090000e-04
0.1 80 41 1.5186613621899999e-04
0.1 80 42 1.4194326658080000e-04
0.1 80 43 1.4011405267499999e-04
0.1 80 44 1.3150428137740001e-04
0.1 80 45 1.2622960958320000e-04
0.1 80 46 1.2348745473089999e-04
0.1 80 47 1.1885217102260001e-04
0.1 80 48 1.1633236772559999e-04
0.1 80 49 1.1139971512330000e-04
0.1 80 50 1.1034272006450000e-04
0.1 80 51 1.0812406170830001e-04
0.1 80 52 1.0522196726609999e-04
0.1 80 53 1.0459464826800000e-04
0.1 80 54 1.0264816253650000e-04
0.1 80 55 9.9436095366635421e-05
0.1 80 56 1.0002447941910000e-04
0.1 80 57 9.8351918767927075e-05
0.1 80 58 9.8910357078681158e-05
0.1 80 59 9.8714556412917196e-05
0.1 80 60 9.6783459306088875e-05
0.1 80 61 9.6529187209892401e-05
0.1 80 62 9.4546024228310438e-05
0.1 80 63 1.8982760723575896e-30
0.1 88 0 2.7098728192450888e-01
0.1 88 1 5.6170206083782881e-01
0.1 88 2 4.4587915485104218e-01
0.1 88 3 2.8871894853125363e-01
0.1 88 4 1.9332765257523549e-01
0.1 88 5 1.3337906640498320e-01
0.1 88 6 9.3681067746914704e-02
0.1 88 7 6.7426122640420194e-02
0.1 88 8 5.1117664576387098e-02
0.1 88 9 3.8221872439036603e-02
0.1 88 10 2.9372312663456499e-02
0.1 88 11 2.2581009931553899e-02
0.1 88 12 1.7213306932102500e-02
0.1 88 13 1.3534375870363701e-02
0.1 88 14 1.0596581249061701e-02
0.1 88 15 8.3439381163878008e-03
0.1 88 16 6.5896851853448997e-03
0.1 88 17 5.1086434205173999e-03
0.1 88 18 4.1840146416994997e-03
0.1 88 19 3.4017324283670001e-03
0.1 88 20 2.7092999862930998e-03
0.1 88 21 2.2032470217255001e-03
0.1 88 22 1.8157081014387000e-03
0.1 88 23 1.5139536220976999e-03
0.1 88 24 1.2505827335753000e-03
0.1 88 25 1.0394857990508001e-03
0.1 88 26 8.6112170367349996e-04
0.1 88 27 7.5295918846070005e-04
0.1 88 28 6.4652304404109995e-04
0.1 88 29 5.5689791831140000e-04
0.1 88 30 4.9247780581589996e-04
0.1 88 31 4.2550059795819998e-04
0.1 88 32 3.8360299098170000e-04
0.1 88 33 3.4328408728790001e-04
0.1 88 34 3.1328741762500000e-04
0.1 88 35 2.8252633053170000e-04
0.1 88 36 2.5556905927629999e-04
0.1 88 37 2.3778192655249999e-04
0.1 88 38 2.1924056630680001e-04
0.1 88 39 2.0365391294699999e-04
0.1 88 40 1.8943391704300000e-04
0.1 88 41 1.7839555997610000e-04
0.1 88 42 1.6996764480850000e-04
0.1 88 43 1.6246304009400001e-04
0.1 88 44 1.5523278280050001e-04
0.1 88 45 1.4998095931440000e-04
0.1 88 46 1.4273343807909999e-04
0.1 88 47 1.3589359830389999e-04
0.1 88 48 1.3274124452030000e-04
0.1 88 49 1.2829821193319999e-04
0.1 88 50 1.2701836667270000e-04
0.1 88 51 1.2228720920150001e-04
0.1 88 52 1.2274494648540000e-04
0.1 88 53 1.1910851072520000e-04
0.1 88 54 1.1788226732620000e-04
0.1 88 55 1.1515613461590000e-04
0.1 88 56 1.1461174943020000e-04
0.1 88 57 1.1250802604150000e-04
0.1 88 58 1.1150534039880001e-04
0.1 88 59 1.1035398572940001e-04
0.1 88 60 1.1093552073110000e-04
0.1 88 61 1.1030085400940001e-04
0.1 88 62 1.0987917016899999e-04
0.1 88 63 1.9934701233900840e-30
0.1 96 0 2.5977695981918519e-01
0.1 96 1 5.2402173615748648e-01
0.1 96 2 4.4188878485213939e-01
0.1 96 3 2.9581125729865360e-01
0.1 96 4 2.0578301598182200e-01
0.1 96 5 1.3972049767264411e-01
0.1 96 6 1.0076174991965270e-01
0.1 96 7 7.5242456776788605e-02
0.1 96 8 5.7301610721615603e-02
0.1 96 9 4.2685019359706998e-02
0.1 96 10 3.3058079405711899e-02
0.1 96 11 2.5588346089598601e-02
0.1 96 12 2.0184749176123298e-02
0.1 96 13 1.5987341814369799e-02
0.1 96 14 1.2532863557998101e-02
0.1 96 15 9.7073710718353998e-03
0.1 96 16 7.9441064130821998e-03
0.1 96 17 6.3269829281269998e-03
0.1 96 18 5.0150856817462999e-03
0.1 96 19 4.1528152178195001e-03
0.1 96 20 3.3816413251885002e-03
0.1 96 21 2.7798023412141000e-03
0.1 96 22 2.2772578082068998e-03
0.1 96 23 1.8700071597235999e-03
0.1 96 24 1.5592992456187999e-03
0.1 96 25 1.3004536551632000e-03
0.1 96 26 1.1084313294710000e-03
0.1 96 27 9.5449327813739999e-04
0.1 96 28 8.0263273381260005e-04
0.1 96 29 6.9627534904139995e-04
0.1 96 30 6.0506728823330001e-04
0.1 96 31 5.2971721075689997e-04
0.1 96 32 4.8030690717820002e-04
0.1 96 33 4.2132419837669999e-04
0.1 96 34 3.7734922573380000e-04
0.1 96 35 3.4128713152290001e-04
0.1 96 36 3.0957887916120003e-04
0.1 96 37 2.8635734371189998e-04
0.1 96 38 2.6187408542250001e-04
0.1 96 39 2.4620555025880000e-04
0.1 96 40 2.3117826951370000e-04
0.1 96 41 2.1247952023860001e-04
0.1 96 42 2.0264937316590001e-04
0.1 96 43 1.9056375972009999e-04
0.1 96 44 1.8038320832409999e-04
0.1 96 45 1.7325212750790000e-04
0.1 96 46 1.6515369022579999e-04
0.1 96 47 1.5924999895600001e-04
0.1 96 48 1.5451829900089999e-04
0.1 96 49 1.5213917507860000e-04
0.1 96 50 1.4465933118189999e-04
0.1 96 51 1.4306515515839999e-04
0.1 96 52 1.3876773588350000e-04
0.1 96 53 1.3957244762490001e-04
0.1 96 54 1.3369689179999999e-04
0.1 96 55 1.3366526325160000e-04
0.1 96 56 1.2927776393510001e-04
0.1 96 57 1.2966169931230001e-04
0.1 96 58 1.2955186561440000e-04
0.1 96 59 1.2996673831229999e-04
0.1 96 60 1.2704004899760001e-04
0.1 96 61 1.2659323526510000e-04
0.1 96 62 1.2632493071610001e-04
0.1 96 63 1.9985270789970404e-30
0.1 104 0 2.4323598450038400e-01
0.1 104 1 5.0298722393261908e-01
0.1 104 2 4.3221239770050068e-01
0.1 104 3 3.0888349524637582e-01
0.1 104 4 2.1229955695968150e-01
0.1 104 5 1.4884953005193191e-01
0.1 104 6 1.0976835413203120e-01
0.1 104 7 7.9536099736585195e-02
0.1 104 8 6.2069329162327602e-02
0.1 104 9 4.8001391282029002e-02
0.1 104 10 3.6817150132595601e-02
0.1 104 11 2.8942669321505701e-02
0.1 104 12 2.2768292688375599e-02
0.1 104 13 1.8286327407935499e-02
0.1 104 14 1.4388629481743799e-02
0.1 104 15 1.1312653248519700e-02
0.1 104 16 9.3136743605347991e-03
0.1 104 17 7.5064661782793000e-03
0.1 104 18 6.0836644232545997e-03
0.1 104 19 4.8959272660573996e-03
0.1 104 20 4.0746460921041996e-03
0.1 104 21 3.3338165733861999e-03
0.1 104 22 2.7375273388769001e-03
0.1 104 23 2.2856842193332001e-03
0.1 104 24 1.8787956291310001e-03
0.1 104 25 1.5914261630170000e-03
0.1 104 26 1.3422739464225000e-03
0.1 104 27 1.1563456609847999e-03
0.1 104 28 9.8601323816740007e-04
0.1 104 29 8.4615179404240004e-04
0.1 104 30 7.4345777346169995e-04
0.1 104 31 6.5564373258759998e-04
0.1 104 32 5.8163766680109999e-04
0.1 104 33 5.0892444075080001e-04
0.1 104 34 4.5912964168440002e-04
0.1 104 35 4.1024611838209998e-04
0.1 104 36 3.7607308339920002e-04
0.1 104 37 3.4376273972190001e-04
0.1 104 38 3.1310207751299998e-04
0.1 104 39 2.9271445532989999e-04
0.1 104 40 2.7346097528910002e-04
0.1 104 41 2.5267217569160000e-04
0.1 104 42 2.3950431511020001e-04
0.1 104 43 2.2612296910360001e-04
0.1 104 44 2.1446931175860001e-04
0.1 104 45 2.0404634507960000e-04
0.1 104 46 1.9379116228290000e-04
0.1 104 47 1.8791513749620001e-04
0.1 104 48 1.8247793565800001e-04
0.1 104 49 1.7266282469720001e-04
0.1 104 50 1.7025786230830001e-04
0.1 104 51 1.6518032321999999e-04
0.1 104 52 1.6105678638490001e-04
0.1 104 53 1.5598754099950001e-04
0.1 104 54 1.5444862604270000e-04
0.1 104 55 1.5222842388940000e-04
0.1 104 56 1.5021376611710000e-04
0.1 104 57 1.5067694051790000e-04
0.1 104 58 1.4833934766500000e-04
0.1 104 59 1.4676340267689999e-04
0.1 104 60 1.4604746244870000e-04
0.1 104 61 1.4673557061920000e-04
0.1 104 62 1.4619956865620000e-04
0.1 104 63 2.1087962112487984e-30
1 0 0 1.2050649859305194e+00
1 0 1 7.1376467064174096e-02
1 0 2 1.5511129225997299e-02
1 0 3 6.6820064934991997e-03
1 0 4 4.0151135007124999e-03
1 0 5 2.5382262470861000e-03
1 0 6 1.7852817141703000e-03
1 0 7 1.3001621071849999e-03
1 0 8 1.0256100454028999e-03
1 0 9 8.0787166733579995e-04
1 0 10 6.5685667907780000e-04
1 0 11 5.4187325391249997e-04
1 0 12 4.6663770159099998e-04
1 0 13 4.0722406382870001e-04
1 0 14 3.5274208178950000e-04
1 0 15 3.0812411994680000e-04
1 0 16 2.7152543924410002e-04
1 0 17 2.4798884268609998e-04
1 0 18 2.2128431262640001e-04
1 0 19 2.0370618459680001e-04
1 0 20 1.8702366481420000e-04
1 0 21 1.7366444635890001e-04
1 0 22 1.5894330401549999e-04
1 0 23 1.4962154711110000e-04
1 0 24 1.3898288904599999e-04
1 0 25 1.2948984549549999e-04
1 0 26 1.2243646244640001e-04
1 0 27 1.1754305029419999e-04
1 0 28 1.0993079095800000e-04
1 0 29 1.0631687087740000e-04
1 0 30 1.0114199537340000e-04
1 0 31 9.5203088532374956e-05
1 0 32 9.2076719917017565e-05
1 0 33 8.8823425226710465e-05
1 0 34 8.5682392077911842e-05
1 0 35 8.2432007708769996e-05
1 0 36 7.9763216184316679e-05
1 0 37 7.5982981569538817e-05
1 0 38 7.5695357141553147e-05
1 0 39 7.3925781384703233e-05
1 0 40 7.1802158370682672e-05
1 0 41 7.0333278057876914e-05
1 0 42 6.7840704441348191e-05
1 0 43 6.6324991191840530e-05
1 0 44 6.5402693495452858e-05
1 0 45 6.4204636018411247e-05
1 0 46 6.2687058058584271e-05
1 0 47 6.1605804939734893e-05
1 0 48 6.1403526743929515e-05
1 0 49 5.9632103087209485e-05
1 0 50 5.9835635824268574e-05
1 0 51 5.8834661036731571e-05
1 0 52 5.8404414029315469e-05
1 0 53 5.7753900078138101e-05
1 0 54 5.8077220883901190e-05
1 0 55 5.7013679079851648e-05
1 0 56 5.6936585759597103e-05
1 0 57 5.6518681412555413e-05
1 0 58 5.6179281639160363e-05
1 0 59 5.6660050178497042e-05
1 0 60 5.5949292763734211e-05
1 0 61 5.5299080287437479e-05
1 0 62 5.5071747121734110e-05
1 0 63 3.2242719638913435e-30
1 8 0 1.1456248538782243e+00
1 8 1 1.4916302966071521e-01
1 8 2 3.9410480230661397e-02
1 8 3 1.4877638821363901e-02
1 8 4 7.7959671492087001e-03
1 8 5 4.4966662472524996e-03
1 8 6 2.8590651363838999e-03
1 8 7 1.9103727901374999e-03
1 8 8 1.3652828944118000e-03
1 8 9 1.0219868394841999e-03
1 8 10 8.0391945180480001e-04
1 8 11 6.4089327692949997e-04
1 8 12 5.1951918633860001e-04
1 8 13 4.4433874255880000e-04
1 8 14 3.7414043162409998e-04
1 8 15 3.2580337415850002e-04
1 8 16 2.8804483931420000e-04
1 8 17 2.5599847123420000e-04
1 8 18 2.3382954807339999e-04
1 8 19 2.0897894120270000e-04
1 8 20 1.9266032650879999e-04
1 8 21 1.7825899129710000e-04
1 8 22 1.6197598850720000e-04
1 8 23 1.5284701394610001e-04
1 8 24 1.3952132324199999e-04
1 8 25 1.3297262819420000e-04
1 8 26 1.2192096319010000e-04
1 8 27 1.1768585892190000e-04
1 8 28 1.0976530272460000e-04
1 8 29 1.0747441233190000e-04
1 8 30 1.0032503043239999e-04
1 8 31 9.5273515298628279e-05
1 8 32 9.3116554090418697e-05
1 8 33 8.8382451133102821e-05
1 8 34 8.5133193212840922e-05
1 8 35 8.3737538002867410e-05
1 8 36 8.0128683200708832e-05
1 8 37 7.8166032507691265e-05
1 8 38 7.5753382386078684e-05
1 8 39 7.2517774837106393e-05
1 8 40 7.1530233166293634e-05
1 8 41 7.0068464425158345e-05
1 8 42 6.8802653482528232e-05
1 8 43 6.8092741538583573e-05
1 8 44 6.5520611661398393e-05
1 8 45 6.4439273411482850e-05
1 8 46 6.3055197110128402e-05
1 8 47 6.2395900044960248e-05
1 8 48 6.1872174917669792e-05
1 8 49 6.1114853970487476e-05
1 8 50 5.9956466039628763e-05
1 8 51 5.8912421887184179e-05
1 8 52 5.8094894149758808e-05
1 8 53 5.8100626836564137e-05
1 8 54 5.7398771954551011e-05
1 8 55 5.6427361720955794e-05
1 8 56 5.5897939753351062e-05
1 8 57 5.6715791458460918e-05
1 8 58 5.6212964173942607e-05
1 8 59 5.5682184127961982e-05
1 8 60 5.5346991027058419e-05
1 8 61 5.5922562311217410e-05
1 8 62 5.5443583467330248e-05
1 8 63 3.0969056396448518e-30
1 16 0 9.1712342950745063e-01
1 16 1 4.3016226309014549e-01
1 16 2 1.3853619550496141e-01
1 16 3 5.0286799655625901e-02
1 16 4 2.4998152179040899e-02
1 16 5 1.4035809096888899e-02
1 16 6 8.2978239600743006e-03
1 16 7 5.1425581171283003e-03
1 16 8 3.3955166426818998e-03
1 16 9 2.2671051226680998e-03
1 16 10 1.6214414102763001e-03
1 16 11 1.1600030489388000e-03
1 16 12 8.8355296095789996e-04
1 16 13 6.9124400757809997e-04
1 16 14 5.4945092622130001e-04
1 16 15 4.4849127513030003e-04
1 16 16 3.7471180396070000e-04
1 16 17 3.1469191533790001e-04
1 16 18 2.7594796588660000e-04
1 16 19 2.4377536897270000e-04
1 16 20 2.2008841430940000e-04
1 16 21 1.9523659457849999e-04
1 16 22 1.7932583532920000e-04
1 16 23 1.6358720035659999e-04
1 16 24 1.5077411300290001e-04
1 16 25 1.4235260555840000e-04
1 16 26 1.3188646874500001e-04
1 16 27 1.2121293802550000e-04
1 16 28 1.1711652156220000e-04
1 16 29 1.0863089309210000e-04
1 16 30 1.0456949394859999e-04
1 16 31 9.8404524574507180e-05
1 16 32 9.4699984317520920e-05
1 16 33 9.1344337016629744e-05
1 16 34 8.8182764815024345e-05
1 16 35 8.6921040279921559e-05
1 16 36 8.2544025467074509e-05
1 16 37 7.9203305920449204e-05
1 16 38 7.6669892617575890e-05
1 16 39 7.5927653260852036e-05
1 16 40 7.2120521718042270e-05
1 16 41 7.0976846247868892e-05
1 16 42 6.9591893066797155e-05
1 16 43 6.8054393286402423e-05
1 16 44 6.6833162560410976e-05
1 16 45 6.4158467574845803e-05
1 16 46 6.4867785162424783e-05
1 16 47 6.3414669599351362e-05
1 16 48 6.1734653038536199e-05
1 16 49 6.1012841293149313e-05
1 16 50 6.0248329719137189e-05
1 16 51 5.9439757050758309e-05
1 16 52 5.9221294543656224e-05
1 16 53 5.8060023864406128e-05
1 16 54 5.7828792676591943e-05
1 16 55 5.7264179841401048e-05
1 16 56 5.7146891424496147e-05
1 16 57 5.7310817755018647e-05
1 16 58 5.7142020769671637e-05
1 16 59 5.6781694866170528e-05
1 16 60 5.5476748667837152e-05
1 16 61 5.5915382008501250e-05
1 16 62 5.5728403419409646e-05
1 16 63 2.5747551994931417e-30
1 32 0 4.3367326810875689e-01
1 32 1 7.2097008835134102e-01
1 32 2 4.2429489069413762e-01
1 32 3 1.9749251408301949e-01
1 32 4 1.1032346962389840e-01
1 32 5 6.8807912254765499e-02
1 32 6 4.3818790086118303e-02
1 32 7 2.7851781847992599e-02
1 32 8 1.9160286365775998e-02
1 32 9 1.2714248817866701e-02
1 32 10 8.8463188404314993e-03
1 32 11 6.0698407631373996e-03
1 32 12 4.3555650809421996e-03
1 32 13 3.1547485343721001e-03
1 32 14 2.2829750677065999e-03
1 32 15 1.6814726315922000e-03
1 32 16 1.2589957481152999e-03
1 32 17 9.7507675304149999e-04
1 32 18 7.6315677877390005e-04
1 32 19 6.0074546237620001e-04
1 32 20 4.8739973038260001e-04
1 32 21 4.0253973966379998e-04
1 32 22 3.3364359361189998e-04
1 32 23 2.8646862208290001e-04
1 32 24 2.5083937521970003e-04
1 32 25 2.1795076675679999e-04
1 32 26 1.9472292250969999e-04
1 32 27 1.7424675979890001e-04
1 32 28 1.6035453022459999e-04
1 32 29 1.4831102503850001e-04
1 32 30 1.3324463648609999e-04
1 32 31 1.2580313502439999e-04
1 32 32 1.1954975407029999e-04
1 32 33 1.1082819267170000e-04
1 32 34 1.0440783197830001e-04
1 32 35 9.9416896396906245e-05
1 32 36 9.5776045768608276e-05
1 32 37 9.1397626642134957e-05
1 32 38 8.6636888693598747e-05
1 32 39 8.4812129611148420e-05
1 32 40 8.2629297357587986e-05
1 32 41 7.9379672791204530e-05
1 32 42 7.6736621398612245e-05
1 32 43 7.4025753260797728e-05
1 32 44 7.3157083214827530e-05
1 32 45 7.1674845575652959e-05
1 32 46 7.0272843593532344e-05
1 32 47 6.8385304789341677e-05
1 32 48 6.7788923026576472e-05
1 32 49 6.6528251241855876e-05
1 32 50 6.4376177424714238e-05
1 32 51 6.3899720904044393e-05
1 32 52 6.3325723446607912e-05
1 32 53 6.2798768933255533e-05
1 32 54 6.1499392595372026e-05
1 32 55 6.2198986564033853e-05
1 32 56 6.1227338687661631e-05
1 32 57 6.1215787149639485e-05
1 32 58 5.9859920978693398e-05
1 32 59 5.9904918046762452e-05
1 32 60 5.9618518219869466e-05
1 32 61 6.0055361685855352e-05
1 32 62 6.0019066259612525e-05
1 32 63 1.8073014169920912e-30
1 48 0 2.6947350667391318e-01
1 48 1 6.5796185069169422e-01
1 48 2 4.7414294816498220e-01
1 48 3 2.9109889748402917e-01
1 48 4 1.7861130314125440e-01
1 48 5 1.1716307730313109e-01
1 48 6 7.8682169144251399e-02
1 48 7 5.5618591193682600e-02
1 48 8 3.9414632737943198e-02
1 48 9 2.8852323896943501e-02
1 48 10 2.1498252151564701e-02
1 48 11 1.5675901704830301e-02
1 48 12 1.1487128559299200e-02
1 48 13 8.6546029661516005e-03
1 48 14 6.3924911747983001e-03
1 48 15 4.9319938822816002e-03
1 48 16 3.6475982360948999e-03
1 48 17 2.8619877514964001e-03
1 48 18 2.1803093326834000e-03
1 48 19 1.7130160708983999e-03
1 48 20 1.3480744428177999e-03
1 48 21 1.0629157440008000e-03
1 48 22 8.6812015263030000e-04
1 48 23 7.0401398828860001e-04
1 48 24 5.7401850467120004e-04
1 48 25 4.7859171497619999e-04
1 48 26 4.0228408403530003e-04
1 48 27 3.4651108376079998e-04
1 48 28 3.0018985141429998e-04
1 48 29 2.5748816196759998e-04
1 48 30 2.2779682213550000e-04
1 48 31 2.0584438901280000e-04
1 48 32 1.8243519782350001e-04
1 48 33 1.6836577260290000e-04
1 48 34 1.5270624884990001e-04
1 48 35 1.4391032506150001e-04
1 48 36 1.3270773705850001e-04
1 48 37 1.2467046740970001e-04
1 48 38 1.1673302048650000e-04
1 48 39 1.1124036873960000e-04
1 48 40 1.0414184826160000e-04
1 48 41 1.0156825446160000e-04
1 48 42 9.6218814326342922e-05
1 48 43 9.5213823566052036e-05
1 48 44 9.1160982173424474e-05
1 48 45 8.6841685918373021e-05
1 48 46 8.6452716562815043e-05
1 48 47 8.2712169518658459e-05
1 48 48 8.0476981780462368e-05
1 48 49 7.9068753096295201e-05
1 48 50 7.7123536803407931e-05
1 48 51 7.6246854923050405e-05
1 48 52 7.5055724391756586e-05
1 48 53 7.3241083886996117e-05
1 48 54 7.3859729827405947e-05
1 48 55 7.2089154041039507e-05
1 48 56 7.0830753103426285e-05
1 48 57 7.1244141069206065e-05
1 48 58 6.9502372125499753e-05
1 48 59 7.0248586102338384e-05
1 48 60 7.0158064727154383e-05
1 48 61 6.9912901977782466e-05
1 48 62 6.8975280895677387e-05
1 48 63 1.7612398676313192e-30
1 64 0 2.2710007509133151e-01
1 64 1 5.5257473251279077e-01
1 64 2 4.7041045454250319e-01
1 64 3 3.2552834514620937e-01
1 64 4 2.1495738354022109e-01
1 64 5 1.4913325725725871e-01
1 64 6 1.0260408130057000e-01
1 64 7 7.5523608391734900e-02
1 64 8 5.5531266707658400e-02
1 64 9 4.2483795754239301e-02
1 64 10 3.1734098341962599e-02
1 64 11 2.4224295908476801e-02
1 64 12 1.8580273442229300e-02
1 64 13 1.4387431382347601e-02
1 64 14 1.0979857459088100e-02
1 64 15 8.6729932369363997e-03
1 64 16 6.6322299017593997e-03
1 64 17 5.2887769950100000e-03
1 64 18 4.1020797918833998e-03
1 64 19 3.3122744168343002e-03
1 64 20 2.6117235459025999e-03
1 64 21 2.0988977408902998e-03
1 64 22 1.6469266330035000e-03
1 64 23 1.3483026746992999e-03
1 64 24 1.1197773633650999e-03
1 64 25 9.2861569057370004e-04
1 64 26 7.7143169644880005e-04
1 64 27 6.5048733109730002e-04
1 64 28 5.5298665025400005e-04
1 64 29 4.7586380101220002e-04
1 64 30 4.1464860550379998e-04
1 64 31 3.6068966275140001e-04
1 64 32 3.2222716645929997e-04
1 64 33 2.7917013058050000e-04
1 64 34 2.5347511402340001e-04
1 64 35 2.3015712650489999e-04
1 64 36 2.0689279804790000e-04
1 64 37 1.9163625882240000e-04
1 64 38 1.7550635616890001e-04
1 64 39 1.6248018065619999e-04
1 64 40 1.5498187635460000e-04
1 64 41 1.4526390596689999e-04
1 64 42 1.3751722520750001e-04
1 64 43 1.3020519827580001e-04
1 64 44 1.2314376039660000e-04
1 64 45 1.1737138901880000e-04
1 64 46 1.1465283954499999e-04
1 64 47 1.1020104089040000e-04
1 64 48 1.0630345408490000e-04
1 64 49 1.0352496073700000e-04
1 64 50 1.0304030961510000e-04
1 64 51 9.9663702590436077e-05
1 64 52 9.6454853684541035e-05
1 64 53 9.5912690053673720e-05
1 64 54 9.3732517997503753e-05
1 64 55 9.1544923551874506e-05
1 64 56 9.1834023233786235e-05
1 64 57 9.0787795123523538e-05
1 64 58 8.9304764276676300e-05
1 64 59 8.9013243406690917e-05
1 64 60 8.8377406510284714e-05
1 64 61 8.8669107400194262e-05
1 64 62 8.8175903242718130e-05
1 64 63 1.9307917247715679e-30
1 72 0 2.1712476395069369e-01
1 72 1 5.1855020486518122e-01
1 72 2 4.6603410097496650e-01
1 72 3 3.3553269455593848e-01
1 72 4 2.2810887598087870e-01
1 72 5 1.6020509550139020e-01
1 72 6 1.1188411019152419e-01
1 72 7 8.3737246336617693e-02
1 72 8 6.1757135533456402e-02
1 72 9 4.6880779919865501e-02
1 72 10 3.5584502832615897e-02
1 72 11 2.7769358768857000e-02
1 72 12 2.1408794055420899e-02
1 72 13 1.6795812447193900e-02
1 72 14 1.3190416937708199e-02
1 72 15 1.0224028341759599e-02
1 72 16 8.0873959143194993e-03
1 72 17 6.3589783766043002e-03
1 72 18 5.0567441602439997e-03
1 72 19 4.0339801370299997e-03
1 72 20 3.2191744736727000e-03
1 72 21 2.6026591120206998e-03
1 72 22 2.1170915653094999e-03
1 72 23 1.7373899326440000e-03
1 72 24 1.4200355101304000e-03
1 72 25 1.1809884213333001e-03
1 72 26 9.8259113542659995e-04
1 72 27 8.2351948230870002e-04
1 72 28 7.0442725950879996e-04
1 72 29 5.9810978835730000e-04
1 72 30 5.1501467632280001e-04
1 72 31 4.4687911606810003e-04
1 72 32 3.9949298909530001e-04
1 72 33 3.5353056820439999e-04
1 72 34 3.1377926935580001e-04
1 72 35 2.8004240587159999e-04
1 72 36 2.5245662228039998e-04
1 72 37 2.3368267451910000e-04
1 72 38 2.0946348115970001e-04
1 72 39 1.9889373031679999e-04
1 72 40 1.8493128336849999e-04
1 72 41 1.7398187258079999e-04
1 72 42 1.6017012733030001e-04
1 72 43 1.5517902276380001e-04
1 72 44 1.4451169743470000e-04
1 72 45 1.4008516202150000e-04
1 72 46 1.3271689877720000e-04
1 72 47 1.3018799405270000e-04
1 72 48 1.2375328810079999e-04
1 72 49 1.1857753959860000e-04
1 72 50 1.1756809064530001e-04
1 72 51 1.1308360411600000e-04
1 72 52 1.1153002109770000e-04
1 72 53 1.0977030640420000e-04
1 72 54 1.0695210779369999e-04
1 72 55 1.0736075731410000e-04
1 72 56 1.0322869563559999e-04
1 72 57 1.0358733935070000e-04
1 72 58 1.0187444859399999e-04
1 72 59 1.0221157116350000e-04
1 72 60 1.0171539493500000e-04
1 72 61 1.0049584624930000e-04
1 72 62 1.0201647135470000e-04
1 72 63 2.0318286524548242e-30
1 80 0 2.1219293818709231e-01
1 80 1 4.9221545389986421e-01
1 80 2 4.6549526164718219e-01
1 80 3 3.4126868766917262e-01
1 80 4 2.3719165813443319e-01
1 80 5 1.6742127431145651e-01
1 80 6 1.2047589844501470e-01
1 80 7 8.9740587975475405e-02
1 80 8 6.6364128218127899e-02
1 80 9 5.0850004407087798e-02
1 80 10 3.9907545323723398e-02
1 80 11 3.0486213125011302e-02
1 80 12 2.4028793723879800e-02
1 80 13 1.8753152015468198e-02
1 80 14 1.5056581898804700e-02
1 80 15 1.1689937129643800e-02
1 80 16 9.2658051508787004e-03
1 80 17 7.3866532580345000e-03
1 80 18 5.9185976504704000e-03
1 80 19 4.8033484090916996e-03
1 80 20 3.8601805500841002e-03
1 80 21 3.1183801139674002e-03
1 80 22 2.5101865642196998e-03
1 80 23 2.0901805453312000e-03
1 80 24 1.7125736871457999e-03
1 80 25 1.4271615587815999e-03
1 80 26 1.1906977469422000e-03
1 80 27 1.0067867834255000e-03
1 80 28 8.6650875322270002e-04
1 80 29 7.4066098418199998e-04
1 80 30 6.4595990812439999e-04
1 80 31 5.4480502864460002e-04
1 80 32 4.8240350221660002e-04
1 80 33 4.2520190673030000e-04
1 80 34 3.8603184420969998e-04
1 80 35 3.4183254597970001e-04
1 80 36 3.0959238640499998e-04
1 80 37 2.8108511856629999e-04
1 80 38 2.5901391230920002e-04
1 80 39 2.3307009515700000e-04
1 80 40 2.2155315728539999e-04
1 80 41 2.0522103635299999e-04
1 80 42 1.9314933385070000e-04
1 80 43 1.8566658575210000e-04
1 80 44 1.7154864374139999e-04
1 80 45 1.6461817759280001e-04
1 80 46 1.5823202761500001e-04
1 80 47 1.5239650408420001e-04
1 80 48 1.4364589986769999e-04
1 80 49 1.4160429309480001e-04
1 80 50 1.3732064970300000e-04
1 80 51 1.3310573745530001e-04
1 80 52 1.3121744890480001e-04
1 80 53 1.2713281691020001e-04
1 80 54 1.2343114871500000e-04
1 80 55 1.2283129525850000e-04
1 80 56 1.2180583288700000e-04
1 80 57 1.1818286188270000e-04
1 80 58 1.1782312758280000e-04
1 80 59 1.1916661257610000e-04
1 80 60 1.1736253178050000e-04
1 80 61 1.1764938817410000e-04
1 80 62 1.1732936568020000e-04
1 80 63 2.1405409423384532e-30
1 88 0 2.1179948446224189e-01
1 88 1 4.7893061479666987e-01
1 88 2 4.5794595263979138e-01
1 88 3 3.4632392412077312e-01
1 88 4 2.4434763194635370e-01
1 88 5 1.7448813736446581e-01
1 88 6 1.2736249648293160e-01
1 88 7 9.4208138255881105e-02
1 88 8 7.1042225336309495e-02
1 88 9 5.5150860664412403e-02
1 88 10 4.2858826025391997e-02
1 88 11 3.3512732786007499e-02
1 88 12 2.6246004921652199e-02
1 88 13 2.0635875234976300e-02
1 88 14 1.6189618932276599e-02
1 88 15 1.3274668287241000e-02
1 88 16 1.0413842035098601e-02
1 88 17 8.4645916544787998e-03
1 88 18 6.6897960005050001e-03
1 88 19 5.3465186259692996e-03
1 88 20 4.3394352150053998e-03
1 88 21 3.5971062563309002e-03
1 88 22 2.9653704285504002e-03
1 88 23 2.4051886975886999e-03
1 88 24 1.9967912799990000e-03
1 88 25 1.6559703194659000e-03
1 88 26 1.4163606841189000e-03
1 88 27 1.1727338062387000e-03
1 88 28 1.0191046721581001e-03
1 88 29 8.5719158081869998e-04
1 88 30 7.4495459322880000e-04
1 88 31 6.4999907903490000e-04
1 88 32 5.6938398704749996e-04
1 88 33 5.0382697760049998e-04
1 88 34 4.5089566310150002e-04
1 88 35 4.0368278862020000e-04
1 88 36 3.6561502340479998e-04
1 88 37 3.3402474046949999e-04
1 88 38 3.0370858873819998e-04
1 88 39 2.8085344271210001e-04
1 88 40 2.6078525347419999e-04
1 88 41 2.4266567344320000e-04
1 88 42 2.2778775399060001e-04
1 88 43 2.1468759758160001e-04
1 88 44 2.0289886763210000e-04
1 88 45 1.9037189980340000e-04
1 88 46 1.8452798670400000e-04
1 88 47 1.7644806027840000e-04
1 88 48 1.6992857148789999e-04
1 88 49 1.6244903900490001e-04
1 88 50 1.6068977063390000e-04
1 88 51 1.5582996369410001e-04
1 88 52 1.5023178495170001e-04
1 88 53 1.4755403373509999e-04
1 88 54 1.4510291073500001e-04
1 88 55 1.4325641706410000e-04
1 88 56 1.3883438874330001e-04
1 88 57 1.3990795062600000e-04
1 88 58 1.3674833372930001e-04
1 88 59 1.3735985996239999e-04
1 88 60 1.3664689715310000e-04
1 88 61 1.3458379423460001e-04
1 88 62 1.3493448366479999e-04
1 88 63 2.2798812243820572e-30
1 96 0 2.0220319520623359e-01
1 96 1 4.7656810782709519e-01
1 96 2 4.6482892687977179e-01
1 96 3 3.5257758699143588e-01
1 96 4 2.4920134608244571e-01
1 96 5 1.7964217266428301e-01
1 96 6 1.3118340858090849e-01
1 96 7 1.0089280878953300e-01
1 96 8 7.6571000013579096e-02
1 96 9 5.7728055066602300e-02
1 96 10 4.5618136692086197e-02
1 96 11 3.6086831020446797e-02
1 96 12 2.8237903031837600e-02
1 96 13 2.2410113544417600e-02
1 96 14 1.8051273789720799e-02
1 96 15 1.4413683747574201e-02
1 96 16 1.1563891624579299e-02
1 96 17 9.2158243290026993e-03
1 96 18 7.4926741822128997e-03
1 96 19 6.1127909817845997e-03
1 96 20 4.9961126581131001e-03
1 96 21 4.0291651600632000e-03
1 96 22 3.3025931931896001e-03
1 96 23 2.7546803973409000e-03
1 96 24 2.2767982666085998e-03
1 96 25 1.9032036360898000e-03
1 96 26 1.6111952185391999e-03
1 96 27 1.3640429968678001e-03
1 96 28 1.1632355572885999e-03
1 96 29 1.0230665244946001e-03
1 96 30 8.6911475145720000e-04
1 96 31 7.6219595075189997e-04
1 96 32 6.7623528850009997e-04
1 96 33 5.7516639928880005e-04
1 96 34 5.2721634437680003e-04
1 96 35 4.7422079816120003e-04
1 96 36 4.2586683730779998e-04
1 96 37 3.8995143968550001e-04
1 96 38 3.5356778712200001e-04
1 96 39 3.2121803228409999e-04
1 96 40 3.0417570471299998e-04
1 96 41 2.7947427970189998e-04
1 96 42 2.6315853244120001e-04
1 96 43 2.5094152797149998e-04
1 96 44 2.3722972021460000e-04
1 96 45 2.2525865206350000e-04
1 96 46 2.1445535041550001e-04
1 96 47 2.0634045168940000e-04
1 96 48 1.9778199628940000e-04
1 96 49 1.8948373137749999e-04
1 96 50 1.8625461144070000e-04
1 96 51 1.7905664651949999e-04
1 96 52 1.7372015164119999e-04
1 96 53 1.7076871477090001e-04
1 96 54 1.6912863719830001e-04
1 96 55 1.6609659852229999e-04
1 96 56 1.6227809256360001e-04
1 96 57 1.6082080197129999e-04
1 96 58 1.5748030609520001e-04
1 96 59 1.5945365234059999e-04
1 96 60 1.5770398669080001e-04
1 96 61 1.5856882430220000e-04
1 96 62 1.5684954304320001e-04
1 96 63 2.3265740848578598e-30
1 104 0 2.1103474599872690e-01
1 104 1 4.6949019256981261e-01
1 104 2 4.6241832176418191e-01
1 104 3 3.5419413068642880e-01
1 104 4 2.5437009720947590e-01
1 104 5 1.8397927893098981e-01
1 104 6 1.3771864167740919e-01
1 104 7 1.0293814235659721e-01
1 104 8 7.8579164192686596e-02
1 104 9 6.0855738426188098e-02
1 104 10 4.7607783063864997e-02
1 104 11 3.7655866080639103e-02
1 104 12 3.0035283483161299e-02
1 104 13 2.4220686243898101e-02
1 104 14 1.9192917992692900e-02
1 104 15 1.5469670119847900e-02
1 104 16 1.2382301366164300e-02
1 104 17 1.0001225175443501e-02
1 104 18 8.0669393322997992e-03
1 104 19 6.4855980394853000e-03
1 104 20 5.3776523534949001e-03
1 104 21 4.3825400927504999e-03
1 104 22 3.5434433251510002e-03
1 104 23 3.0254877240782998e-03
1 104 24 2.5096206153104000e-03
1 104 25 2.0954325009464002e-03
1 104 26 1.7748862704012999e-03
1 104 27 1.5183682156926000e-03
1 104 28 1.3187297287135999e-03
1 104 29 1.1261579146670999e-03
1 104 30 9.6564130148629995e-04
1 104 31 8.5766851275969995e-04
1 104 32 7.4142244882100005e-04
1 104 33 6.5595628311120003e-04
1 104 34 5.9639233037840004e-04
1 104 35 5.3901889801930003e-04
1 104 36 4.8416013474010002e-04
1 104 37 4.4415712401500002e-04
1 104 38 4.0416590544920000e-04
1 104 39 3.7932704175669998e-04
1 104 40 3.4661154361089998e-04
1 104 41 3.2196503325040000e-04
1 104 42 2.9941330047049999e-04
1 104 43 2.8478136279919998e-04
1 104 44 2.6819757345910000e-04
1 104 45 2.5478559415589998e-04
1 104 46 2.4140815855300000e-04
1 104 47 2.3892295111069999e-04
1 104 48 2.2371384439870000e-04
1 104 49 2.1431747905360001e-04
1 104 50 2.0815677218739999e-04
1 104 51 2.0652320009250001e-04
1 104 52 1.9851356563360000e-04
1 104 53 1.9275676329660001e-04
1 104 54 1.9188270397109999e-04
1 104 55 1.8658175319599999e-04
1 104 56 1.8291791498990001e-04
1 104 57 1.8339642908100001e-04
1 104 58 1.8148199364089999e-04
1 104 59 1.7877371032040001e-04
1 104 60 1.7612960308100001e-04
1 104 61 1.7926412717080001e-04
1 104 62 1.7754303605440000e-04
1 104 63 2.4194057819234067e-30
4 0 0 1.2111583411421032e+00
4 0 1 5.9594128522514798e-02
4 0 2 1.4747037091297200e-02
4 0 3 7.1841000559665002e-03
4 0 4 3.9766760007018996e-03
4 0 5 2.5358919231552000e-03
4 0 6 1.7539079338067000e-03
4 0 7 1.3020472818414000e-03
4 0 8 1.0345218657672000e-03
4 0 9 8.0787896590800001e-04
4 0 10 6.6863599523750005e-04
4 0 11 5.4656461781090002e-04
4 0 12 4.6865798495749998e-04
4 0 13 3.9361734684470001e-04
4 0 14 3.4658346884419998e-04
4 0 15 3.0557256842369998e-04
4 0 16 2.7290105605199999e-04
4 0 17 2.5284380840630001e-04
4 0 18 2.2378402183650001e-04
4 0 19 2.0484757053460000e-04
4 0 20 1.8409053320150000e-04
4 0 21 1.7333203796530001e-04
4 0 22 1.5973868610500000e-04
4 0 23 1.4699892198650000e-04
4 0 24 1.3867641987209999e-04
4 0 25 1.2918089495300001e-04
4 0 26 1.2454527005560000e-04
4 0 27 1.1581643369670000e-04
4 0 28 1.1112909846340000e-04
4 0 29 1.0491751525230000e-04
4 0 30 9.9687333152756639e-05
4 0 31 9.5090745050729038e-05
4 0 32 9.3411764163175558e-05
4 0 33 8.8214605805841804e-05
4 0 34 8.5574771231556622e-05
4 0 35 8.3631271791608031e-05
4 0 36 8.1454381465913487e-05
4 0 37 7.6948089821621721e-05
4 0 38 7.5700005005228555e-05
4 0 39 7.3854458090441585e-05
4 0 40 7.1162318086738651e-05
4 0 41 6.9128917672561265e-05
4 0 42 6.8926083245976759e-05
4 0 43 6.7689864979338110e-05
4 0 44 6.5723506599291983e-05
4 0 45 6.4702872769159046e-05
4 0 46 6.3244370791869478e-05
4 0 47 6.1966020075833231e-05
4 0 48 6.1006835105583622e-05
4 0 49 6.0945311588674723e-05
4 0 50 5.9741714554533683e-05
4 0 51 5.7598986051695285e-05
4 0 52 5.8033924628516674e-05
4 0 53 5.7705936247943590e-05
4 0 54 5.6757479934413289e-05
4 0 55 5.7206381889629024e-05
4 0 56 5.6479414035463160e-05
4 0 57 5.5591557294185819e-05
4 0 58 5.6011499471823713e-05
4 0 59 5.5419125391564224e-05
4 0 60 5.6017882993277592e-05
4 0 61 5.5488522254559438e-05
4 0 62 5.5050634369849798e-05
4 0 63 3.2404024792122963e-30
4 8 0 8.2704982008150674e-01
4 8 1 5.9392116010461216e-01
4 8 2 1.5093597147929769e-01
4 8 3 5.7305500826198799e-02
4 8 4 2.6988645595388799e-02
4 8 5 1.3371853019233999e-02
4 8 6 7.5790462943976997e-03
4 8 7 4.5217137204277003e-03
4 8 8 2.7621301254263002e-03
4 8 9 1.8638065652122999e-03
4 8 10 1.2811125888766001e-03
4 8 11 9.2453779846529997e-04
4 8 12 6.9954235820400004e-04
4 8 13 5.4626871138400003e-04
4 8 14 4.5306854483340001e-04
4 8 15 3.8128972613809999e-04
4 8 16 3.2038963187410000e-04
4 8 17 2.7958620032219998e-04
4 8 18 2.4914836827640002e-04
4 8 19 2.1738623066100001e-04
4 8 20 1.9909840725980000e-04
4 8 21 1.8496256166920000e-04
4 8 22 1.6867534684810001e-04
4 8 23 1.5430382148719999e-04
4 8 24 1.4387447738589999e-04
4 8 25 1.3428641041749999e-04
4 8 26 1.2596424104430000e-04
4 8 27 1.1911361394690000e-04
4 8 28 1.1348281519900000e-04
4 8 29 1.0744276533010000e-04
4 8 30 1.0219033347520000e-04
4 8 31 9.7951832142920554e-05
4 8 32 9.4178139126645634e-05
4 8 33 8.8835599514472489e-05
4 8 34 8.6847293918991051e-05
4 8 35 8.4375860507666971e-05
4 8 36 8.1524675538682299e-05
4 8 37 7.7768333046761236e-05
4 8 38 7.6207807671602542e-05
4 8 39 7.3486822408808379e-05
4 8 40 7.3119068399719850e-05
4 8 41 7.0290885568642132e-05
4 8 42 6.8713137317687173e-05
4 8 43 6.7554761368789166e-05
4 8 44 6.5579371383641549e-05
4 8 45 6.4342434946581113e-05
4 8 46 6.4306749475753679e-05
4 8 47 6.2773085703657296e-05
4 8 48 6.2090933540847514e-05
4 8 49 6.0810018777089613e-05
4 8 50 6.0888970285755351e-05
4 8 51 5.9992968485887018e-05
4 8 52 5.8715863004583685e-05
4 8 53 5.7525977483317360e-05
4 8 54 5.7205052192916878e-05
4 8 55 5.6579956360571385e-05
4 8 56 5.5878791120163001e-05
4 8 57 5.6343334866454308e-05
4 8 58 5.6027361880131720e-05
4 8 59 5.6062012470385530e-05
4 8 60 5.5178810248324658e-05
4 8 61 5.4694399797085163e-05
4 8 62 5.5197226860673673e-05
4 8 63 2.3556358466087431e-30
4 16 0 3.6293345264308469e-01
4 16 1 8.0604069213668383e-01
4 16 2 4.4849451410669422e-01
4 16 3 2.2333715040664651e-01
4 16 4 1.2162310277977370e-01
4 16 5 7.3103756499847197e-02
4 16 6 4.5050753023024102e-02
4 16 7 2.8305198511894700e-02
4 16 8 1.8504212907368599e-02
4 16 9 1.1855916259873900e-02
4 16 10 7.7571404781269001e-03
4 16 11 5.1159149603903003e-03
4 16 12 3.4539384252605001e-03
4 16 13 2.4023419709170001e-03
4 16 14 1.6727395923127001e-03
4 16 15 1.2098856993277001e-03
4 16 16 8.9451057212780005e-04
4 16 17 6.7722793821629998e-04
4 16 18 5.2681550766820004e-04
4 16 19 4.1348470343990001e-04
4 16 20 3.4119802446219997e-04
4 16 21 2.8368651490159999e-04
4 16 22 2.4112950766069999e-04
4 16 23 2.1018863227580001e-04
4 16 24 1.8440049158970000e-04
4 16 25 1.6798651215319999e-04
4 16 26 1.5387227044970001e-04
4 16 27 1.3881242659210001e-04
4 16 28 1.2862324855390000e-04
4 16 29 1.2092208931550000e-04
4 16 30 1.1170470203840000e-04
4 16 31 1.0746061466790000e-04
4 16 32 1.0100137117570000e-04
4 16 33 9.6570745000495640e-05
4 16 34 9.2332455524942795e-05
4 16 35 8.8960376846811408e-05
4 16 36 8.5595990698903471e-05
4 16 37 8.1936599653100080e-05
4 16 38 7.7784752721376670e-05
4 16 39 7.6725557707833252e-05
4 16 40 7.4529913680274157e-05
4 16 41 7.3124995850586876e-05
4 16 42 7.0851089509184383e-05
4 16 43 6.9372796387588551e-05
4 16 44 6.7548829956471656e-05
4 16 45 6.6075867575436331e-05
4 16 46 6.5419682838294661e-05
4 16 47 6.4029939244399642e-05
4 16 48 6.2404269846964822e-05
4 16 49 6.2714743842338117e-05
4 16 50 6.1198360440413213e-05
4 16 51 6.0270229894222430e-05
4 16 52 6.0314123095674881e-05
4 16 53 5.9167655501884602e-05
4 16 54 5.9266592296711038e-05
4 16 55 5.8718659583297921e-05
4 16 56 5.7805008186347873e-05
4 16 57 5.7735326893145862e-05
4 16 58 5.6524699312395497e-05
4 16 59 5.6991290006388611e-05
4 16 60 5.7109862479082780e-05
4 16 61 5.6697568903924501e-05
4 16 62 5.7444187086755052e-05
4 16 63 1.5905884987684274e-30
4 32 0 2.3524610519546560e-01
4 32 1 6.2532876144316885e-01
4 32 2 5.0942582470663655e-01
4 32 3 3.3112753466742489e-01
4 32 4 2.0875206779938460e-01
4 32 5 1.3477768110692451e-01
4 32 6 9.0715949537672494e-02
4 32 7 6.3269592240413702e-02
4 32 8 4.4088782755535398e-02
4 32 9 3.1783128001914997e-02
4 32 10 2.2941983673492001e-02
4 32 11 1.6819979329456600e-02
4 32 12 1.2348294874426400e-02
4 32 13 8.9238968595623993e-03
4 32 14 6.5743935288129999e-03
4 32 15 4.8258496179100002e-03
4 32 16 3.6409961734363001e-03
4 32 17 2.6872882499275998e-03
4 32 18 2.0382514547333001e-03
4 32 19 1.5778454439520999e-03
4 32 20 1.2089936396675000e-03
4 32 21 9.4533806116740002e-04
4 32 22 7.5787887053329998e-04
4 32 23 5.9881601879219995e-04
4 32 24 4.9648580868490004e-04
4 32 25 4.1195024956620002e-04
4 32 26 3.3843165522759997e-04
4 32 27 2.8645227121360000e-04
4 32 28 2.5037500891559998e-04
4 32 29 2.1583310413830000e-04
4 32 30 1.9471741316000001e-04
4 32 31 1.7150396066160001e-04
4 32 32 1.5470485050790000e-04
4 32 33 1.4177401384060000e-04
4 32 34 1.3035182535529999e-04
4 32 35 1.2359808885940000e-04
4 32 36 1.1352061176710000e-04
4 32 37 1.0800331198380000e-04
4 32 38 1.0094537083560000e-04
4 32 39 9.5490904641861715e-05
4 32 40 9.2367060702755246e-05
4 32 41 8.9455032928896592e-05
4 32 42 8.4329722672834279e-05
4 32 43 8.2550930328427821e-05
4 32 44 8.0341233573590410e-05
4 32 45 7.8630034865005452e-05
4 32 46 7.4948571184682371e-05
4 32 47 7.4893770352628953e-05
4 32 48 7.2258851805862890e-05
4 32 49 7.1668364648329861e-05
4 32 50 6.9111315849669454e-05
4 32 51 6.8027678802005291e-05
4 32 52 6.7392350425864725e-05
4 32 53 6.6256049707309677e-05
4 32 54 6.6803743716797447e-05
4 32 55 6.4432363332032099e-05
4 32 56 6.4772485523711943e-05
4 32 57 6.3866204353746884e-05
4 32 58 6.3245284818723655e-05
4 32 59 6.3446082867235103e-05
4 32 60 6.2903438361003777e-05
4 32 61 6.2755598679434780e-05
4 32 62 6.2472874940241684e-05
4 32 63 1.7202972208267072e-30
4 48 0 2.4871151425363330e-01
4 48 1 6.0515931426853797e-01
4 48 2 5.2062322438023068e-01
4 48 3 3.4896750141766492e-01
4 48 4 2.2504550895250369e-01
4 48 5 1.5239913258065699e-01
4 48 6 1.0503281844529570e-01
4 48 7 7.5309503543691994e-02
4 48 8 5.3815228027239599e-02
4 48 9 3.9720247698045601e-02
4 48 10 2.9356334764944800e-02
4 48 11 2.1032707753163699e-02
4 48 12 1.5601613961547300e-02
4 48 13 1.1677805059787300e-02
4 48 14 8.7271619385305994e-03
4 48 15 6.5673934501157003e-03
4 48 16 4.9943468045550998e-03
4 48 17 3.8742069317819002e-03
4 48 18 2.9542255135232001e-03
4 48 19 2.2875182009538999e-03
4 48 20 1.7925797626407000e-03
4 48 21 1.4207329070277999e-03
4 48 22 1.1467361092147999e-03
4 48 23 9.2454865097839995e-04
4 48 24 7.5193635138730004e-04
4 48 25 6.3624270752519997e-04
4 48 26 5.3556217678149998e-04
4 48 27 4.5384788188700001e-04
4 48 28 3.9536271974600001e-04
4 48 29 3.3173348474930002e-04
4 48 30 2.9289191980170001e-04
4 48 31 2.6142222473530001e-04
4 48 32 2.3330767274450001e-04
4 48 33 2.0902110643250001e-04
4 48 34 1.9073116593150001e-04
4 48 35 1.7335529349319999e-04
4 48 36 1.5997108911379999e-04
4 48 37 1.5239440779190000e-04
4 48 38 1.4160318992970000e-04
4 48 39 1.2982743007090001e-04
4 48 40 1.2475513672750000e-04
4 48 41 1.1910870322270000e-04
4 48 42 1.1251334783830000e-04
4 48 43 1.0708885320460000e-04
4 48 44 1.0285411722010000e-04
4 48 45 9.8908829218707922e-05
4 48 46 9.6123560710420722e-05
4 48 47 9.3387570731096422e-05
4 48 48 8.9966263220875149e-05
4 48 49 8.6700532500225358e-05
4 48 50 8.4858402859909148e-05
4 48 51 8.3893090196092353e-05
4 48 52 8.0789554342315515e-05
4 48 53 8.0775609845176377e-05
4 48 54 8.0160888819447043e-05
4 48 55 7.9089071031433490e-05
4 48 56 7.8378954228270362e-05
4 48 57 7.6691074169625019e-05
4 48 58 7.7315927583772095e-05
4 48 59 7.6325401383071378e-05
4 48 60 7.6734253169864698e-05
4 48 61 7.5494201934427275e-05
4 48 62 7.4185497295032528e-05
4 48 63 1.9764137948216960e-30
4 64 0 2.7573317049040180e-01
4 64 1 6.2715328013158267e-01
4 64 2 5.4949242508201546e-01
4 64 3 3.7250085652529680e-01
4 64 4 2.4382255464339100e-01
4 64 5 1.6625403639368391e-01
4 64 6 1.1534816313845440e-01
4 64 7 8.4993926293863403e-02
4 64 8 6.0629422630594898e-02
4 64 9 4.4170311464695203e-02
4 64 10 3.2952892698848900e-02
4 64 11 2.3899903673100100e-02
4 64 12 1.7690993832108599e-02
4 64 13 1.3470748700336901e-02
4 64 14 1.0089042956179600e-02
4 64 15 7.7519405168839997e-03
4 64 16 5.7666044084839999e-03
4 64 17 4.5126692767783003e-03
4 64 18 3.5215354620842000e-03
4 64 19 2.7869501233275000e-03
4 64 20 2.2061499582414000e-03
4 64 21 1.8040979004727000e-03
4 64 22 1.4432206784687001e-03
4 64 23 1.1660629704059000e-03
4 64 24 9.8194309402710000e-04
4 64 25 8.2661390334980004e-04
4 64 26 7.0039452640269998e-04
4 64 27 5.9889853998869997e-04
4 64 28 5.2001755745459996e-04
4 64 29 4.5346038034360002e-04
4 64 30 3.9733102134799998e-04
4 64 31 3.5414659439879999e-04
4 64 32 3.1611822494680001e-04
4 64 33 2.8875370827560000e-04
4 64 34 2.6309583647120000e-04
4 64 35 2.3781024966759999e-04
4 64 36 2.1982753009420000e-04
4 64 37 2.0363208313860001e-04
4 64 38 1.8701088642970000e-04
4 64 39 1.7340883695770001e-04
4 64 40 1.6536635393780001e-04
4 64 41 1.5765960315240000e-04
4 64 42 1.4891581192659999e-04
4 64 43 1.4062947061030000e-04
4 64 44 1.3551164579690000e-04
4 64 45 1.2997512615340001e-04
4 64 46 1.2524534274059999e-04
4 64 47 1.2077228309819999e-04
4 64 48 1.1571548757960000e-04
4 64 49 1.1457258122660000e-04
4 64 50 1.0849028066990000e-04
4 64 51 1.0790181404390001e-04
4 64 52 1.0413215172699999e-04
4 64 53 1.0294054339390000e-04
4 64 54 1.0064095803250000e-04
4 64 55 1.0035497405800000e-04
4 64 56 9.8727696960445444e-05
4 64 57 9.6230620766291959e-05
4 64 58 9.6907947051647715e-05
4 64 59 9.5425313079157517e-05
4 64 60 9.5782216406078060e-05
4 64 61 9.4853217671527526e-05
4 64 62 9.2843708042453083e-05
4 64 63 2.1784499872786617e-30
4 72 0 2.9516320984938721e-01
4 72 1 6.5062912550400764e-01
4 72 2 5.6273490308694640e-01
4 72 3 3.9088425114095510e-01
4 72 4 2.5119005035532088e-01
4 72 5 1.7454367225229780e-01
4 72 6 1.2239700057050081e-01
4 72 7 8.7259273737497603e-02
4 72 8 6.3130321989925603e-02
4 72 9 4.5837893101945602e-02
4 72 10 3.4560940544824399e-02
4 72 11 2.5070066717921499e-02
4 72 12 1.8643959992995399e-02
4 72 13 1.4159599175037001e-02
4 72 14 1.0491489989196400e-02
4 72 15 8.2931005185771997e-03
4 72 16 6.2549598709348998e-03
4 72 17 4.8826522719791002e-03
4 72 18 3.8071707074958999e-03
4 72 19 3.0536104362260002e-03
4 72 20 2.4655102170812000e-03
4 72 21 1.9569824322501999e-03
4 72 22 1.6418161660966000e-03
4 72 23 1.3386192328501999e-03
4 72 24 1.1174944601767000e-03
4 72 25 9.4406518486189999e-04
4 72 26 7.9800407434660000e-04
4 72 27 6.8683541047099997e-04
4 72 28 5.9921697043919999e-04
4 72 29 5.1537853184410005e-04
4 72 30 4.6539181677770000e-04
4 72 31 4.1603876350420000e-04
4 72 32 3.6757532098880002e-04
4 72 33 3.3143963163700002e-04
4 72 34 3.0465569379609997e-04
4 72 35 2.7950687802430003e-04
4 72 36 2.5653278709910000e-04
4 72 37 2.3805820048180000e-04
4 72 38 2.1959764788099999e-04
4 72 39 2.0671565761700000e-04
4 72 40 1.9310741720729999e-04
4 72 41 1.8333311029360001e-04
4 72 42 1.7074068816470001e-04
4 72 43 1.6374817926159999e-04
4 72 44 1.5882186228209999e-04
4 72 45 1.5234991495190000e-04
4 72 46 1.4763022319759999e-04
4 72 47 1.3920062489180000e-04
4 72 48 1.3470950019980001e-04
4 72 49 1.3049837050410000e-04
4 72 50 1.2748209060289999e-04
4 72 51 1.2466661603480000e-04
4 72 52 1.2232013879580000e-04
4 72 53 1.1904220705340000e-04
4 72 54 1.1765807247739999e-04
4 72 55 1.1655403502070000e-04
4 72 56 1.1484134889690000e-04
4 72 57 1.1385002780700000e-04
4 72 58 1.1153011238680001e-04
4 72 59 1.1082352123470001e-04
4 72 60 1.0748710474229999e-04
4 72 61 1.0855010631470000e-04
4 72 62 1.0849311413280001e-04
4 72 63 2.2686514332298364e-30
4 80 0 3.2580567601899291e-01
4 80 1 6.5659030050445388e-01
4 80 2 5.9263550600952719e-01
4 80 3 4.0183421929302132e-01
4 80 4 2.6842481305665161e-01
4 80 5 1.8057452400043170e-01
4 80 6 1.2728395918065291e-01
4 80 7 9.1030841586477507e-02
4 80 8 6.5769907168532898e-02
4 80 9 4.8436306934452597e-02
4 80 10 3.5754817843989997e-02
4 80 11 2.6433887699590999e-02
4 80 12 1.9906669953534701e-02
4 80 13 1.4829782894517699e-02
4 80 14 1.1364228615149900e-02
4 80 15 8.6959743667697001e-03
4 80 16 6.6816820957025999e-03
4 80 17 5.2226170273371002e-03
4 80 18 4.1260070350292999e-03
4 80 19 3.3213367892701998e-03
4 80 20 2.6669131162385001e-03
4 80 21 2.2047156730861999e-03
4 80 22 1.7833634580101999e-03
4 80 23 1.4953803982933999e-03
4 80 24 1.2488449387533999e-03
4 80 25 1.0629429671767999e-03
4 80 26 8.9872743346880001e-04
4 80 27 7.8458760984159996e-04
4 80 28 6.8130092518230005e-04
4 80 29 6.0596191690109999e-04
4 80 30 5.3547100158559996e-04
4 80 31 4.7913100520949998e-04
4 80 32 4.2908218966849999e-04
4 80 33 3.8917138621959998e-04
4 80 34 3.5218322306029999e-04
4 80 35 3.2623031284019998e-04
4 80 36 3.0359530814870001e-04
4 80 37 2.7995758971150001e-04
4 80 38 2.6287074480789999e-04
4 80 39 2.4049387002139999e-04
4 80 40 2.2719729165510000e-04
4 80 41 2.1694950794350000e-04
4 80 42 2.0750885617490001e-04
4 80 43 1.9849992897920000e-04
4 80 44 1.8711019635590001e-04
4 80 45 1.8284271488960000e-04
4 80 46 1.7075605901600000e-04
4 80 47 1.6691857316780001e-04
4 80 48 1.5902413581670000e-04
4 80 49 1.5871681444140000e-04
4 80 50 1.5163069895370000e-04
4 80 51 1.4948500427940000e-04
4 80 52 1.4789588428289999e-04
4 80 53 1.4268442437900000e-04
4 80 54 1.4001388648669999e-04
4 80 55 1.3831344850900000e-04
4 80 56 1.3497920865880001e-04
4 80 57 1.3375982362060000e-04
4 80 58 1.3253970176570001e-04
4 80 59 1.3132714836970000e-04
4 80 60 1.3083712123640001e-04
4 80 61 1.2864174657360001e-04
4 80 62 1.3544098922969999e-04
4 80 63 2.4131762775832212e-30
4 88 0 3.4405181666541779e-01
4 88 1 6.9655394229667633e-01
4 88 2 6.2141488106148213e-01
4 88 3 4.1881484504094552e-01
4 88 4 2.7897254963630658e-01
4 88 5 1.9195253896143641e-01
4 88 6 1.3263031764599639e-01
4 88 7 9.5657260554107906e-02
4 88 8 6.9209105304048002e-02
4 88 9 5.1208568548088799e-02
4 88 10 3.7536380007778800e-02
4 88 11 2.8036667729359002e-02
4 88 12 2.1276770505307199e-02
4 88 13 1.6052907743377798e-02
4 88 14 1.2120481020075400e-02
4 88 15 9.3507571984164997e-03
4 88 16 7.2628164632674999e-03
4 88 17 5.6637455547293002e-03
4 88 18 4.5833748786231997e-03
4 88 19 3.6374698866412001e-03
4 88 20 2.9200000039612001e-03
4 88 21 2.4229190120468999e-03
4 88 22 2.0075652402292000e-03
4 88 23 1.6800615380223999e-03
4 88 24 1.4299246585147000e-03
4 88 25 1.2118960091752999e-03
4 88 26 1.0418116949083001e-03
4 88 27 8.9613750103489996e-04
4 88 28 7.8194196618480000e-04
4 88 29 6.9379742657630001e-04
4 88 30 6.2493859754180002e-04
4 88 31 5.6002113651949998e-04
4 88 32 5.0902339821799997e-04
4 88 33 4.6513778135899998e-04
4 88 34 4.2497817111330003e-04
4 88 35 3.9530701558790002e-04
4 88 36 3.6268898243010001e-04
4 88 37 3.3911580520680002e-04
4 88 38 3.1494015882150000e-04
4 88 39 2.9666057932489998e-04
4 88 40 2.8030117127480001e-04
4 88 41 2.6678290180429999e-04
4 88 42 2.5034949751050000e-04
4 88 43 2.4068941269719999e-04
4 88 44 2.3175431618380001e-04
4 88 45 2.1704901059900001e-04
4 88 46 2.1407692726990000e-04
4 88 47 2.0670135705450001e-04
4 88 48 1.9889304445239999e-04
4 88 49 1.9387676819630000e-04
4 88 50 1.8902043678170000e-04
4 88 51 1.8551433650590001e-04
4 88 52 1.8007458373469999e-04
4 88 53 1.7704333057300001e-04
4 88 54 1.7206719055160000e-04
4 88 55 1.6801012374589999e-04
4 88 56 1.6723534115919999e-04
4 88 57 1.6588647218610000e-04
4 88 58 1.6383547264750000e-04
4 88 59 1.6137377095100001e-04
4 88 60 1.5802592617700001e-04
4 88 61 1.5683086570830000e-04
4 88 62 1.6687284681340001e-04
4 88 63 2.5217354636215733e-30
4 96 0 3.6953892653486459e-01
4 96 1 7.2464110314598373e-01
4 96 2 6.5060543201680776e-01
4 96 3 4.4775553296449178e-01
4 96 4 2.9475183229863500e-01
4 96 5 2.0124516877007509e-01
4 96 6 1.4068049702977020e-01
4 96 7 1.0190848574159460e-01
4 96 8 7.3611389948492201e-02
4 96 9 5.5201776289668499e-02
4 96 10 4.0155768359766399e-02
4 96 11 2.9734258445476499e-02
4 96 12 2.2331377955201102e-02
4 96 13 1.7222404067041501e-02
4 96 14 1.3285868657298200e-02
4 96 15 1.0144183002008899e-02
4 96 16 7.9190407049795995e-03
4 96 17 6.2285004911433002e-03
4 96 18 4.9804657431443003e-03
4 96 19 4.0097841413105004e-03
4 96 20 3.2686183288240999e-03
4 96 21 2.6836592852224998e-03
4 96 22 2.2402591181742001e-03
4 96 23 1.8762714724680999e-03
4 96 24 1.6026629990683000e-03
4 96 25 1.3762903903725000e-03
4 96 26 1.1935544903354000e-03
4 96 27 1.0356573012226000e-03
4 96 28 9.3753211746490004e-04
4 96 29 8.2590950602230001e-04
4 96 30 7.2770092871399998e-04
4 96 31 6.6343857511249997e-04
4 96 32 5.9667679511879999e-04
4 96 33 5.4440245311140000e-04
4 96 34 5.0050337767949999e-04
4 96 35 4.7149429897119999e-04
4 96 36 4.3745002675410000e-04
4 96 37 4.0723671743240000e-04
4 96 38 3.8531933426100002e-04
4 96 39 3.6178326454030000e-04
4 96 40 3.3903393603310002e-04
4 96 41 3.2533596104180002e-04
4 96 42 3.0798570316530001e-04
4 96 43 2.9699350303200001e-04
4 96 44 2.8511325699789999e-04
4 96 45 2.7702689619319999e-04
4 96 46 2.6421769773489999e-04
4 96 47 2.5306426739120000e-04
4 96 48 2.4842351566430000e-04
4 96 49 2.4186881855359999e-04
4 96 50 2.3745751733850000e-04
4 96 51 2.2812207802140001e-04
4 96 52 2.2304058811560001e-04
4 96 53 2.2170951087819999e-04
4 96 54 2.2014861201180000e-04
4 96 55 2.1361888647220001e-04
4 96 56 2.1165790096509999e-04
4 96 57 2.0706989533790000e-04
4 96 58 2.0657192503270000e-04
4 96 59 2.0332623821050000e-04
4 96 60 1.9877469515130000e-04
4 96 61 1.9918906123090000e-04
4 96 62 2.2174673698820000e-04
4 96 63 2.7072619078052040e-30
4 104 0 3.9575111067994689e-01
4 104 1 7.2932781787613410e-01
4 104 2 6.8849394070153191e-01
4 104 3 4.6783163014646029e-01
4 104 4 3.1016976610779001e-01
4 104 5 2.1261446917833859e-01
4 104 6 1.5060214627052751e-01
4 104 7 1.0885312169180780e-01
4 104 8 7.9615493716499106e-02
4 104 9 5.8655990878930600e-02
4 104 10 4.3691026681229400e-02
4 104 11 3.3165957220750698e-02
4 104 12 2.5160032256064200e-02
4 104 13 1.9003275681772701e-02
4 104 14 1.4502825840901800e-02
4 104 15 1.1241473057679700e-02
4 104 16 8.7449029195728004e-03
4 104 17 6.9661235754203002e-03
4 104 18 5.5899189365698002e-03
4 104 19 4.4960416764265000e-03
4 104 20 3.6670966511765002e-03
4 104 21 3.0373533654700002e-03
4 104 22 2.5307472462461999e-03
4 104 23 2.1512332860540002e-03
4 104 24 1.8502356366781999e-03
4 104 25 1.5813645541381000e-03
4 104 26 1.3601936353147999e-03
4 104 27 1.1902687845674999e-03
4 104 28 1.0566830383254000e-03
4 104 29 9.5135938583669998e-04
4 104 30 8.4546900527080002e-04
4 104 31 7.6964264647490005e-04
4 104 32 6.9899785560960002e-04
4 104 33 6.3570523764689996e-04
4 104 34 5.9683384654930002e-04
4 104 35 5.5229211442469998e-04
4 104 36 5.1124228379960000e-04
4 104 37 4.8215963915589999e-04
4 104 38 4.5733991636119999e-04
4 104 39 4.3033557756410001e-04
4 104 40 4.0817136602829999e-04
4 104 41 3.9263246135870001e-04
4 104 42 3.7663766565509998e-04
4 104 43 3.5374439820229998e-04
4 104 44 3.4412496984350001e-04
4 104 45 3.3146208478370000e-04
4 104 46 3.1673545868809999e-04
4 104 47 3.1208672093480002e-04
4 104 48 3.0026602343740001e-04
4 104 49 2.9488033412959999e-04
4 104 50 2.8447496155620001e-04
4 104 51 2.7900890799680000e-04
4 104 52 2.7672233279250002e-04
4 104 53 2.7458216340520001e-04
4 104 54 2.6371215643959997e-04
4 104 55 2.6520083327979997e-04
4 104 56 2.6044870370389999e-04
4 104 57 2.5756770146109998e-04
4 104 58 2.5366519740760001e-04
4 104 59 2.4825044552070002e-04
4 104 60 2.4567014869199998e-04
4 104 61 2.5112329736730002e-04
4 104 62 2.8342273408260002e-04
4 104 63 2.8339648237123732e-30
7 0 0 1.2078912729088431e+00
7 0 1 6.4085742869062504e-02
7 0 2 1.6831431643200601e-02
7 0 3 6.9437669318059003e-03
7 0 4 3.9237566346140996e-03
7 0 5 2.5665145384108998e-03
7 0 6 1.8228948241706001e-03
7 0 7 1.3325895513615999e-03
7 0 8 9.9788787914690006e-04
7 0 9 8.0273869133499999e-04
7 0 10 6.6012066548480001e-04
7 0 11 5.4588304503340001e-04
7 0 12 4.6372624604120003e-04
7 0 13 3.9746723554580002e-04
7 0 14 3.4753810950669998e-04
7 0 15 3.0454104024819998e-04
7 0 16 2.7702668643030001e-04
7 0 17 2.4627929464799997e-04
7 0 18 2.2437633990209999e-04
7 0 19 2.0185961423969999e-04
7 0 20 1.8922712563939999e-04
7 0 21 1.7638779166869999e-04
7 0 22 1.6188086640150001e-04
7 0 23 1.4647013981260000e-04
7 0 24 1.4128803046740000e-04
7 0 25 1.3235633047140001e-04
7 0 26 1.2458277517790001e-04
7 0 27 1.1666776607960000e-04
7 0 28 1.1382011344490000e-04
7 0 29 1.0558363473660000e-04
7 0 30 9.9764542323560695e-05
7 0 31 9.6341092529168441e-05
7 0 32 9.3090968023414565e-05
7 0 33 8.8206642470303143e-05
7 0 34 8.5347523286512098e-05
7 0 35 8.2795592586910581e-05
7 0 36 8.0175707144623047e-05
7 0 37 7.7918998852614683e-05
7 0 38 7.6936053694219965e-05
7 0 39 7.3959345371731690e-05
7 0 40 7.1544780256201966e-05
7 0 41 6.9631864736614384e-05
7 0 42 6.7601598088668549e-05
7 0 43 6.6555212915239505e-05
7 0 44 6.6183185441530011e-05
7 0 45 6.4673602757106375e-05
7 0 46 6.3434198863582478e-05
7 0 47 6.1509112384438625e-05
7 0 48 6.0414741008375321e-05
7 0 49 5.9906854694642811e-05
7 0 50 6.0016607739952821e-05
7 0 51 5.9360166858350807e-05
7 0 52 5.8683740619390401e-05
7 0 53 5.7308093990061428e-05
7 0 54 5.7132324108265882e-05
7 0 55 5.7060830497205937e-05
7 0 56 5.5905615416936291e-05
7 0 57 5.5927460785101889e-05
7 0 58 5.6443045889403329e-05
7 0 59 5.6181577585528609e-05
7 0 60 5.5297482145992147e-05
7 0 61 5.6237273320746885e-05
7 0 62 5.5063515797228738e-05
7 0 63 3.2344358380313360e-30
7 8 0 5.4793028746649042e-01
7 8 1 8.6095888937299947e-01
7 8 2 2.9400198067493438e-01
7 8 3 1.2610920332478570e-01
7 8 4 6.1565903318823202e-02
7 8 5 3.4167558088892297e-02
7 8 6 1.8434107679408701e-02
7 8 7 1.0607106154840600e-02
7 8 8 6.3204683266583003e-03
7 8 9 3.8546401944389002e-03
7 8 10 2.4204014891753998e-03
7 8 11 1.6036852378646001e-03
7 8 12 1.0989932293681999e-03
7 8 13 7.8698130533970000e-04
7 8 14 5.9901891150950003e-04
7 8 15 4.6402802499140002e-04
7 8 16 3.8232051625610000e-04
7 8 17 3.2312427137240002e-04
7 8 18 2.7504126161890000e-04
7 8 19 2.3661810555620000e-04
7 8 20 2.1338101260859999e-04
7 8 21 1.9217540069620001e-04
7 8 22 1.7418669791159999e-04
7 8 23 1.5807112670459999e-04
7 8 24 1.4740958700560001e-04
7 8 25 1.3755155788649999e-04
7 8 26 1.3009758991790001e-04
7 8 27 1.2197030850980000e-04
7 8 28 1.1443579996860000e-04
7 8 29 1.0739421484950000e-04
7 8 30 1.0347434453850000e-04
7 8 31 9.9864350083272841e-05
7 8 32 9.3736213371464199e-05
7 8 33 8.9358814750925303e-05
7 8 34 8.6563714513859447e-05
7 8 35 8.2469367333496045e-05
7 8 36 8.1058230547245312e-05
7 8 37 7.8341234763322932e-05
7 8 38 7.6449515384851833e-05
7 8 39 7.4845061077998649e-05
7 8 40 7.1060987932522221e-05
7 8 41 7.0729396321414034e-05
7 8 42 6.9058502157620270e-05
7 8 43 6.7511336826569956e-05
7 8 44 6.6470326274843357e-05
7 8 45 6.4730197815655402e-05
7 8 46 6.3551749443223235e-05
7 8 47 6.2624311567103296e-05
7 8 48 6.1564653226900071e-05
7 8 49 6.0875626118201112e-05
7 8 50 6.0758984497906758e-05
7 8 51 5.9844429749358263e-05
7 8 52 5.9291703292012320e-05
7 8 53 5.8531473883178282e-05
7 8 54 5.7276811766619451e-05
7 8 55 5.8360904506789519e-05
7 8 56 5.6745117931736289e-05
7 8 57 5.5782001477664537e-05
7 8 58 5.4947413915347832e-05
7 8 59 5.6130398739348647e-05
7 8 60 5.6346419794136321e-05
7 8 61 5.5614505844925863e-05
7 8 62 5.5701357338019777e-05
7 8 63 1.9283173133870703e-30
7 16 0 2.8564232520458133e-01
7 16 1 7.5536082444930752e-01
7 16 2 5.0742537249382003e-01
7 16 3 2.6975015455784301e-01
7 16 4 1.5832823033111940e-01
7 16 5 9.4810705614116503e-02
7 16 6 6.1321378594228600e-02
7 16 7 4.0711993950925500e-02
7 16 8 2.7274092075615201e-02
7 16 9 1.8315619985285199e-02
7 16 10 1.2375186465349099e-02
7 16 11 8.3011944874105993e-03
7 16 12 5.7144732545022997e-03
7 16 13 3.9248317404427004e-03
7 16 14 2.7432396667638002e-03
7 16 15 1.9786853666037998e-03
7 16 16 1.4059901280438999e-03
7 16 17 1.0362509869296000e-03
7 16 18 7.7024918279880005e-04
7 16 19 5.9740709477179999e-04
7 16 20 4.6762652805590002e-04
7 16 21 3.6975781391430002e-04
7 16 22 3.0469933532730002e-04
7 16 23 2.5637833765590002e-04
7 16 24 2.2141637804939999e-04
7 16 25 1.9298729634190001e-04
7 16 26 1.7175002444859999e-04
7 16 27 1.5229483603110001e-04
7 16 28 1.4025012690300001e-04
7 16 29 1.2684183522869999e-04
7 16 30 1.1898295560270000e-04
7 16 31 1.1240227453280000e-04
7 16 32 1.0450406074570000e-04
7 16 33 9.9096960818626837e-05
7 16 34 9.3861056094661117e-05
7 16 35 8.9555596846364329e-05
7 16 36 8.6001720190605413e-05
7 16 37 8.3357663595291518e-05
7 16 38 8.0267746994163447e-05
7 16 39 7.7113718285142524e-05
7 16 40 7.6104140540302217e-05
7 16 41 7.3041643796740522e-05
7 16 42 7.2840791689493382e-05
7 16 43 7.0108772085597062e-05
7 16 44 6.8343690741738200e-05
7 16 45 6.6411504338406810e-05
7 16 46 6.5655415354462881e-05
7 16 47 6.5353990996540765e-05
7 16 48 6.4520975982814720e-05
7 16 49 6.2975272268842128e-05
7 16 50 6.2238839532573109e-05
7 16 51 6.1818114231267088e-05
7 16 52 5.9200687282057643e-05
7 16 53 5.9659475773836140e-05
7 16 54 5.8873867698930960e-05
7 16 55 5.8636670224910028e-05
7 16 56 5.8301530014666992e-05
7 16 57 5.6986272565734319e-05
7 16 58 5.7516751613714528e-05
7 16 59 5.7235006947317901e-05
7 16 60 5.6768275663327732e-05
7 16 61 5.7696823222808157e-05
7 16 62 5.7257302772322497e-05
7 16 63 1.5550064538685814e-30
7 32 0 2.6734179122719059e-01
7 32 1 6.4171628074528875e-01
7 32 2 5.2351938175596024e-01
7 32 3 3.3343312563190952e-01
7 32 4 2.0959026993315999e-01
7 32 5 1.3646754603434830e-01
7 32 6 9.0498118994376903e-02
7 32 7 6.1219527891466702e-02
7 32 8 4.3614477494647898e-02
7 32 9 3.0000341950181302e-02
7 32 10 2.1409700729828500e-02
7 32 11 1.5336134498119099e-02
7 32 12 1.1049634701236700e-02
7 32 13 7.8889059322932008e-03
7 32 14 5.7388906873007996e-03
7 32 15 4.2959932823423003e-03
7 32 16 3.1833815872131998e-03
7 32 17 2.3785112882811999e-03
7 32 18 1.8080338811239001e-03
7 32 19 1.3882968619971000e-03
7 32 20 1.0880112093852000e-03
7 32 21 8.5088696954480005e-04
7 32 22 6.7694315958070005e-04
7 32 23 5.5133081862580001e-04
7 32 24 4.6241914748449997e-04
7 32 25 3.8519948262050001e-04
7 32 26 3.2395674737130002e-04
7 32 27 2.7849790774050001e-04
7 32 28 2.4570261995590003e-04
7 32 29 2.1339952082379999e-04
7 32 30 1.8999647304200000e-04
7 32 31 1.7087755135400000e-04
7 32 32 1.5438370745459999e-04
7 32 33 1.4304753033320000e-04
7 32 34 1.3061202248100000e-04
7 32 35 1.2301808350810001e-04
7 32 36 1.1421245224200000e-04
7 32 37 1.0778688417950000e-04
7 32 38 1.0245322905530000e-04
7 32 39 9.6560005251816801e-05
7 32 40 9.2550625813158754e-05
7 32 41 8.9295465297915572e-05
7 32 42 8.5917457199125670e-05
7 32 43 8.3493654494671128e-05
7 32 44 8.0567900828027844e-05
7 32 45 7.7431958217523609e-05
7 32 46 7.4244529057592877e-05
7 32 47 7.3702353383757796e-05
7 32 48 7.2224273678211839e-05
7 32 49 7.0665759962841573e-05
7 32 50 6.9830841081238579e-05
7 32 51 6.8383213565864143e-05
7 32 52 6.6257608664601562e-05
7 32 53 6.6940406041736007e-05
7 32 54 6.5799815675131386e-05
7 32 55 6.4822030253788282e-05
7 32 56 6.5563846766911210e-05
7 32 57 6.3857249919198653e-05
7 32 58 6.4012316350697926e-05
7 32 59 6.3581277239693361e-05
7 32 60 6.3986342036731681e-05
7 32 61 6.3119527263225434e-05
7 32 62 6.3309795754143297e-05
7 32 63 1.7987262292320795e-30
7 48 0 3.1629084080172348e-01
7 48 1 6.7697397708814711e-01
7 48 2 5.5294638672186447e-01
7 48 3 3.5457598312290051e-01
7 48 4 2.2522935550078049e-01
7 48 5 1.4887097026355450e-01
7 48 6 9.9198055498500096e-02
7 48 7 6.9346057041509396e-02
7 48 8 4.7881333208562700e-02
7 48 9 3.3830593866973797e-02
7 48 10 2.3781585265138301e-02
7 48 11 1.7310743436765200e-02
7 48 12 1.2261035012534600e-02
7 48 13 9.1094980227608997e-03
7 48 14 6.6751141764205997e-03
7 48 15 4.9407381746678003e-03
7 48 16 3.6986850693658002e-03
7 48 17 2.8404162094726000e-03
7 48 18 2.1878144823429002e-03
7 48 19 1.7255521810719001e-03
7 48 20 1.3595662381914999e-03
7 48 21 1.0946516250089999e-03
7 48 22 8.8829246737949996e-04
7 48 23 7.4952248439010005e-04
7 48 24 6.1257301009999998e-04
7 48 25 5.2483671085570003e-04
7 48 26 4.4328529591469999e-04
7 48 27 3.8109132488140001e-04
7 48 28 3.3529396797150001e-04
7 48 29 2.9772668359170001e-04
7 48 30 2.6194961267669999e-04
7 48 31 2.3642897114349999e-04
7 48 32 2.1371164330760001e-04
7 48 33 1.9379688174840000e-04
7 48 34 1.7610485708800000e-04
7 48 35 1.6618466404920001e-04
7 48 36 1.5383399163410000e-04
7 48 37 1.4299896529310001e-04
7 48 38 1.3518906469680000e-04
7 48 39 1.2706045981059999e-04
7 48 40 1.1923954148470000e-04
7 48 41 1.1316792746090000e-04
7 48 42 1.1047691608570000e-04
7 48 43 1.0585871702470001e-04
7 48 44 1.0081179871300000e-04
7 48 45 9.7380348768645765e-05
7 48 46 9.3651571407733360e-05
7 48 47 9.1482876485411880e-05
7 48 48 8.8087281093932688e-05
7 48 49 8.5010606235287489e-05
7 48 50 8.4670658432143918e-05
7 48 51 8.2600251131042978e-05
7 48 52 8.0802352024868948e-05
7 48 53 7.9454490503394563e-05
7 48 54 7.8573115761494826e-05
7 48 55 7.8112775006786001e-05
7 48 56 7.7265177771717960e-05
7 48 57 7.6083812276825334e-05
7 48 58 7.5752437800823144e-05
7 48 59 7.5419276165930379e-05
7 48 60 7.4397310960586449e-05
7 48 61 7.3716721360261980e-05
7 48 62 7.2679902308612240e-05
7 48 63 2.0132049234163845e-30
7 64 0 3.8164332432228593e-01
7 64 1 7.2940645911992719e-01
7 64 2 6.0697676879044682e-01
7 64 3 3.8546804831573861e-01
7 64 4 2.4889001404279951e-01
7 64 5 1.6219216777715370e-01
7 64 6 1.0933841546730839e-01
7 64 7 7.6356744151076697e-02
7 64 8 5.3592599049267498e-02
7 64 9 3.7488626979938697e-02
7 64 10 2.6322909189197299e-02
7 64 11 1.9076855504594800e-02
7 64 12 1.3913387419579600e-02
7 64 13 1.0209994917275899e-02
7 64 14 7.6973711815063999e-03
7 64 15 5.8015248721005001e-03
7 64 16 4.4324761767118998e-03
7 64 17 3.4254392811490001e-03
7 64 18 2.7086281879400999e-03
7 64 19 2.1577926408252002e-03
7 64 20 1.7332958259217001e-03
7 64 21 1.4280113342697001e-03
7 64 22 1.1671702060664999e-03
7 64 23 9.9737406232860005e-04
7 64 24 8.4425139456799998e-04
7 64 25 7.0653231060470000e-04
7 64 26 6.2818309501159997e-04
7 64 27 5.4437573030880002e-04
7 64 28 4.6996257092550000e-04
7 64 29 4.2359251934920002e-04
7 64 30 3.8084851296900000e-04
7 64 31 3.4181903164370002e-04
7 64 32 3.0911536195409999e-04
7 64 33 2.8542184070830002e-04
7 64 34 2.6472936960009999e-04
7 64 35 2.4403455672860000e-04
7 64 36 2.2608522090150000e-04
7 64 37 2.1229958016890000e-04
7 64 38 2.0370666825999999e-04
7 64 39 1.8948526680150001e-04
7 64 40 1.7576612716699999e-04
7 64 41 1.7183094330869999e-04
7 64 42 1.6032436500790001e-04
7 64 43 1.5355621992300001e-04
7 64 44 1.4911032379030001e-04
7 64 45 1.4296507714069999e-04
7 64 46 1.3688955673239999e-04
7 64 47 1.3498633299250000e-04
7 64 48 1.2851371336340000e-04
7 64 49 1.2569078464880001e-04
7 64 50 1.2345436710380000e-04
7 64 51 1.2228564356110000e-04
7 64 52 1.1783804197469999e-04
7 64 53 1.1506118061340000e-04
7 64 54 1.1291763860920000e-04
7 64 55 1.1162757623430000e-04
7 64 56 1.0984124010850000e-04
7 64 57 1.0775727261860000e-04
7 64 58 1.0661058649710000e-04
7 64 59 1.0635983329880000e-04
7 64 60 1.0480740873970001e-04
7 64 61 1.0435767316250000e-04
7 64 62 1.1061384334660000e-04
7 64 63 2.2867481431684064e-30
7 72 0 4.1875158769340420e-01
7 72 1 7.5905340165746993e-01
7 72 2 6.4621094494692355e-01
7 72 3 4.1192614459752958e-01
7 72 4 2.6459088262455371e-01
7 72 5 1.7564671207833260e-01
7 72 6 1.1703057599555590e-01
7 72 7 8.0742025111405602e-02
7 72 8 5.6223310412162601e-02
7 72 9 3.9751113753818700e-02
7 72 10 2.8538330438174699e-02
7 72 11 2.0507295089857901e-02
7 72 12 1.5037734031392800e-02
7 72 13 1.1032263330279299e-02
7 72 14 8.2004708431434002e-03
7 72 15 6.3662395384237996e-03
7 72 16 4.8471263123935002e-03
7 72 17 3.7684106880303998e-03
7 72 18 3.0321292988288000e-03
7 72 19 2.4117785668710998e-03
7 72 20 1.9528392541632001e-03
7 72 21 1.6276478904091000e-03
7 72 22 1.3649086040646000e-03
7 72 23 1.1417747544618000e-03
7 72 24 9.7846292663949998e-04
7 72 25 8.3258501694140005e-04
7 72 26 7.3502109898299995e-04
7 72 27 6.5125082254399995e-04
7 72 28 5.7093914241510002e-04
7 72 29 5.1897034801100001e-04
7 72 30 4.6416822812209998e-04
7 72 31 4.2185282163430000e-04
7 72 32 3.8614110548650002e-04
7 72 33 3.6009518784060001e-04
7 72 34 3.2638979150930001e-04
7 72 35 3.0852635186930002e-04
7 72 36 2.8842042613999998e-04
7 72 37 2.7182440388629999e-04
7 72 38 2.5413999673780000e-04
7 72 39 2.3843425981160001e-04
7 72 40 2.3086498198260000e-04
7 72 41 2.1923092410239999e-04
7 72 42 2.0652070391230000e-04
7 72 43 2.0302068272390000e-04
7 72 44 1.9319139848400000e-04
7 72 45 1.8650728978710001e-04
7 72 46 1.7699742739769999e-04
7 72 47 1.7217550760510001e-04
7 72 48 1.6882413682790001e-04
7 72 49 1.6547237498960000e-04
7 72 50 1.6099784631339999e-04
7 72 51 1.5622236600130001e-04
7 72 52 1.5371130217719999e-04
7 72 53 1.4915713765140001e-04
7 72 54 1.4708870727070001e-04
7 72 55 1.4635287323810000e-04
7 72 56 1.4542884225330000e-04
7 72 57 1.4291346478629999e-04
7 72 58 1.3836913182859999e-04
7 72 59 1.3873987131410000e-04
7 72 60 1.3584925643859999e-04
7 72 61 1.3464931589789999e-04
7 72 62 1.5022392311140001e-04
7 72 63 2.4188930334585835e-30
7 80 0 4.5529387502314728e-01
7 80 1 7.9307988799771101e-01
7 80 2 6.8826106959589151e-01
7 80 3 4.4854016259053131e-01
7 80 4 2.8377163646900572e-01
7 80 5 1.8698473471503280e-01
7 80 6 1.2834087188272700e-01
7 80 7 8.8505380975524503e-02
7 80 8 6.1014431327905398e-02
7 80 9 4.3096200318170103e-02
7 80 10 3.1611847979932398e-02
7 80 11 2.2344514736136200e-02
7 80 12 1.6325416443631401e-02
7 80 13 1.2172563766374300e-02
7 80 14 9.2081058946765996e-03
7 80 15 7.0679049547881997e-03
7 80 16 5.4203786395468998e-03
7 80 17 4.2299654213817997e-03
7 80 18 3.3676454469439999e-03
7 80 19 2.7099646862202998e-03
7 80 20 2.2172961003076000e-03
7 80 21 1.8467253055238001e-03
7 80 22 1.5464611800339000e-03
7 80 23 1.3165148300820001e-03
7 80 24 1.1155564339667000e-03
7 80 25 9.7616318970929997e-04
7 80 26 8.5734781280249995e-04
7 80 27 7.5393456143299997e-04
7 80 28 6.7635296704320004e-04
7 80 29 6.1166915030539998e-04
7 80 30 5.5932809769630005e-04
7 80 31 5.1144153543320001e-04
7 80 32 4.6734368534709998e-04
7 80 33 4.3282436411800002e-04
7 80 34 4.0629911057110001e-04
7 80 35 3.8112986352570002e-04
7 80 36 3.5641582381339999e-04
7 80 37 3.3950978105419999e-04
7 80 38 3.1839175787359999e-04
7 80 39 3.0179918310670000e-04
7 80 40 2.8496911490279999e-04
7 80 41 2.8140169847240001e-04
7 80 42 2.6589995617479998e-04
7 80 43 2.5186333669599998e-04
7 80 44 2.4606794041640001e-04
7 80 45 2.3778486755059999e-04
7 80 46 2.2776884342980001e-04
7 80 47 2.2160073291489999e-04
7 80 48 2.2115388102460001e-04
7 80 49 2.1496158213570000e-04
7 80 50 2.0528372517219999e-04
7 80 51 2.0765178285050000e-04
7 80 52 2.0087302867000001e-04
7 80 53 1.9639717060410000e-04
7 80 54 1.9310968075360001e-04
7 80 55 1.9092708239700000e-04
7 80 56 1.8685930814510001e-04
7 80 57 1.8742093712690000e-04
7 80 58 1.8732707112999999e-04
7 80 59 1.8233867213770000e-04
7 80 60 1.7695677688140001e-04
7 80 61 1.7985735108420000e-04
7 80 62 2.1080362519530001e-04
7 80 63 2.6157709047945622e-30
7 88 0 4.8070515465578550e-01
7 88 1 8.0322306180888381e-01
7 88 2 7.2596465368934870e-01
7 88 3 4.7744679697674680e-01
7 88 4 3.0415504870397769e-01
7 88 5 2.0707208163598870e-01
7 88 6 1.3910824192997001e-01
7 88 7 9.8686312197258805e-02
7 88 8 6.8355561343409393e-02
7 88 9 4.9818630663726701e-02
7 88 10 3.5877197836517001e-02
7 88 11 2.6062689917650199e-02
7 88 12 1.9001466834095801e-02
7 88 13 1.4513927036014600e-02
7 88 14 1.0726797222020299e-02
7 88 15 8.1451269173464999e-03
7 88 16 6.3394603428332001e-03
7 88 17 5.0316283441367996e-03
7 88 18 3.9607935853147999e-03
7 88 19 3.2060994479654000e-03
7 88 20 2.5775810865755000e-03
7 88 21 2.1720214342776998e-03
7 88 22 1.8151422645908001e-03
7 88 23 1.5374034182331000e-03
7 88 24 1.3096391393656000e-03
7 88 25 1.1425747099504001e-03
7 88 26 1.0062956531408001e-03
7 88 27 8.9177194306020000e-04
7 88 28 7.8669003432590002e-04
7 88 29 7.2064398403360003e-04
7 88 30 6.5687107382050001e-04
7 88 31 5.9833188736649996e-04
7 88 32 5.5730094768540004e-04
7 88 33 5.1728172074230001e-04
7 88 34 4.8304565360100002e-04
7 88 35 4.5759036776799999e-04
7 88 36 4.2350632221070000e-04
7 88 37 3.9908428940850000e-04
7 88 38 3.8713081960469999e-04
7 88 39 3.6603447940550000e-04
7 88 40 3.5083078342279999e-04
7 88 41 3.3630289389460002e-04
7 88 42 3.2105024619089999e-04
7 88 43 3.1469689640039998e-04
7 88 44 3.0503343357289999e-04
7 88 45 2.9408936570849998e-04
7 88 46 2.8539309158290001e-04
7 88 47 2.7330694009490000e-04
7 88 48 2.6556236007379999e-04
7 88 49 2.6619960574770000e-04
7 88 50 2.5576753320650001e-04
7 88 51 2.5670137699920000e-04
7 88 52 2.4437094754989997e-04
7 88 53 2.4258253917719999e-04
7 88 54 2.4054202285170000e-04
7 88 55 2.3541992562610000e-04
7 88 56 2.3553061483669999e-04
7 88 57 2.3189304823629999e-04
7 88 58 2.3086907782990000e-04
7 88 59 2.2728530690870001e-04
7 88 60 2.2605712876609999e-04
7 88 61 2.2700599413999999e-04
7 88 62 2.6593491894019998e-04
7 88 63 2.8137434804648834e-30
7 96 0 4.9296604153148138e-01
7 96 1 8.0173396297864241e-01
7 96 2 7.4831592977715400e-01
7 96 3 4.9847804093896447e-01
7 96 4 3.2498150729628689e-01
7 96 5 2.2337011415978089e-01
7 96 6 1.5246080692066330e-01
7 96 7 1.0807712033287969e-01
7 96 8 7.8267113942749003e-02
7 96 9 5.6877062895815900e-02
7 96 10 4.2565572382781303e-02
7 96 11 3.1361414811610297e-02
7 96 12 2.3600043685586800e-02
7 96 13 1.7613045293020199e-02
7 96 14 1.3332379958710800e-02
7 96 15 1.0085781954503900e-02
7 96 16 7.5879619325522002e-03
7 96 17 6.0152293947529998e-03
7 96 18 4.7953945144057000e-03
7 96 19 3.8529902088260998e-03
7 96 20 3.1765215757303998e-03
7 96 21 2.5560748814927002e-03
7 96 22 2.1640302488917002e-03
7 96 23 1.7915921299238001e-03
7 96 24 1.5643229312873000e-03
7 96 25 1.3549727103455999e-03
7 96 26 1.1950316351463999e-03
7 96 27 1.0495331428439999e-03
7 96 28 9.3407687892350000e-04
7 96 29 8.3515192687070000e-04
7 96 30 7.7168045754919998e-04
7 96 31 7.1861148708269999e-04
7 96 32 6.4815901090249997e-04
7 96 33 6.0614591344879999e-04
7 96 34 5.6514829253129998e-04
7 96 35 5.2784937986939998e-04
7 96 36 4.9780911969299997e-04
7 96 37 4.7296006823619997e-04
7 96 38 4.4364580188349998e-04
7 96 39 4.2825326517050000e-04
7 96 40 4.1277892213280001e-04
7 96 41 3.9078140346669998e-04
7 96 42 3.7281161414440001e-04
7 96 43 3.6014713809179999e-04
7 96 44 3.4856381228330001e-04
7 96 45 3.4191849398819998e-04
7 96 46 3.3212459674809998e-04
7 96 47 3.2419039540769999e-04
7 96 48 3.1873846700520002e-04
7 96 49 3.0840651601099999e-04
7 96 50 3.0091757979000002e-04
7 96 51 2.9714955908709999e-04
7 96 52 2.9134205652050002e-04
7 96 53 2.8593864591940001e-04
7 96 54 2.8372592787919999e-04
7 96 55 2.7665172861839998e-04
7 96 56 2.7485820171500001e-04
7 96 57 2.7416503834520000e-04
7 96 58 2.6828824795970002e-04
7 96 59 2.6716866717789998e-04
7 96 60 2.6116976446320000e-04
7 96 61 2.7763992572639998e-04
7 96 62 3.0710299127910000e-04
7 96 63 3.0138633162993932e-30
7 104 0 4.9799714508059262e-01
7 104 1 7.9401964792186852e-01
7 104 2 7.5775341703107624e-01
7 104 3 5.0347691262226124e-01
7 104 4 3.4030741246566371e-01
7 104 5 2.3658462416178250e-01
7 104 6 1.6371928684856649e-01
7 104 7 1.1792794258098729e-01
7 104 8 8.6668948167099802e-02
7 104 9 6.3954368266623096e-02
7 104 10 4.7971190471284800e-02
7 104 11 3.6494984835153003e-02
7 104 12 2.7880573334522499e-02
7 104 13 2.1188705840275400e-02
7 104 14 1.6086398026432400e-02
7 104 15 1.2155851648671900e-02
7 104 16 9.4988526826330997e-03
7 104 17 7.4021538271250003e-03
7 104 18 5.8506523537524002e-03
7 104 19 4.6141415949066998e-03
7 104 20 3.7656103460708000e-03
7 104 21 3.1099614738264001e-03
7 104 22 2.5254494954744001e-03
7 104 23 2.1777027198031998e-03
7 104 24 1.8634819990296001e-03
7 104 25 1.6123950514287000e-03
7 104 26 1.3951033115912001e-03
7 104 27 1.2148179198354001e-03
7 104 28 1.0974519010237000e-03
7 104 29 9.7508933548360005e-04
7 104 30 8.9554763537380002e-04
7 104 31 8.2934913711049999e-04
7 104 32 7.5398037572379996e-04
7 104 33 6.9961169600499999e-04
7 104 34 6.5697607370799997e-04
7 104 35 6.0951216402699998e-04
7 104 36 5.7809284301290004e-04
7 104 37 5.4280370090289997e-04
7 104 38 5.1322989747439995e-04
7 104 39 4.8711629726459998e-04
7 104 40 4.6558823263820001e-04
7 104 41 4.4088930968940002e-04
7 104 42 4.3161823294130002e-04
7 104 43 4.1074129787420003e-04
7 104 44 4.0028227036709998e-04
7 104 45 3.8990077783470001e-04
7 104 46 3.8133166084340002e-04
7 104 47 3.6546895045579998e-04
7 104 48 3.5926412381260002e-04
7 104 49 3.5104087184549998e-04
7 104 50 3.3920375119520001e-04
7 104 51 3.3530054722310002e-04
7 104 52 3.3378719216840000e-04
7 104 53 3.2892651288170000e-04
7 104 54 3.2542503037050001e-04
7 104 55 3.2312922369510000e-04
7 104 56 3.1850507262910001e-04
7 104 57 3.1032742021560000e-04
7 104 58 3.1209137690650001e-04
7 104 59 3.0472501024290000e-04
7 104 60 3.0060899109340001e-04
7 104 61 3.1982006301890001e-04
7 104 62 3.5180209700010003e-04
7 104 63 3.1933946476243694e-30
10 0 0 1.2132147435831913e+00
10 0 1 5.5380580959753303e-02
10 0 2 1.5094822099380401e-02
10 0 3 6.8483642061050003e-03
10 0 4 3.9544561950554998e-03
10 0 5 2.5178746336083999e-03
10 0 6 1.7928769524078001e-03
10 0 7 1.3124008130446999e-03
10 0 8 1.0225599261391000e-03
10 0 9 8.1245813365670003e-04
10 0 10 6.6236046284230004e-04
10 0 11 5.4515665900759999e-04
10 0 12 4.6530058246129998e-04
10 0 13 3.9802244990610000e-04
10 0 14 3.5028626416820001e-04
10 0 15 3.0768465019819999e-04
10 0 16 2.7150229032650000e-04
10 0 17 2.4478704350949998e-04
10 0 18 2.2490807043020001e-04
10 0 19 2.0496996013330001e-04
10 0 20 1.8532408560990000e-04
10 0 21 1.7177746573160001e-04
10 0 22 1.6116201554319999e-04
10 0 23 1.4522132563660000e-04
10 0 24 1.3887605541819999e-04
10 0 25 1.3088055499820001e-04
10 0 26 1.2346758783400000e-04
10 0 27 1.1672386673890000e-04
10 0 28 1.1167262704749999e-04
10 0 29 1.0536352130680000e-04
10 0 30 1.0192445394880000e-04
10 0 31 9.6653423895658657e-05
10 0 32 9.2665006484482000e-05
10 0 33 8.8550792674787433e-05
10 0 34 8.4960357507962036e-05
10 0 35 8.3426335363010064e-05
10 0 36 8.0204716273689564e-05
10 0 37 7.7964764605689799e-05
10 0 38 7.4852158253518316e-05
10 0 39 7.4173482608016900e-05
10 0 40 7.1462397904199771e-05
10 0 41 6.9061630161861774e-05
10 0 42 6.8213902594265515e-05
10 0 43 6.7488198498298082e-05
10 0 44 6.6074891619101919e-05
10 0 45 6.4229090045626986e-05
10 0 46 6.3414885082534051e-05
10 0 47 6.0950805278815151e-05
10 0 48 6.0682633912628728e-05
10 0 49 6.1065018016658666e-05
10 0 50 5.9729484009917320e-05
10 0 51 5.9427964984164203e-05
10 0 52 5.8837969303812853e-05
10 0 53 5.7940215889848463e-05
10 0 54 5.7152932124137205e-05
10 0 55 5.6634416815852870e-05
10 0 56 5.6416786258371361e-05
10 0 57 5.6706925873365737e-05
10 0 58 5.5350020069642322e-05
10 0 59 5.6136960489156498e-05
10 0 60 5.4663426716430665e-05
10 0 61 5.5525061207238830e-05
10 0 62 5.6072533975406360e-05
10 0 63 3.2422837317398274e-30
10 8 0 4.1980879554783679e-01
10 8 1 8.6529453420938252e-01
10 8 2 4.2931168626501198e-01
10 8 3 1.7526297660410850e-01
10 8 4 9.0483219513190299e-02
10 8 5 5.0953544505741501e-02
10 8 6 2.7945804263646699e-02
10 8 7 1.6636872989309898e-02
10 8 8 9.9147710750173996e-03
10 8 9 6.0938227021986998e-03
10 8 10 3.7015264955674002e-03
10 8 11 2.3644679427006002e-03
10 8 12 1.5788095434662000e-03
10 8 13 1.0968999634992000e-03
10 8 14 7.7952505194830003e-04
10 8 15 5.8231447187650001e-04
10 8 16 4.5665672317830001e-04
10 8 17 3.6642267136770002e-04
10 8 18 3.0387859240589999e-04
10 8 19 2.5939678672890002e-04
10 8 20 2.2887739499750001e-04
10 8 21 1.9629907007549999e-04
10 8 22 1.8116795961150000e-04
10 8 23 1.6411839538170000e-04
10 8 24 1.5007728980540001e-04
10 8 25 1.3907385155770001e-04
10 8 26 1.3112428505970001e-04
10 8 27 1.2220957211940000e-04
10 8 28 1.1573641737580000e-04
10 8 29 1.0981873766490000e-04
10 8 30 1.0554567971120000e-04
10 8 31 9.9719441066759679e-05
10 8 32 9.5395393920530896e-05
10 8 33 9.1747166803627633e-05
10 8 34 8.7129955481235323e-05
10 8 35 8.3917635271260133e-05
10 8 36 8.1283658071359586e-05
10 8 37 7.8569769670388891e-05
10 8 38 7.6744536252524315e-05
10 8 39 7.4473935396872403e-05
10 8 40 7.1768212992942898e-05
10 8 41 7.0280610894162782e-05
10 8 42 6.8777325735346108e-05
10 8 43 6.6972786311042260e-05
10 8 44 6.6276058231745774e-05
10 8 45 6.5334427568732449e-05
10 8 46 6.4324970852941269e-05
10 8 47 6.2647121444596213e-05
10 8 48 6.1862118140666166e-05
10 8 49 6.0725990820919037e-05
10 8 50 5.9982938941064780e-05
10 8 51 6.0327219092394252e-05
10 8 52 5.8745994207790551e-05
10 8 53 5.8727828564011979e-05
10 8 54 5.7052112505303293e-05
10 8 55 5.7290305065366240e-05
10 8 56 5.6786415936039403e-05
10 8 57 5.6123595708705886e-05
10 8 58 5.6798587665120790e-05
10 8 59 5.5763455874523096e-05
10 8 60 5.6313939483210737e-05
10 8 61 5.5346306513588221e-05
10 8 62 5.5065705488454814e-05
10 8 63 1.7014960336024107e-30
10 16 0 2.7544357761863530e-01
10 16 1 7.3417916457113919e-01
10 16 2 5.0078848667838749e-01
10 16 3 2.9383451023008678e-01
10 16 4 1.7700136102037370e-01
10 16 5 1.0389934646067681e-01
10 16 6 6.6830909123563806e-02
10 16 7 4.2942694216079803e-02
10 16 8 2.8918112838219000e-02
10 16 9 1.9858661446779100e-02
10 16 10 1.3843091782353800e-02
10 16 11 9.2131542273603002e-03
10 16 12 6.4016047827435002e-03
10 16 13 4.4276218394978997e-03
10 16 14 3.0853139857414001e-03
10 16 15 2.1851764124939002e-03
10 16 16 1.5719534418855000e-03
10 16 17 1.1532941129204000e-03
10 16 18 8.5920824784579996e-04
10 16 19 6.4841417949909998e-04
10 16 20 5.1628630519459998e-04
10 16 21 4.0991504724040002e-04
10 16 22 3.3024849943599999e-04
10 16 23 2.7733094458209999e-04
10 16 24 2.3326748254630001e-04
10 16 25 2.0324369809830001e-04
10 16 26 1.7915338734400001e-04
10 16 27 1.6062789270399999e-04
10 16 28 1.4331517160280001e-04
10 16 29 1.3448800050500000e-04
10 16 30 1.2265417777559999e-04
10 16 31 1.1317317944920000e-04
10 16 32 1.0665023996790001e-04
10 16 33 1.0039317589799999e-04
10 16 34 9.5282287245748875e-05
10 16 35 9.0926060894586726e-05
10 16 36 8.8109101185091481e-05
10 16 37 8.4781876233434931e-05
10 16 38 8.1537915348092315e-05
10 16 39 7.7813494025264309e-05
10 16 40 7.6650002188095713e-05
10 16 41 7.3515473077129611e-05
10 16 42 7.2280387757075966e-05
10 16 43 7.0639092260075962e-05
10 16 44 6.9160475276129713e-05
10 16 45 6.8012990180725647e-05
10 16 46 6.5520930039673079e-05
10 16 47 6.5352264362552066e-05
10 16 48 6.3840367746703219e-05
10 16 49 6.2741218076172749e-05
10 16 50 6.1409157875704922e-05
10 16 51 6.1811054533502695e-05
10 16 52 5.9827594543266631e-05
10 16 53 6.0198063901375560e-05
10 16 54 5.8901812773380829e-05
10 16 55 5.9069890120233760e-05
10 16 56 5.7696469814929166e-05
10 16 57 5.7802927238011992e-05
10 16 58 5.7349338645827088e-05
10 16 59 5.7252059458343631e-05
10 16 60 5.7481615038349074e-05
10 16 61 5.7394157085415679e-05
10 16 62 5.7366003509608991e-05
10 16 63 1.5665807145477911e-30
10 32 0 3.1365163412023839e-01
10 32 1 6.8548156824509954e-01
10 32 2 5.3177173600033067e-01
10 32 3 3.2428827845437280e-01
10 32 4 1.9938148195857630e-01
10 32 5 1.3049426370212441e-01
10 32 6 8.3341859411564301e-02
10 32 7 5.5701597938262598e-02
10 32 8 3.8642789746788697e-02
10 32 9 2.6235093661909702e-02
10 32 10 1.7970433123285601e-02
10 32 11 1.2409903982198300e-02
10 32 12 8.7714902632595997e-03
10 32 13 6.2832807724870002e-03
10 32 14 4.5694928216864000e-03
10 32 15 3.2959958743691998e-03
10 32 16 2.4985580589946999e-03
10 32 17 1.8638317670804001e-03
10 32 18 1.4097292920941000e-03
10 32 19 1.1089427731186001e-03
10 32 20 8.6472574600639999e-04
10 32 21 6.8661859736079999e-04
10 32 22 5.6434272369739998e-04
10 32 23 4.6739247058010002e-04
10 32 24 3.9341170447049998e-04
10 32 25 3.3125980387430001e-04
10 32 26 2.8455672473770002e-04
10 32 27 2.4661710769749998e-04
10 32 28 2.2189010206700001e-04
10 32 29 1.9505094206629999e-04
10 32 30 1.7579737132560001e-04
10 32 31 1.5778116360870001e-04
10 32 32 1.4345185414480001e-04
10 32 33 1.3442377017400001e-04
10 32 34 1.2407949578539999e-04
10 32 35 1.1666311434140000e-04
10 32 36 1.0988949146729999e-04
10 32 37 1.0296576943310000e-04
10 32 38 9.8965412559141958e-05
10 32 39 9.5347887720004961e-05
10 32 40 9.0801793773211400e-05
10 32 41 8.6394614936510458e-05
10 32 42 8.3861300028762552e-05
10 32 43 8.2202118273531102e-05
10 32 44 7.8146494676966795e-05
10 32 45 7.6874474513046812e-05
10 32 46 7.5359918285353500e-05
10 32 47 7.3054811745767930e-05
10 32 48 7.1928666965670145e-05
10 32 49 6.9442471420069678e-05
10 32 50 6.7781407903648406e-05
10 32 51 6.7240099695000370e-05
10 32 52 6.6678384675287203e-05
10 32 53 6.5459688972655943e-05
10 32 54 6.4874835915726953e-05
10 32 55 6.4479607206164381e-05
10 32 56 6.4481700046056572e-05
10 32 57 6.3514549026998481e-05
10 32 58 6.2456192204414534e-05
10 32 59 6.3151580428656411e-05
10 32 60 6.2413399621265848e-05
10 32 61 6.1617809447229489e-05
10 32 62 6.1484620913374437e-05
10 32 63 1.7923456902082717e-30
10 48 0 3.6831738647680051e-01
10 48 1 7.3929144549937087e-01
10 48 2 5.7452775464021122e-01
10 48 3 3.6131982097103787e-01
10 48 4 2.2142568036592061e-01
10 48 5 1.4709475288280779e-01
10 48 6 9.4437206856669106e-02
10 48 7 6.3417097301872796e-02
10 48 8 4.2723086841322297e-02
10 48 9 2.9384439034505300e-02
10 48 10 2.0370683996965101e-02
10 48 11 1.4269658383915300e-02
10 48 12 1.0302680873144000e-02
10 48 13 7.4451731932861000e-03
10 48 14 5.4345356347099000e-03
10 48 15 4.0577157526889996e-03
10 48 16 3.0819720790161002e-03
10 48 17 2.3413060410074002e-03
10 48 18 1.8228688189408000e-03
10 48 19 1.4525576557845000e-03
10 48 20 1.1607077144833000e-03
10 48 21 9.5030518136289999e-04
10 48 22 7.9103347781839999e-04
10 48 23 6.5055647709139997e-04
10 48 24 5.5426679318960003e-04
10 48 25 4.7666171790979999e-04
10 48 26 4.1615210916260000e-04
10 48 27 3.5471784073570002e-04
10 48 28 3.1429461145060001e-04
10 48 29 2.8867783690540000e-04
10 48 30 2.5703728556740002e-04
10 48 31 2.2878582470350000e-04
10 48 32 2.0716928560970000e-04
10 48 33 1.9629668691909999e-04
10 48 34 1.7652106512810000e-04
10 48 35 1.6279254942330000e-04
10 48 36 1.5451336804550000e-04
10 48 37 1.4561291788609999e-04
10 48 38 1.3496267857990001e-04
10 48 39 1.2821034721899999e-04
10 48 40 1.2293541607260000e-04
10 48 41 1.1750485289009999e-04
10 48 42 1.1282655413780000e-04
10 48 43 1.0692873237630000e-04
10 48 44 1.0197124247980000e-04
10 48 45 9.9613562345041325e-05
10 48 46 9.6428792798617641e-05
10 48 47 9.3071982882565705e-05
10 48 48 9.2611772156469716e-05
10 48 49 8.9297608193966132e-05
10 48 50 8.6524482630885805e-05
10 48 51 8.4974110279086376e-05
10 48 52 8.2891736353594517e-05
10 48 53 8.1807468582223666e-05
10 48 54 8.0749531551465748e-05
10 48 55 7.9695838933900432e-05
10 48 56 7.8361447484415791e-05
10 48 57 7.8313872859698007e-05
10 48 58 7.7101259749126524e-05
10 48 59 7.7433461060854198e-05
10 48 60 7.7605875575828407e-05
10 48 61 7.4323583902770197e-05
10 48 62 7.6719692283085629e-05
10 48 63 2.0412703705517077e-30
10 64 0 4.6089637726278287e-01
10 64 1 7.9064784420506262e-01
10 64 2 6.5383828532811172e-01
10 64 3 4.0810989327506297e-01
10 64 4 2.5441946217942257e-01
10 64 5 1.6388234337286581e-01
10 64 6 1.0945770599864540e-01
10 64 7 7.1653153488175997e-02
10 64 8 4.8750056806116798e-02
10 64 9 3.3612501406988501e-02
10 64 10 2.3171875719042601e-02
10 64 11 1.6635631981202999e-02
10 64 12 1.2071022307583499e-02
10 64 13 8.9185089870844007e-03
10 64 14 6.6124928977762997e-03
10 64 15 5.0039256354730000e-03
10 64 16 3.8305229091645000e-03
10 64 17 2.9812082973322000e-03
10 64 18 2.3620213519899998e-03
10 64 19 1.9046828461913000e-03
10 64 20 1.5408237254636000e-03
10 64 21 1.2552788798885000e-03
10 64 22 1.0621006473414000e-03
10 64 23 9.2967017855699998e-04
10 64 24 7.8848478095780005e-04
10 64 25 6.8803392445520000e-04
10 64 26 5.9877085066449998e-04
10 64 27 5.3768998135489995e-04
10 64 28 4.8237124789800003e-04
10 64 29 4.3177105099230002e-04
10 64 30 3.9456404612789997e-04
10 64 31 3.6743264627790001e-04
10 64 32 3.3659917364330002e-04
10 64 33 3.0811856963029998e-04
10 64 34 2.8892046587560000e-04
10 64 35 2.7017630152130002e-04
10 64 36 2.5714458892270000e-04
10 64 37 2.3943436343590001e-04
10 64 38 2.2600682964410001e-04
10 64 39 2.1349277113160000e-04
10 64 40 2.0747159215560001e-04
10 64 41 1.9556138754630000e-04
10 64 42 1.8722510577060000e-04
10 64 43 1.7805320239479999e-04
10 64 44 1.7555643641390000e-04
10 64 45 1.7193325024520000e-04
10 64 46 1.6275830963890001e-04
10 64 47 1.6036760854060001e-04
10 64 48 1.5370864489209999e-04
10 64 49 1.5364354589469999e-04
10 64 50 1.4565929817450001e-04
10 64 51 1.4275635118209999e-04
10 64 52 1.4240726312569999e-04
10 64 53 1.3933465522340000e-04
10 64 54 1.3706975366450000e-04
10 64 55 1.3645492979009999e-04
10 64 56 1.3366550903790001e-04
10 64 57 1.3078382825750000e-04
10 64 58 1.3094680926930001e-04
10 64 59 1.3021833306670001e-04
10 64 60 1.2610123702549999e-04
10 64 61 1.2528434148120001e-04
10 64 62 1.4422838448900001e-04
10 64 63 2.3834147242561544e-30
10 72 0 5.0822142923597424e-01
10 72 1 8.2138643610868456e-01
10 72 2 7.0876772937292776e-01
10 72 3 4.4261448922261398e-01
10 72 4 2.7695180397973629e-01
10 72 5 1.8068933994683059e-01
10 72 6 1.1829018235937649e-01
10 72 7 7.9745131121392296e-02
10 72 8 5.4446513467058498e-02
10 72 9 3.7342820817329703e-02
10 72 10 2.6242603887634799e-02
10 72 11 1.8607353665173802e-02
10 72 12 1.3452297894982200e-02
10 72 13 9.9374496113649995e-03
10 72 14 7.3819137806800999e-03
10 72 15 5.6274626348447997e-03
10 72 16 4.3322364639304996e-03
10 72 17 3.3938389411791998e-03
10 72 18 2.7090250755844002e-03
10 72 19 2.1520566533711999e-03
10 72 20 1.7947464192469001e-03
10 72 21 1.4910517307302001e-03
10 72 22 1.2391477123236999e-03
10 72 23 1.0800071654883999e-03
10 72 24 9.2903316831160002e-04
10 72 25 8.0109519181850003e-04
10 72 26 7.2004251296739995e-04
10 72 27 6.4835761584279995e-04
10 72 28 5.8563401895830001e-04
10 72 29 5.2152544069270000e-04
10 72 30 4.7566544472140001e-04
10 72 31 4.4227561449939999e-04
10 72 32 4.1108429287729998e-04
10 72 33 3.8328850939700003e-04
10 72 34 3.6275234271360000e-04
10 72 35 3.3728770403920001e-04
10 72 36 3.1652044159079999e-04
10 72 37 3.0218901994989998e-04
10 72 38 2.8692788417680000e-04
10 72 39 2.7628670628700001e-04
10 72 40 2.6146558239539998e-04
10 72 41 2.5328415854030002e-04
10 72 42 2.4403087083360001e-04
10 72 43 2.2938780153879999e-04
10 72 44 2.2808537052810001e-04
10 72 45 2.1534782743550001e-04
10 72 46 2.1377059816780000e-04
10 72 47 2.0676353140890001e-04
10 72 48 2.0596068291070001e-04
10 72 49 2.0205609566100000e-04
10 72 50 1.9618525090190001e-04
10 72 51 1.9070806354600000e-04
10 72 52 1.9119400034420001e-04
10 72 53 1.8548331170740000e-04
10 72 54 1.8401028980330000e-04
10 72 55 1.8117045467430000e-04
10 72 56 1.8007084069309999e-04
10 72 57 1.7667156918960001e-04
10 72 58 1.7515913247160000e-04
10 72 59 1.7081143888170001e-04
10 72 60 1.6837394207830001e-04
10 72 61 1.6979545009929999e-04
10 72 62 2.0492586552630000e-04
10 72 63 2.6257690642849177e-30
10 80 0 5.4155291577213038e-01
10 80 1 8.2656644803576884e-01
10 80 2 7.5029688572913100e-01
10 80 3 4.7558809506407729e-01
10 80 4 3.0042456714254212e-01
10 80 5 2.0182523474511180e-01
10 80 6 1.3432865273821440e-01
10 80 7 9.0683329021650605e-02
10 80 8 6.2956836981963193e-02
10 80 9 4.4754220207079497e-02
10 80 10 3.1167473365250501e-02
10 80 11 2.2159055970118899e-02
10 80 12 1.6275203488432199e-02
10 80 13 1.1910565937668600e-02
10 80 14 8.9257029098272992e-03
10 80 15 6.7342620790454000e-03
10 80 16 5.1619880808749996e-03
10 80 17 4.0514387311988004e-03
10 80 18 3.1946454029868000e-03
10 80 19 2.5435421862234999e-03
10 80 20 2.0879587968820998e-03
10 80 21 1.7728140492535001e-03
10 80 22 1.4677347247634000e-03
10 80 23 1.2739296909621001e-03
10 80 24 1.0939575585978999e-03
10 80 25 9.6481452920319996e-04
10 80 26 8.4776241637240005e-04
10 80 27 7.5093249826289996e-04
10 80 28 6.8999298243830004e-04
10 80 29 6.2521577869400005e-04
10 80 30 5.7118960927900002e-04
10 80 31 5.2780762513069996e-04
10 80 32 4.9661706603440004e-04
10 80 33 4.6056469883810002e-04
10 80 34 4.2806127010129998e-04
10 80 35 4.1035050774320000e-04
10 80 36 3.8018630562240002e-04
10 80 37 3.6781460751540002e-04
10 80 38 3.4875336539210003e-04
10 80 39 3.3443183666190002e-04
10 80 40 3.1871593680579999e-04
10 80 41 3.0730919071250001e-04
10 80 42 2.9609216559790000e-04
10 80 43 2.8823308125010001e-04
10 80 44 2.7762058634900002e-04
10 80 45 2.7225662792360001e-04
10 80 46 2.6299995934460000e-04
10 80 47 2.5856067426710002e-04
10 80 48 2.5069561691640002e-04
10 80 49 2.4588470743929999e-04
10 80 50 2.3942517414120000e-04
10 80 51 2.3614007254089999e-04
10 80 52 2.3486661589800000e-04
10 80 53 2.3033939946500001e-04
10 80 54 2.2484072993730000e-04
10 80 55 2.2648148601909999e-04
10 80 56 2.2073294079129999e-04
10 80 57 2.1718539694310000e-04
10 80 58 2.1607857498170000e-04
10 80 59 2.1023425128990000e-04
10 80 60 2.0680219942720000e-04
10 80 61 2.1915884866340000e-04
10 80 62 2.5181168458389999e-04
10 80 63 2.8441161721214345e-30
10 88 0 5.5246098965879897e-01
10 88 1 8.2409211745063193e-01
10 88 2 7.7487753562237105e-01
10 88 3 4.9368938744528867e-01
10 88 4 3.2165369232949870e-01
10 88 5 2.1795016493895430e-01
10 88 6 1.4904743960083031e-01
10 88 7 1.0303639282014750e-01
10 88 8 7.1573584318351993e-02
10 88 9 5.1987580042537798e-02
10 88 10 3.7590052134048299e-02
10 88 11 2.7979262017773499e-02
10 88 12 2.0383655466802500e-02
10 88 13 1.5103005486957000e-02
10 88 14 1.1275301920742199e-02
10 88 15 8.3750997118900994e-03
10 88 16 6.5385985136311000e-03
10 88 17 5.0737189636617004e-03
10 88 18 4.0330820288216000e-03
10 88 19 3.1983156158858000e-03
10 88 20 2.5983062971925001e-03
10 88 21 2.1685775179978999e-03
10 88 22 1.8222289017858001e-03
10 88 23 1.5235682066663001e-03
10 88 24 1.3228306201407000e-03
10 88 25 1.1435277105895001e-03
10 88 26 1.0141171374285999e-03
10 88 27 9.1280831972839998e-04
10 88 28 8.1760402901950001e-04
10 88 29 7.4030066891360002e-04
10 88 30 6.7145121050290004e-04
10 88 31 6.2639620654450002e-04
10 88 32 5.6883111010250004e-04
10 88 33 5.3557393701910002e-04
10 88 34 5.0992602562380002e-04
10 88 35 4.7707314738829997e-04
10 88 36 4.4684226088529999e-04
10 88 37 4.3132547198260001e-04
10 88 38 4.0641784904729998e-04
10 88 39 3.8779000057350001e-04
10 88 40 3.7674549219589998e-04
10 88 41 3.5000141561320001e-04
10 88 42 3.4548085175439998e-04
10 88 43 3.3160045049530001e-04
10 88 44 3.2563363558079999e-04
10 88 45 3.2011080829740001e-04
10 88 46 3.0577530621269999e-04
10 88 47 2.9739764094290002e-04
10 88 48 2.9346186267819999e-04
10 88 49 2.8573981974009999e-04
10 88 50 2.7620601451680001e-04
10 88 51 2.7432097311520001e-04
10 88 52 2.7153970024059999e-04
10 88 53 2.6559732148200000e-04
10 88 54 2.6236192903520002e-04
10 88 55 2.6101412010059999e-04
10 88 56 2.5881654016660002e-04
10 88 57 2.5322487983460001e-04
10 88 58 2.5288611980830002e-04
10 88 59 2.4497354866459997e-04
10 88 60 2.4500761540699998e-04
10 88 61 2.5796425735519999e-04
10 88 62 2.8748390931159997e-04
10 88 63 3.0435864353784053e-30
10 96 0 5.5517691995816165e-01
10 96 1 8.1490643667298568e-01
10 96 2 7.8749998413409550e-01
10 96 3 5.0740961872433077e-01
10 96 4 3.3762832422801892e-01
10 96 5 2.3036138932305339e-01
10 96 6 1.5926830029379649e-01
10 96 7 1.1499749646874020e-01
10 96 8 8.1763855647330699e-02
10 96 9 6.1557678747837498e-02
10 96 10 4.4552505064917702e-02
10 96 11 3.3331428877780997e-02
10 96 12 2.5343533678418000e-02
10 96 13 1.9026347592931901e-02
10 96 14 1.4244277059970500e-02
10 96 15 1.0910977133294100e-02
10 96 16 8.2824662166511003e-03
10 96 17 6.4046878558658999e-03
10 96 18 4.9792395880171999e-03
10 96 19 4.0220710890645000e-03
10 96 20 3.2230063093094999e-03
10 96 21 2.6118481416439999e-03
10 96 22 2.1942183188790000e-03
10 96 23 1.8236922803747000e-03
10 96 24 1.5657426956638999e-03
10 96 25 1.3892942804644001e-03
10 96 26 1.1872767154588999e-03
10 96 27 1.0648981990385999e-03
10 96 28 9.5291932738639999e-04
10 96 29 8.5994203971610002e-04
10 96 30 7.7213983250300005e-04
10 96 31 7.2738465718250002e-04
10 96 32 6.6945819200489999e-04
10 96 33 6.1682893453059997e-04
10 96 34 5.7530576277790000e-04
10 96 35 5.4327572916069999e-04
10 96 36 5.1743172872070005e-04
10 96 37 4.8235840265369999e-04
10 96 38 4.6729398318999998e-04
10 96 39 4.3957756157609999e-04
10 96 40 4.2111998296600001e-04
10 96 41 4.0684571679990001e-04
10 96 42 3.9098514916939997e-04
10 96 43 3.8050252086209999e-04
10 96 44 3.7039555613260002e-04
10 96 45 3.5576184332239999e-04
10 96 46 3.4931641072920001e-04
10 96 47 3.3992514627930002e-04
10 96 48 3.3340200139040001e-04
10 96 49 3.2358190546529999e-04
10 96 50 3.1959219216560000e-04
10 96 51 3.1288747459630001e-04
10 96 52 3.0855484400420003e-04
10 96 53 2.9865198162800001e-04
10 96 54 2.9981699932390000e-04
10 96 55 2.9192067635439999e-04
10 96 56 2.9058289257169999e-04
10 96 57 2.8539521220710001e-04
10 96 58 2.8553804446129999e-04
10 96 59 2.7877236957510001e-04
10 96 60 2.7844793439899999e-04
10 96 61 3.0118286254589998e-04
10 96 62 3.1768320537190002e-04
10 96 63 3.1989559314068433e-30
10 104 0 5.4289682266648609e-01
10 104 1 8.0788822312807940e-01
10 104 2 7.8175941340563182e-01
10 104 3 5.1301855823209941e-01
10 104 4 3.4747760473876937e-01
10 104 5 2.4126609451442421e-01
10 104 6 1.7389726777302020e-01
10 104 7 1.2490098866825770e-01
10 104 8 8.9981504165656104e-02
10 104 9 6.8654080524787900e-02
10 104 10 5.1702613695773197e-02
10 104 11 3.9330634091021902e-02
10 104 12 3.0042873696412200e-02
10 104 13 2.3309920869610899e-02
10 104 14 1.7784542202274701e-02
10 104 15 1.3781690299297799e-02
10 104 16 1.0535697977251700e-02
10 104 17 8.3055761092399004e-03
10 104 18 6.3838998112098998e-03
10 104 19 5.0687599968516003e-03
10 104 20 4.1092293263026002e-03
10 104 21 3.3032304930149998e-03
10 104 22 2.7205183887888001e-03
10 104 23 2.2909487724821999e-03
10 104 24 1.9524796620541999e-03
10 104 25 1.6864525452663999e-03
10 104 26 1.4678203131665000e-03
10 104 27 1.2623217692113999e-03
10 104 28 1.1266462972944001e-03
10 104 29 1.0077978514123999e-03
10 104 30 9.1373302756719995e-04
10 104 31 8.4512461132449997e-04
10 104 32 7.8034295938619999e-04
10 104 33 7.2497340908960004e-04
10 104 34 6.6627149159929997e-04
10 104 35 6.2720941420600000e-04
10 104 36 5.9301218362680004e-04
10 104 37 5.5935107208640003e-04
10 104 38 5.3072576503149997e-04
10 104 39 5.0333215777739998e-04
10 104 40 4.7628687630859998e-04
10 104 41 4.6482337042599999e-04
10 104 42 4.5102374960730000e-04
10 104 43 4.3074790197900000e-04
10 104 44 4.1303409602830001e-04
10 104 45 4.0827570249460002e-04
10 104 46 3.9507010141089999e-04
10 104 47 3.8422295620270001e-04
10 104 48 3.7399897605160001e-04
10 104 49 3.6792941022219998e-04
10 104 50 3.6017581993029999e-04
10 104 51 3.5113041294150001e-04
10 104 52 3.4678861973839998e-04
10 104 53 3.3802473880930001e-04
10 104 54 3.3270416730320001e-04
10 104 55 3.3322776893099999e-04
10 104 56 3.3076851209129998e-04
10 104 57 3.2444159711839999e-04
10 104 58 3.1933718917140000e-04
10 104 59 3.1603301723410001e-04
10 104 60 3.2306137159289998e-04
10 104 61 3.4125097684230000e-04
10 104 62 3.6144657639970002e-04
10 104 63 3.3689876045066198e-30
13 0 0 1.2121774961416507e+00
13 0 1 5.7360049329783697e-02
13 0 2 1.4905918045574699e-02
13 0 3 6.9901951016296000e-03
13 0 4 3.9450669364177997e-03
13 0 5 2.5739365533363001e-03
13 0 6 1.7783505367402000e-03
13 0 7 1.3257907965134000e-03
13 0 8 1.0106149696457001e-03
13 0 9 8.0988906526169996e-04
13 0 10 6.5274460673390002e-04
13 0 11 5.4211381587719999e-04
13 0 12 4.6792926814569999e-04
13 0 13 3.9740887428040000e-04
13 0 14 3.4975086051769997e-04
13 0 15 3.0651815089229999e-04
13 0 16 2.7772431858630000e-04
13 0 17 2.4987463022259999e-04
13 0 18 2.2552758022330001e-04
13 0 19 2.0394421487350000e-04
13 0 20 1.8821516396719999e-04
13 0 21 1.7116920070920001e-04
13 0 22 1.5967163797090000e-04
13 0 23 1.4902406030619999e-04
13 0 24 1.3910071668060000e-04
13 0 25 1.3189326444509999e-04
13 0 26 1.2288724766820001e-04
13 0 27 1.1779943992080000e-04
13 0 28 1.1179591810140000e-04
13 0 29 1.0534135997950000e-04
13 0 30 1.0033516901420000e-04
13 0 31 9.5916354179627326e-05
13 0 32 9.3767418686536137e-05
13 0 33 8.8819414365148494e-05
13 0 34 8.5451094254953701e-05
13 0 35 8.3621495142946315e-05
13 0 36 7.9597059440615072e-05
13 0 37 7.6801825978533114e-05
13 0 38 7.5521562919698157e-05
13 0 39 7.3619048283487927e-05
13 0 40 7.2281969934381897e-05
13 0 41 6.9467745630085497e-05
13 0 42 6.8346835012230597e-05
13 0 43 6.7318667010765856e-05
13 0 44 6.7051743986285887e-05
13 0 45 6.4712230296964712e-05
13 0 46 6.3165044857792227e-05
13 0 47 6.2603861505066880e-05
13 0 48 6.1538957476825262e-05
13 0 49 6.0206481627211087e-05
13 0 50 6.0120429725436232e-05
13 0 51 5.8489764481895297e-05
13 0 52 5.7673653338634050e-05
13 0 53 5.7568041346326206e-05
13 0 54 5.7598992455495057e-05
13 0 55 5.7096486053368578e-05
13 0 56 5.6972761987702085e-05
13 0 57 5.6133265862835347e-05
13 0 58 5.5850516916432810e-05
13 0 59 5.4943707269019947e-05
13 0 60 5.4982313008744957e-05
13 0 61 5.5445868166394354e-05
13 0 62 5.5748823594886608e-05
13 0 63 3.2451105170605203e-30
13 8 0 3.9611465533547469e-01
13 8 1 7.7305816585728582e-01
13 8 2 4.9643702851459082e-01
13 8 3 2.0205185077277160e-01
13 8 4 1.0990197855095250e-01
13 8 5 6.1390447254679098e-02
13 8 6 3.5909975813469899e-02
13 8 7 2.1048895235655798e-02
13 8 8 1.2966471440482000e-02
13 8 9 7.7072729746204003e-03
13 8 10 4.8763732009974000e-03
13 8 11 3.0448731514014001e-03
13 8 12 1.9774513106436999e-03
13 8 13 1.3592655024031999e-03
13 8 14 9.2580626239149996e-04
13 8 15 6.8032481214750002e-04
13 8 16 5.1693633906820002e-04
13 8 17 4.0541358984770001e-04
13 8 18 3.3113008710570000e-04
13 8 19 2.7863924860619998e-04
13 8 20 2.4184654947740001e-04
13 8 21 2.0812971312029999e-04
13 8 22 1.8764689059330001e-04
13 8 23 1.6726003512209999e-04
13 8 24 1.5631281416209999e-04
13 8 25 1.4269831349479999e-04
13 8 26 1.3208240057640001e-04
13 8 27 1.2429813389510001e-04
13 8 28 1.1516027614830000e-04
13 8 29 1.0900895863230000e-04
13 8 30 1.0454928419600000e-04
13 8 31 9.9121184324173019e-05
13 8 32 9.4765781444617475e-05
13 8 33 9.0132413538168821e-05
13 8 34 8.6607620594159659e-05
13 8 35 8.4613580001724191e-05
13 8 36 8.2236553403837828e-05
13 8 37 7.9919200427997514e-05
13 8 38 7.6642628286296594e-05
13 8 39 7.5273568825677827e-05
13 8 40 7.1038970912062411e-05
13 8 41 6.9608498382313271e-05
13 8 42 6.8710277292968411e-05
13 8 43 6.6696092793810314e-05
13 8 44 6.6010964898741121e-05
13 8 45 6.5294409993915082e-05
13 8 46 6.4710583682523669e-05
13 8 47 6.2312800793993327e-05
13 8 48 6.1118381460016521e-05
13 8 49 6.1411886166441265e-05
13 8 50 5.9351187410004455e-05
13 8 51 6.0011905033616401e-05
13 8 52 5.8942388495883656e-05
13 8 53 5.8196951479624320e-05
13 8 54 5.8350993168443403e-05
13 8 55 5.6783109333462140e-05
13 8 56 5.6903167163974002e-05
13 8 57 5.6351327350518040e-05
13 8 58 5.6024074191477707e-05
13 8 59 5.6035405809856518e-05
13 8 60 5.5820087087905163e-05
13 8 61 5.6283057737302518e-05
13 8 62 5.6286286997735279e-05
13 8 63 1.7187746137595061e-30
13 16 0 2.8513195193044810e-01
13 16 1 7.2524451519324384e-01
13 16 2 5.0739910499198382e-01
13 16 3 3.0030670772398538e-01
13 16 4 1.7418883593044041e-01
13 16 5 1.0473695710600980e-01
13 16 6 6.5781089792702002e-02
13 16 7 4.3941291875850497e-02
13 16 8 2.8937909086421399e-02
13 16 9 1.9809496274620499e-02
13 16 10 1.3072015262569500e-02
13 16 11 9.0920143749234992e-03
13 16 12 6.1907506270406998e-03
13 16 13 4.2577714204099001e-03
13 16 14 2.9843969222784999e-03
13 16 15 2.0851757574945999e-03
13 16 16 1.5113082520740000e-03
13 16 17 1.1086132338415000e-03
13 16 18 8.4073846590199998e-04
13 16 19 6.4198826877080002e-04
13 16 20 5.0039618193089999e-04
13 16 21 4.0023596605980001e-04
13 16 22 3.2808812347320001e-04
13 16 23 2.7645674889570002e-04
13 16 24 2.3435272687889999e-04
13 16 25 2.0260979559420000e-04
13 16 26 1.7748269312149999e-04
13 16 27 1.5994500729390001e-04
13 16 28 1.4276716136060001e-04
13 16 29 1.3069327306780001e-04
13 16 30 1.2209228565120001e-04
13 16 31 1.1238601637190000e-04
13 16 32 1.0667516675020000e-04
13 16 33 1.0130283921870000e-04
13 16 34 9.6179292260252446e-05
13 16 35 9.0699815779793699e-05
13 16 36 8.8179773422910444e-05
13 16 37 8.5408600878729836e-05
13 16 38 8.1947713315708062e-05
13 16 39 7.8066990040653742e-05
13 16 40 7.5648984999723243e-05
13 16 41 7.3532917943537263e-05
13 16 42 7.3004479816510303e-05
13 16 43 7.0240294463982323e-05
13 16 44 6.8150652344240112e-05
13 16 45 6.7074754666568767e-05
13 16 46 6.5400905541956541e-05
13 16 47 6.5017635420650468e-05
13 16 48 6.4521921596969421e-05
13 16 49 6.2451793018995403e-05
13 16 50 6.2502160068475610e-05
13 16 51 6.0591005521042672e-05
13 16 52 6.0465329088217178e-05
13 16 53 6.0044140694275610e-05
13 16 54 5.8098872933852859e-05
13 16 55 5.7839733354854653e-05
13 16 56 5.7947673413653731e-05
13 16 57 5.8225894933885583e-05
13 16 58 5.7389385406736950e-05
13 16 59 5.7332879414161947e-05
13 16 60 5.6374276329602069e-05
13 16 61 5.6886094284641499e-05
13 16 62 5.6151821504854260e-05
13 16 63 1.5391375247297094e-30
13 32 0 3.4177003058474231e-01
13 32 1 7.2437405157110890e-01
13 32 2 5.2802660252482192e-01
13 32 3 3.2757615273664892e-01
13 32 4 1.9530475302393230e-01
13 32 5 1.2544708023996659e-01
13 32 6 7.9600958860247595e-02
13 32 7 5.2994195865570103e-02
13 32 8 3.4561203792027297e-02
13 32 9 2.3422114657627099e-02
13 32 10 1.6118019250614901e-02
13 32 11 1.1177531885632801e-02
13 32 12 7.7559549120611001e-03
13 32 13 5.5008987536526999e-03
13 32 14 3.9690784778257000e-03
13 32 15 2.9399745567951999e-03
13 32 16 2.1413453811715000e-03
13 32 17 1.6312386634857001e-03
13 32 18 1.2649592641385001e-03
13 32 19 9.8367242216499990e-04
13 32 20 7.8030661082589999e-04
13 32 21 6.3473647852470001e-04
13 32 22 5.2157000417839999e-04
13 32 23 4.2890034612709998e-04
13 32 24 3.6340367679890001e-04
13 32 25 3.0661641655860001e-04
13 32 26 2.6779978256390001e-04
13 32 27 2.3512298955540001e-04
13 32 28 2.0812481395360001e-04
13 32 29 1.8940984388860001e-04
13 32 30 1.6819183589839999e-04
13 32 31 1.5237939699779999e-04
13 32 32 1.4100454652090001e-04
13 32 33 1.3043498587379999e-04
13 32 34 1.2104880603140000e-04
13 32 35 1.1477913991330000e-04
13 32 36 1.0610267296209999e-04
13 32 37 1.0190556876010001e-04
13 32 38 9.6249410068378945e-05
13 32 39 9.3817320890893298e-05
13 32 40 8.8552792202382173e-05
13 32 41 8.6218433550626301e-05
13 32 42 8.2667208493180199e-05
13 32 43 7.8517574487986270e-05
13 32 44 7.6949370653490645e-05
13 32 45 7.5565481118167345e-05
13 32 46 7.3122041675241988e-05
13 32 47 7.1427211690035610e-05
13 32 48 6.9498059237220168e-05
13 32 49 6.8130091806801270e-05
13 32 50 6.7628395166986329e-05
13 32 51 6.6694399258355092e-05
13 32 52 6.6682215296330280e-05
13 32 53 6.3911313967036037e-05
13 32 54 6.4236170042357703e-05
13 32 55 6.2676337604348239e-05
13 32 56 6.1778279475115769e-05
13 32 57 6.1883241971736651e-05
13 32 58 6.1746057912391572e-05
13 32 59 6.1607464767919471e-05
13 32 60 6.1009481277938473e-05
13 32 61 6.0767724041940860e-05
13 32 62 6.0036299061870617e-05
13 32 63 1.8351594292601417e-30
13 48 0 4.2133943884725300e-01
13 48 1 7.6098385982112415e-01
13 48 2 5.9340136815178390e-01
13 48 3 3.6367072072818962e-01
13 48 4 2.2378778063648111e-01
13 48 5 1.4228603253653810e-01
13 48 6 9.0735327775340394e-02
13 48 7 5.9456522942657401e-02
13 48 8 3.9858563272825602e-02
13 48 9 2.6523903712892299e-02
13 48 10 1.8528452404923099e-02
13 48 11 1.2625156577453800e-02
13 48 12 9.1120511080635003e-03
13 48 13 6.4840594661896003e-03
13 48 14 4.8629796628430998e-03
13 48 15 3.5519130752293001e-03
13 48 16 2.7087973620441002e-03
13 48 17 2.0934792820079999e-03
13 48 18 1.6540660966415000e-03
13 48 19 1.3022710485230001e-03
13 48 20 1.0583623348404000e-03
13 48 21 8.7835778090050005e-04
13 48 22 7.3832428947929996e-04
13 48 23 6.2614792312200003e-04
13 48 24 5.2955799215920001e-04
13 48 25 4.5727835239249998e-04
13 48 26 4.0416830388940002e-04
13 48 27 3.5525794307839998e-04
13 48 28 3.1705817414740000e-04
13 48 29 2.8583062289260001e-04
13 48 30 2.5414891910859999e-04
13 48 31 2.3582021933519999e-04
13 48 32 2.1336224610060000e-04
13 48 33 1.9893134867970000e-04
13 48 34 1.8207785309140001e-04
13 48 35 1.7063566877720000e-04
13 48 36 1.6002433515220000e-04
13 48 37 1.5181476725750000e-04
13 48 38 1.4298309524499999e-04
13 48 39 1.3613752024790000e-04
13 48 40 1.2806575793090000e-04
13 48 41 1.2382949522440000e-04
13 48 42 1.1722903461860000e-04
13 48 43 1.1263089633290000e-04
13 48 44 1.0943671225510001e-04
13 48 45 1.0689644094240000e-04
13 48 46 1.0228202003310000e-04
13 48 47 9.9698326606568633e-05
13 48 48 9.7394848356536045e-05
13 48 49 9.4925403796598877e-05
13 48 50 9.2391013918954480e-05
13 48 51 9.1193922139947320e-05
13 48 52 8.9339224247007580e-05
13 48 53 8.8061963627255704e-05
13 48 54 8.7651455675737152e-05
13 48 55 8.5861225766218000e-05
13 48 56 8.4422078185077525e-05
13 48 57 8.5352109689749734e-05
13 48 58 8.3113792027662966e-05
13 48 59 8.3214943642077448e-05
13 48 60 8.1323203842879405e-05
13 48 61 7.9977386177499020e-05
13 48 62 8.5897526759491719e-05
13 48 63 2.1020284652516371e-30
13 64 0 5.2585154233042819e-01
13 64 1 8.1544414415687927e-01
13 64 2 6.9803900011690889e-01
13 64 3 4.3244991005124273e-01
13 64 4 2.6669534715754001e-01
13 64 5 1.6821430424776840e-01
13 64 6 1.0813719080660650e-01
13 64 7 7.0128303489050900e-02
13 64 8 4.6823072255941400e-02
13 64 9 3.2202247814826598e-02
13 64 10 2.2084350738256198e-02
13 64 11 1.5425747303231400e-02
13 64 12 1.1029802698425000e-02
13 64 13 8.0272542548640996e-03
13 64 14 5.9662767772396003e-03
13 64 15 4.4538102341939003e-03
13 64 16 3.4983896802203000e-03
13 64 17 2.7192056518200000e-03
13 64 18 2.1861847118968998e-03
13 64 19 1.7243200051065000e-03
13 64 20 1.4278977129797000e-03
13 64 21 1.1865998446503000e-03
13 64 22 1.0060107632848001e-03
13 64 23 8.5949953139279999e-04
13 64 24 7.4819138619909998e-04
13 64 25 6.7146157719000005e-04
13 64 26 5.9129816527860003e-04
13 64 27 5.2941059863660005e-04
13 64 28 4.7759510146179999e-04
13 64 29 4.3858851481529999e-04
13 64 30 4.0457256755640000e-04
13 64 31 3.7400208480130000e-04
13 64 32 3.5184724384379999e-04
13 64 33 3.2370991157720000e-04
13 64 34 3.1003660230949999e-04
13 64 35 2.8641899931999999e-04
13 64 36 2.7156242990830003e-04
13 64 37 2.6229724472350002e-04
13 64 38 2.4484425489489998e-04
13 64 39 2.3413410218659999e-04
13 64 40 2.2657059177349999e-04
13 64 41 2.1335437563949999e-04
13 64 42 2.0947919935640000e-04
13 64 43 1.9937359908310000e-04
13 64 44 1.9583674570490000e-04
13 64 45 1.9075244573559999e-04
13 64 46 1.8574698002179999e-04
13 64 47 1.8007561785630000e-04
13 64 48 1.7689439603819999e-04
13 64 49 1.7217909006360000e-04
13 64 50 1.6847943165850001e-04
13 64 51 1.6626429413000001e-04
13 64 52 1.6504232048730001e-04
13 64 53 1.6165302460879999e-04
13 64 54 1.6011206024070000e-04
13 64 55 1.5783165094850001e-04
13 64 56 1.5552251091080000e-04
13 64 57 1.5173839208870000e-04
13 64 58 1.5301510836720000e-04
13 64 59 1.4822028596639999e-04
13 64 60 1.5043788044839999e-04
13 64 61 1.4601893695840001e-04
13 64 62 1.7602767617370000e-04
13 64 63 2.5114393735589562e-30
13 72 0 5.7639490127030923e-01
13 72 1 8.3887046229724915e-01
13 72 2 7.5504010093628782e-01
13 72 3 4.5880966399338041e-01
13 72 4 2.9105616270832940e-01
13 72 5 1.8694176647313021e-01
13 72 6 1.2270121628141130e-01
13 72 7 8.0272170250118402e-02
13 72 8 5.3409039977520702e-02
13 72 9 3.7632362143711198e-02
13 72 10 2.5280879989300599e-02
13 72 11 1.8351872493163401e-02
13 72 12 1.3003949181105600e-02
13 72 13 9.5870645094030000e-03
13 72 14 7.0065169653169999e-03
13 72 15 5.3710303518131998e-03
13 72 16 4.1264357637298002e-03
13 72 17 3.2049166624150000e-03
13 72 18 2.5397958470029002e-03
13 72 19 2.0986570001925000e-03
13 72 20 1.6935351247717001e-03
13 72 21 1.3924255036438999e-03
13 72 22 1.2115472939459001e-03
13 72 23 1.0205192308405000e-03
13 72 24 8.9978256966640000e-04
13 72 25 7.8670390429039997e-04
13 72 26 6.9940761945670000e-04
13 72 27 6.3571251990790002e-04
13 72 28 5.7229571177900001e-04
13 72 29 5.2805788277050000e-04
13 72 30 4.9134679583680003e-04
13 72 31 4.5307189504550000e-04
13 72 32 4.1900866311069999e-04
13 72 33 3.9036402471570000e-04
13 72 34 3.6834119652100000e-04
13 72 35 3.5542067615029998e-04
13 72 36 3.3267237470780000e-04
13 72 37 3.1841415197690002e-04
13 72 38 3.0582438437430003e-04
13 72 39 2.8893290793650001e-04
13 72 40 2.7744345096989998e-04
13 72 41 2.6770777605739999e-04
13 72 42 2.6409568008469998e-04
13 72 43 2.4923041663830000e-04
13 72 44 2.4317040713810000e-04
13 72 45 2.3451495593220000e-04
13 72 46 2.3137075287460001e-04
13 72 47 2.2698272487719999e-04
13 72 48 2.2048387231009999e-04
13 72 49 2.1636962530410000e-04
13 72 50 2.1307829325209999e-04
13 72 51 2.1349030730899999e-04
13 72 52 2.0720859551960001e-04
13 72 53 2.0347933062269999e-04
13 72 54 2.0212491751690000e-04
13 72 55 1.9754869049740001e-04
13 72 56 1.9708034747889999e-04
13 72 57 1.9013598490350001e-04
13 72 58 1.9155879839309999e-04
13 72 59 1.9008587114160001e-04
13 72 60 1.8795615159990001e-04
13 72 61 1.9199503113920000e-04
13 72 62 2.3136947004330000e-04
13 72 63 2.7735174032197962e-30
13 80 0 5.8384324761862183e-01
13 80 1 8.5389041149748202e-01
13 80 2 7.7551602390126384e-01
13 80 3 4.8798864026592448e-01
13 80 4 3.1281848803784540e-01
13 80 5 2.0794710950950429e-01
13 80 6 1.3846777873703300e-01
13 80 7 9.5207625592171705e-02
13 80 8 6.5235899720100493e-02
13 80 9 4.6381637075042198e-02
13 80 10 3.2788891690438998e-02
13 80 11 2.3300863829479601e-02
13 80 12 1.7049702470183802e-02
13 80 13 1.2746668506346800e-02
13 80 14 9.2700800957724993e-03
13 80 15 6.8518336833448996e-03
13 80 16 5.2619266749646997e-03
13 80 17 4.0443957947521999e-03
13 80 18 3.2367056961847998e-03
13 80 19 2.6109641431400002e-03
13 80 20 2.1299519765744998e-03
13 80 21 1.7669293476080001e-03
13 80 22 1.4832239487782999e-03
13 80 23 1.2734580341610001e-03
13 80 24 1.0831642494875001e-03
13 80 25 9.6651667268850001e-04
13 80 26 8.5156201369980002e-04
13 80 27 7.7697556420139996e-04
13 80 28 6.8720722490380002e-04
13 80 29 6.2193621294070003e-04
13 80 30 5.7632420753040000e-04
13 80 31 5.4932868534620001e-04
13 80 32 4.9953606966990003e-04
13 80 33 4.7203545573520000e-04
13 80 34 4.3857450169690001e-04
13 80 35 4.1938922004840001e-04
13 80 36 4.0084609068550002e-04
13 80 37 3.7553244205750002e-04
13 80 38 3.5456191690129998e-04
13 80 39 3.4105775304800001e-04
13 80 40 3.3040608122839998e-04
13 80 41 3.1412279288699999e-04
13 80 42 3.0985377846040000e-04
13 80 43 2.9615602459830002e-04
13 80 44 2.8821077829359998e-04
13 80 45 2.8475925171209999e-04
13 80 46 2.7433969650079998e-04
13 80 47 2.6678844089349999e-04
13 80 48 2.6005419376780000e-04
13 80 49 2.5384432658890000e-04
13 80 50 2.4981736763000001e-04
13 80 51 2.4758015455929999e-04
13 80 52 2.4415310377180001e-04
13 80 53 2.3830117281060001e-04
13 80 54 2.3476502422759999e-04
13 80 55 2.3642425395250000e-04
13 80 56 2.2956350008050000e-04
13 80 57 2.2812783981959999e-04
13 80 58 2.2190556452089999e-04
13 80 59 2.2318086751629999e-04
13 80 60 2.1837296274010001e-04
13 80 61 2.3030426767920001e-04
13 80 62 2.5902883244420001e-04
13 80 63 2.9619235307936328e-30
13 88 0 5.8054931513287256e-01
13 88 1 8.5039492803145089e-01
13 88 2 7.7693121594738823e-01
13 88 3 5.0976881498959004e-01
13 88 4 3.2714438175271748e-01
13 88 5 2.2439714077349920e-01
13 88 6 1.5142500982151400e-01
13 88 7 1.0751356409148841e-01
13 88 8 7.6400093975386399e-02
13 88 9 5.5615617334110197e-02
13 88 10 4.0248103068023601e-02
13 88 11 2.9182096418058100e-02
13 88 12 2.2140143230329899e-02
13 88 13 1.6352493343628201e-02
13 88 14 1.1940695061223000e-02
13 88 15 9.0435238974084006e-03
13 88 16 7.0600812869922999e-03
13 88 17 5.4026492716891996e-03
13 88 18 4.1576720600003999e-03
13 88 19 3.3385247034236000e-03
13 88 20 2.6722659189131999e-03
13 88 21 2.2349081297644000e-03
13 88 22 1.8390338174959001e-03
13 88 23 1.5650679896050000e-03
13 88 24 1.3385771799574999e-03
13 88 25 1.1755320140589001e-03
13 88 26 1.0256542010215000e-03
13 88 27 9.1255534245069997e-04
13 88 28 8.3125217195099998e-04
13 88 29 7.4720335668560000e-04
13 88 30 6.8653250343819999e-04
13 88 31 6.3255291028069998e-04
13 88 32 5.8405201644530003e-04
13 88 33 5.4731731398490000e-04
13 88 34 5.1551215683620004e-04
13 88 35 4.8134434245309998e-04
13 88 36 4.6268910398379999e-04
13 88 37 4.3969314851369999e-04
13 88 38 4.0839975405299999e-04
13 88 39 3.9753680741440002e-04
13 88 40 3.8529932151370002e-04
13 88 41 3.6612410003110000e-04
13 88 42 3.5396020838770001e-04
13 88 43 3.4113258119370000e-04
13 88 44 3.3501227909169998e-04
13 88 45 3.2310692794500001e-04
13 88 46 3.1245617050669998e-04
13 88 47 3.0404951040779998e-04
13 88 48 2.9339864615900000e-04
13 88 49 2.9089368614549998e-04
13 88 50 2.8686202819100002e-04
13 88 51 2.8033029780670000e-04
13 88 52 2.7255258560560000e-04
13 88 53 2.6886288168110001e-04
13 88 54 2.6951547754479999e-04
13 88 55 2.6301609425649999e-04
13 88 56 2.6289148226370002e-04
13 88 57 2.5809750661159999e-04
13 88 58 2.5840390439089999e-04
13 88 59 2.5020224528779999e-04
13 88 60 2.4996401473709998e-04
13 88 61 2.7310731416240001e-04
13 88 62 2.8964945424449998e-04
13 88 63 3.1193652785723925e-30
13 96 0 5.7556536928132884e-01
13 96 1 8.3634121394907190e-01
13 96 2 7.9551131913834416e-01
13 96 3 5.0750587864312613e-01
13 96 4 3.4439977437854619e-01
13 96 5 2.3640300535232300e-01
13 96 6 1.6707652776470019e-01
13 96 7 1.1706827520297459e-01
13 96 8 8.5025190700715597e-02
13 96 9 6.3961543554472006e-02
13 96 10 4.7521643128900497e-02
13 96 11 3.5213819009228403e-02
13 96 12 2.7214518832317802e-02
13 96 13 2.0599856602167500e-02
13 96 14 1.5659397737563599e-02
13 96 15 1.1754947091204700e-02
13 96 16 8.9138426111350002e-03
13 96 17 6.8764522884996997e-03
13 96 18 5.3266928551012000e-03
13 96 19 4.2375029548007001e-03
13 96 20 3.3550521123920001e-03
13 96 21 2.7208425379640000e-03
13 96 22 2.2708861458788998e-03
13 96 23 1.8909804477176000e-03
13 96 24 1.6228004568709000e-03
13 96 25 1.3973183427645000e-03
13 96 26 1.2295378618544001e-03
13 96 27 1.0920405494257001e-03
13 96 28 9.7605566057669998e-04
13 96 29 8.8198719015940004e-04
13 96 30 7.9896379416269999e-04
13 96 31 7.2335024860409997e-04
13 96 32 6.8105696503940004e-04
13 96 33 6.2568409432629997e-04
13 96 34 5.9624051246969997e-04
13 96 35 5.6153394075400000e-04
13 96 36 5.2711482492920000e-04
13 96 37 4.9735599823880000e-04
13 96 38 4.7108443625880000e-04
13 96 39 4.5028658743279999e-04
13 96 40 4.3559410664110001e-04
13 96 41 4.1663891295390002e-04
13 96 42 4.0064673871480000e-04
13 96 43 3.8458384381270003e-04
13 96 44 3.7916077075589999e-04
13 96 45 3.6558352144500003e-04
13 96 46 3.5481856550309999e-04
13 96 47 3.4237821400920002e-04
13 96 48 3.4023612727429999e-04
13 96 49 3.3594520808690002e-04
13 96 50 3.2602509108019999e-04
13 96 51 3.2445735929889999e-04
13 96 52 3.1597365910220000e-04
13 96 53 3.1048179408799998e-04
13 96 54 3.0795181871120001e-04
13 96 55 2.9991893766760002e-04
13 96 56 2.9686959677439998e-04
13 96 57 2.8984851023270000e-04
13 96 58 2.9137680519139997e-04
13 96 59 2.8223008596350000e-04
13 96 60 2.8300691794889998e-04
13 96 61 3.0728990874259997e-04
13 96 62 3.2271048873839999e-04
13 96 63 3.3016147034300256e-30
13 104 0 5.7097081162937691e-01
13 104 1 8.1431673479143529e-01
13 104 2 8.0240936986456235e-01
13 104 3 5.1653768362826480e-01
13 104 4 3.5473053338630761e-01
13 104 5 2.4402540222442909e-01
13 104 6 1.7641364691047479e-01
13 104 7 1.2850995276106439e-01
13 104 8 9.2096313948826100e-02
13 104 9 6.9003897225755798e-02
13 104 10 5.3335379854013300e-02
13 104 11 4.0972933475921201e-02
13 104 12 3.2055075554194103e-02
13 104 13 2.4719194621351501e-02
13 104 14 1.9338304594258001e-02
13 104 15 1.4635566608318801e-02
13 104 16 1.1381948798922200e-02
13 104 17 8.7097200359690999e-03
13 104 18 6.8406525359608998e-03
13 104 19 5.4225711931971000e-03
13 104 20 4.3073131249716000e-03
13 104 21 3.4517258868786999e-03
13 104 22 2.7804403662253000e-03
13 104 23 2.3397228479294999e-03
13 104 24 1.9447991692681001e-03
13 104 25 1.6904521739323000e-03
13 104 26 1.4598930320468999e-03
13 104 27 1.2647137051294999e-03
13 104 28 1.1641857225700000e-03
13 104 29 1.0249780511192999e-03
13 104 30 9.3746203877319995e-04
13 104 31 8.5502475668900000e-04
13 104 32 7.8851346021230004e-04
13 104 33 7.2257136378049995e-04
13 104 34 6.9054435591189996e-04
13 104 35 6.3802037133939998e-04
13 104 36 6.0001222693009996e-04
13 104 37 5.6369537400319995e-04
13 104 38 5.4022522047769998e-04
13 104 39 5.1381220565999998e-04
13 104 40 4.9313106838780004e-04
13 104 41 4.7434720364640000e-04
13 104 42 4.5881482205900002e-04
13 104 43 4.3783611537579999e-04
13 104 44 4.3127971290229998e-04
13 104 45 4.1931607146749998e-04
13 104 46 4.0511113772389998e-04
13 104 47 4.0120053324550000e-04
13 104 48 3.9002087529689999e-04
13 104 49 3.7987756169849998e-04
13 104 50 3.7220390712440000e-04
13 104 51 3.6682228759930000e-04
13 104 52 3.6034265233680002e-04
13 104 53 3.5374132276989997e-04
13 104 54 3.4699606991430001e-04
13 104 55 3.4199830753429999e-04
13 104 56 3.3942505124550000e-04
13 104 57 3.3633259505770001e-04
13 104 58 3.3046981438430002e-04
13 104 59 3.2540761230510001e-04
13 104 60 3.3570899439730001e-04
13 104 61 3.5411751535950001e-04
13 104 62 3.5865794843300002e-04
13 104 63 3.4351923002804233e-30
19 0 0 1.2131791929846625e+00
19 0 1 5.3883620343811098e-02
19 0 2 1.6589341778003901e-02
19 0 3 6.9890419185440998e-03
19 0 4 3.8326078499074001e-03
19 0 5 2.6034991454487000e-03
19 0 6 1.8275117207079000e-03
19 0 7 1.2937631307820001e-03
19 0 8 1.0207593073623001e-03
19 0 9 8.0896706335880004e-04
19 0 10 6.5826562859909996e-04
19 0 11 5.5415601577559999e-04
19 0 12 4.7279736609490001e-04
19 0 13 3.8777396436960002e-04
19 0 14 3.5749907192210000e-04
19 0 15 3.0812341458949998e-04
19 0 16 2.7238242807129997e-04
19 0 17 2.4332101038400001e-04
19 0 18 2.2500033605700001e-04
19 0 19 2.0205953506500000e-04
19 0 20 1.8800674454029999e-04
19 0 21 1.7034388268610001e-04
19 0 22 1.5981270049740000e-04
19 0 23 1.4894443418329999e-04
19 0 24 1.3782564339020001e-04
19 0 25 1.3138094018650000e-04
19 0 26 1.2439123176070000e-04
19 0 27 1.1446639757310000e-04
19 0 28 1.1008243357080000e-04
19 0 29 1.0534640904880000e-04
19 0 30 1.0041311364340000e-04
19 0 31 9.5680734407514883e-05
19 0 32 9.3621828090531398e-05
19 0 33 8.8335675345880036e-05
19 0 34 8.4919063204959527e-05
19 0 35 8.2419268905346596e-05
19 0 36 7.8760705009475127e-05
19 0 37 7.7110163734615288e-05
19 0 38 7.5923506333975356e-05
19 0 39 7.4578186030073551e-05
19 0 40 7.2111571840107616e-05
19 0 41 6.9618127081912129e-05
19 0 42 6.7735816268406005e-05
19 0 43 6.6806077395490702e-05
19 0 44 6.5779680709136487e-05
19 0 45 6.5209936697035968e-05
19 0 46 6.3577788375458820e-05
19 0 47 6.1755956247097464e-05
19 0 48 6.1360688504204125e-05
19 0 49 6.0270959960390649e-05
19 0 50 6.0184531771152725e-05
19 0 51 5.9628659242947672e-05
19 0 52 5.8298555592449776e-05
19 0 53 5.7325120660513771e-05
19 0 54 5.7449906909113473e-05
19 0 55 5.5764849168090713e-05
19 0 56 5.6410870880674863e-05
19 0 57 5.6889902149746207e-05
19 0 58 5.5551279371644610e-05
19 0 59 5.5788705439065753e-05
19 0 60 5.5670561722084375e-05
19 0 61 5.5276041341139229e-05
19 0 62 5.6033528925881369e-05
19 0 63 3.2471740708736416e-30
19 8 0 3.1985784254202793e-01
19 8 1 8.5442343445789215e-01
19 8 2 4.8409427602754818e-01
19 8 3 2.4219553220836271e-01
19 8 4 1.2455587811782730e-01
19 8 5 7.2584593777095002e-02
19 8 6 4.4091319326671201e-02
19 8 7 2.6888064978340301e-02
19 8 8 1.6870467444592800e-02
19 8 9 1.0453109789674200e-02
19 8 10 6.5218874626019998e-03
19 8 11 4.2079235645552000e-03
19 8 12 2.7127341116096001e-03
19 8 13 1.8249818863924001e-03
19 8 14 1.2343000193090999e-03
19 8 15 8.8409819013099997e-04
19 8 16 6.3933323509400000e-04
19 8 17 4.8795895594600002e-04
19 8 18 3.8002835972060002e-04
19 8 19 3.0563189834560000e-04
19 8 20 2.6071108865310000e-04
19 8 21 2.2218622891070000e-04
19 8 22 1.9411522613869999e-04
19 8 23 1.7611323465519999e-04
19 8 24 1.5935521867680000e-04
19 8 25 1.4678527901289999e-04
19 8 26 1.3353817924470000e-04
19 8 27 1.2685679268490001e-04
19 8 28 1.1867229865040000e-04
19 8 29 1.0942002096669999e-04
19 8 30 1.0513136763280000e-04
19 8 31 1.0081644958100000e-04
19 8 32 9.6562735897105759e-05
19 8 33 9.0554777621567318e-05
19 8 34 8.8092205902699875e-05
19 8 35 8.3456666013921146e-05
19 8 36 8.0647132490798283e-05
19 8 37 8.0184832509286365e-05
19 8 38 7.7198698670244464e-05
19 8 39 7.4691219410629334e-05
19 8 40 7.3383466758442361e-05
19 8 41 7.0174788939877060e-05
19 8 42 6.9550719184571200e-05
19 8 43 6.7796418056935816e-05
19 8 44 6.6661456919245133e-05
19 8 45 6.5393920857539096e-05
19 8 46 6.3747296956034264e-05
19 8 47 6.2961211208828024e-05
19 8 48 6.2085009364130374e-05
19 8 49 6.0286147661721838e-05
19 8 50 6.0450884432070941e-05
19 8 51 5.9376626727828646e-05
19 8 52 5.9300160093742209e-05
19 8 53 5.8070936648314232e-05
19 8 54 5.7133611705476016e-05
19 8 55 5.7414537737743198e-05
19 8 56 5.6735233139837132e-05
19 8 57 5.6067129076161947e-05
19 8 58 5.6691021813382640e-05
19 8 59 5.7136932423066908e-05
19 8 60 5.5338175467015806e-05
19 8 61 5.6547611477197374e-05
19 8 62 5.5590940597089597e-05
19 8 63 1.5092253880489711e-30
19 16 0 3.1574771809781288e-01
19 16 1 7.4383679293440252e-01
19 16 2 4.9967353482236287e-01
19 16 3 2.9119811210827501e-01
19 16 4 1.6865551621786051e-01
19 16 5 1.0149004739098549e-01
19 16 6 6.2764099301856197e-02
19 16 7 3.9896963863038100e-02
19 16 8 2.5809130462890399e-02
19 16 9 1.7277513771116099e-02
19 16 10 1.1431197782607601e-02
19 16 11 7.7313140151494004e-03
19 16 12 5.3253982510816002e-03
19 16 13 3.6556219085173000e-03
19 16 14 2.5844291873572999e-03
19 16 15 1.8432906093194001e-03
19 16 16 1.3345725212101001e-03
19 16 17 9.8812063429659994e-04
19 16 18 7.5274298818689997e-04
19 16 19 5.7964218317009997e-04
19 16 20 4.6433890483470002e-04
19 16 21 3.7590669754229998e-04
19 16 22 3.1003501949160002e-04
19 16 23 2.5794830521630002e-04
19 16 24 2.2492799699320000e-04
19 16 25 1.9396089155220001e-04
19 16 26 1.7571264441670000e-04
19 16 27 1.5450876086509999e-04
19 16 28 1.4108069827890000e-04
19 16 29 1.3116561055020001e-04
19 16 30 1.1858440494250000e-04
19 16 31 1.1172675844360001e-04
19 16 32 1.0493234243940000e-04
19 16 33 9.9935506611065162e-05
19 16 34 9.3902671239333034e-05
19 16 35 9.0145825811647565e-05
19 16 36 8.6823632142313801e-05
19 16 37 8.2385887288855729e-05
19 16 38 7.9001438930483754e-05
19 16 39 7.6989326112278055e-05
19 16 40 7.5300307441857563e-05
19 16 41 7.2456184207294314e-05
19 16 42 7.0846291721400541e-05
19 16 43 7.0423309683081194e-05
19 16 44 6.8464726641962300e-05
19 16 45 6.5625479401225432e-05
19 16 46 6.3861146770801246e-05
19 16 47 6.4472862888562160e-05
19 16 48 6.3636458477506176e-05
19 16 49 6.2164925580786653e-05
19 16 50 6.0777778414258552e-05
19 16 51 6.1310143163350648e-05
19 16 52 6.0114986280781791e-05
19 16 53 5.9332379392982851e-05
19 16 54 5.8811537621631909e-05
19 16 55 5.8302617387105373e-05
19 16 56 5.7384839479649909e-05
19 16 57 5.7224772185462571e-05
19 16 58 5.7485789665309009e-05
19 16 59 5.6870299550902213e-05
19 16 60 5.6919468869588576e-05
19 16 61 5.6761541795952348e-05
19 16 62 5.6618859349294326e-05
19 16 63 1.5761985335205505e-30
19 32 0 3.9899108485044799e-01
19 32 1 7.5530437363286862e-01
19 32 2 5.3878136445174984e-01
19 32 3 3.2323576170050888e-01
19 32 4 1.9049966474366861e-01
19 32 5 1.1520995303256060e-01
19 32 6 7.3616850245417600e-02
19 32 7 4.6270043214272097e-02
19 32 8 2.9919342358493601e-02
19 32 9 1.9597405375673400e-02
19 32 10 1.3018762065547000e-02
19 32 11 8.8120532281440993e-03
19 32 12 6.2911026986706003e-03
19 32 13 4.4007525582499003e-03
19 32 14 3.1512561421135001e-03
19 32 15 2.3321462818201000e-03
19 32 16 1.7285001150623000e-03
19 32 17 1.3147462664783000e-03
19 32 18 1.0226183662060001e-03
19 32 19 8.0915282616220001e-04
19 32 20 6.5435038278590003e-04
19 32 21 5.3415214128169997e-04
19 32 22 4.5095478617159998e-04
19 32 23 3.7611186104649999e-04
19 32 24 3.2352708661559999e-04
19 32 25 2.8197880323360002e-04
19 32 26 2.4696031023289998e-04
19 32 27 2.1773193277080000e-04
19 32 28 1.9415360802780001e-04
19 32 29 1.7599664306490001e-04
19 32 30 1.5924346361629999e-04
19 32 31 1.4412242081050000e-04
19 32 32 1.3592581962520000e-04
19 32 33 1.2729369608279999e-04
19 32 34 1.1731477211029999e-04
19 32 35 1.1169123112680000e-04
19 32 36 1.0481276253470000e-04
19 32 37 9.8644179178207278e-05
19 32 38 9.4918887194427761e-05
19 32 39 9.1224208723133523e-05
19 32 40 8.6780035008909582e-05
19 32 41 8.4131515582480570e-05
19 32 42 8.0224479552486584e-05
19 32 43 7.7919721454280347e-05
19 32 44 7.4798922953081635e-05
19 32 45 7.5464335652658385e-05
19 32 46 7.2651015434769720e-05
19 32 47 7.0878402911025732e-05
19 32 48 6.8509577490446065e-05
19 32 49 6.7954146457943246e-05
19 32 50 6.6107463135903376e-05
19 32 51 6.4631857531100652e-05
19 32 52 6.4883885000413511e-05
19 32 53 6.4051908921221003e-05
19 32 54 6.3469753484341528e-05
19 32 55 6.2270701193193337e-05
19 32 56 6.2535351150974750e-05
19 32 57 6.1447017475195617e-05
19 32 58 6.1727738061850081e-05
19 32 59 6.0815865534883667e-05
19 32 60 6.1919273941484244e-05
19 32 61 5.9968509711310071e-05
19 32 62 5.9521073076579552e-05
19 32 63 1.9037954591496770e-30
19 48 0 4.8504121542901030e-01
19 48 1 7.9787820497215700e-01
19 48 2 6.3120647018723075e-01
19 48 3 3.7685109758760871e-01
19 48 4 2.2729565196444881e-01
19 48 5 1.4184380820656589e-01
19 48 6 8.6618688813716996e-02
19 48 7 5.6555433823399698e-02
19 48 8 3.6030931976548601e-02
19 48 9 2.3778124885545301e-02
19 48 10 1.5819731470425900e-02
19 48 11 1.1198225698715999e-02
19 48 12 7.6317257937149000e-03
19 48 13 5.4937382792197001e-03
19 48 14 4.1049756371591998e-03
19 48 15 3.0295473836766998e-03
19 48 16 2.3372006907650001e-03
19 48 17 1.8114772843645999e-03
19 48 18 1.4425912612470000e-03
19 48 19 1.1616092309266000e-03
19 48 20 9.5043462633849995e-04
19 48 21 7.9206039292529997e-04
19 48 22 6.7492176712959995e-04
19 48 23 5.7268102428620002e-04
19 48 24 5.0324876887370004e-04
19 48 25 4.3756824642129997e-04
19 48 26 3.9603300544629999e-04
19 48 27 3.5440920429609998e-04
19 48 28 3.1699976174470002e-04
19 48 29 2.9000613433760001e-04
19 48 30 2.6155346523409998e-04
19 48 31 2.4545327136829998e-04
19 48 32 2.2524013663980001e-04
19 48 33 2.1357891575330001e-04
19 48 34 1.9766321402509999e-04
19 48 35 1.8631818342249999e-04
19 48 36 1.7435982108780001e-04
19 48 37 1.6462998568600001e-04
19 48 38 1.5788881641099999e-04
19 48 39 1.5057764112650000e-04
19 48 40 1.4523775566150000e-04
19 48 41 1.3725819144250000e-04
19 48 42 1.3143373770500001e-04
19 48 43 1.2772678850589999e-04
19 48 44 1.2267127562609999e-04
19 48 45 1.1956706614170000e-04
19 48 46 1.1565909838570000e-04
19 48 47 1.1457355058280000e-04
19 48 48 1.0903203253040000e-04
19 48 49 1.0930664093390000e-04
19 48 50 1.0651205721790000e-04
19 48 51 1.0242200210579999e-04
19 48 52 1.0073429419560000e-04
19 48 53 9.9945692920926603e-05
19 48 54 9.9067467946084244e-05
19 48 55 9.7624193048173082e-05
19 48 56 9.6254308603993139e-05
19 48 57 9.5351830355160243e-05
19 48 58 9.3172668615079353e-05
19 48 59 9.2612741208760601e-05
19 48 60 9.2046504027611754e-05
19 48 61 8.9913704410251243e-05
19 48 62 1.0463124322910000e-04
19 48 63 2.2209318121370441e-30
19 64 0 6.2194971297699508e-01
19 64 1 8.3156877481168434e-01
19 64 2 7.5471088244462969e-01
19 64 3 4.4787442379798670e-01
19 64 4 2.8052005291966248e-01
19 64 5 1.7365974241164031e-01
19 64 6 1.1038109028029260e-01
19 64 7 7.0533712222714803e-02
19 64 8 4.6667207700242103e-02
19 64 9 3.1479554789302602e-02
19 64 10 2.1047863183399199e-02
19 64 11 1.4765794564588800e-02
19 64 12 1.0245309609116600e-02
19 64 13 7.4233610643595002e-03
19 64 14 5.5000870432029003e-03
19 64 15 4.1490099155077004e-03
19 64 16 3.1817396004059999e-03
19 64 17 2.4530717419224001e-03
19 64 18 1.9913181891594001e-03
19 64 19 1.6053524732481000e-03
19 64 20 1.2996097695366000e-03
19 64 21 1.1253472963986999e-03
19 64 22 9.6403565920600003e-04
19 64 23 8.2706410579970002e-04
19 64 24 7.2155182568929999e-04
19 64 25 6.4247598016710004e-04
19 64 26 5.8877497538110002e-04
19 64 27 5.3182300924989995e-04
19 64 28 4.8252259626039998e-04
19 64 29 4.4874052716340000e-04
19 64 30 4.1521466797139999e-04
19 64 31 3.8451254266780001e-04
19 64 32 3.6006458904459999e-04
19 64 33 3.3974880890930002e-04
19 64 34 3.1950228465340002e-04
19 64 35 3.0146042212229998e-04
19 64 36 2.8671328217000000e-04
19 64 37 2.7803083527570003e-04
19 64 38 2.6730419910759998e-04
19 64 39 2.5231884049650000e-04
19 64 40 2.4258843125770000e-04
19 64 41 2.3552846939200000e-04
19 64 42 2.2785349031090001e-04
19 64 43 2.2099035718949999e-04
19 64 44 2.1551550891770000e-04
19 64 45 2.1035548286510000e-04
19 64 46 2.0566536192590001e-04
19 64 47 2.0044584457670000e-04
19 64 48 1.9766393924970001e-04
19 64 49 1.9398179042969999e-04
19 64 50 1.9281151128770001e-04
19 64 51 1.8658157412280001e-04
19 64 52 1.8428794419500001e-04
19 64 53 1.8169154367790000e-04
19 64 54 1.7943001716180001e-04
19 64 55 1.7926456074060000e-04
19 64 56 1.7468383429080001e-04
19 64 57 1.7743728697770000e-04
19 64 58 1.7352287858210001e-04
19 64 59 1.7209950337260000e-04
19 64 60 1.6556914650800000e-04
19 64 61 1.7300123156110001e-04
19 64 62 2.1046795358570000e-04
19 64 63 2.7261728429195651e-30
19 72 0 6.5593198580921919e-01
19 72 1 8.3908528433720719e-01
19 72 2 8.0053112353434308e-01
19 72 3 4.6832178171476080e-01
19 72 4 3.0157910192795029e-01
19 72 5 1.9721202470593280e-01
19 72 6 1.2803742447419950e-01
19 72 7 8.5237257066804906e-02
19 72 8 5.7683799430795199e-02
19 72 9 3.8432125447059401e-02
19 72 10 2.6944958683994699e-02
19 72 11 1.8633833899606898e-02
19 72 12 1.3435911969598599e-02
19 72 13 9.7453215479511995e-03
19 72 14 7.2437800899550998e-03
19 72 15 5.3125490742308001e-03
19 72 16 4.0755886256172002e-03
19 72 17 3.1784074180345001e-03
19 72 18 2.4830694821421999e-03
19 72 19 2.0235196905811002e-03
19 72 20 1.6724305835673001e-03
19 72 21 1.3854042681226001e-03
19 72 22 1.1581798774632000e-03
19 72 23 1.0177422552282000e-03
19 72 24 8.8287653217290003e-04
19 72 25 7.9526169694460003e-04
19 72 26 7.0835575155650001e-04
19 72 27 6.3552917527540001e-04
19 72 28 5.8746542366470002e-04
19 72 29 5.3312755452279996e-04
19 72 30 4.9927992489959998e-04
19 72 31 4.6255032338770002e-04
19 72 32 4.3213561223140001e-04
19 72 33 4.0521016598929997e-04
19 72 34 3.8392770778399997e-04
19 72 35 3.5854773982200002e-04
19 72 36 3.4657917404780001e-04
19 72 37 3.2583314003780002e-04
19 72 38 3.1828145216970002e-04
19 72 39 3.0362517879959998e-04
19 72 40 2.9314999101569999e-04
19 72 41 2.7927166569689999e-04
19 72 42 2.7369199836369999e-04
19 72 43 2.6317318084239998e-04
19 72 44 2.5558192993660001e-04
19 72 45 2.4768744053720000e-04
19 72 46 2.4023783982039999e-04
19 72 47 2.3476647081239999e-04
19 72 48 2.2905242469770001e-04
19 72 49 2.2513855300969999e-04
19 72 50 2.2067340326560001e-04
19 72 51 2.1304346690450001e-04
19 72 52 2.1628880690140000e-04
19 72 53 2.1277145622769999e-04
19 72 54 2.0757256139630000e-04
19 72 55 2.0599385513269999e-04
19 72 56 2.0438541013360000e-04
19 72 57 2.0339598612960000e-04
19 72 58 2.0156140514329999e-04
19 72 59 1.9679187296789999e-04
19 72 60 1.9038123740580001e-04
19 72 61 2.1049626141420000e-04
19 72 62 2.3555777708450000e-04
19 72 63 2.9851689456669547e-30
19 80 0 6.2750947678914282e-01
19 80 1 8.6636151777381676e-01
19 80 2 8.0085991255113687e-01
19 80 3 4.9619015116238319e-01
19 80 4 3.2272313344210390e-01
19 80 5 2.1759937676283739e-01
19 80 6 1.4749653178328381e-01
19 80 7 1.0007280553768090e-01
19 80 8 7.0124562300099294e-02
19 80 9 4.9670945626384903e-02
19 80 10 3.5879836429757998e-02
19 80 11 2.5940756819342301e-02
19 80 12 1.8775562390113000e-02
19 80 13 1.3633075414459600e-02
19 80 14 9.9935122670776998e-03
19 80 15 7.4762912292549001e-03
19 80 16 5.5241270737169997e-03
19 80 17 4.2371714677506001e-03
19 80 18 3.3806541983980001e-03
19 80 19 2.6594205022627999e-03
19 80 20 2.1609061217140999e-03
19 80 21 1.7828268999807999e-03
19 80 22 1.5139994705276000e-03
19 80 23 1.3059167809667000e-03
19 80 24 1.1161621024442000e-03
19 80 25 9.7582249999630000e-04
19 80 26 8.6369029189290001e-04
19 80 27 7.8987942752500005e-04
19 80 28 7.1586259555490004e-04
19 80 29 6.4343173349860005e-04
19 80 30 5.9331619145300003e-04
19 80 31 5.4234368596820003e-04
19 80 32 4.9963734883700002e-04
19 80 33 4.8499824827649999e-04
19 80 34 4.5234387226520003e-04
19 80 35 4.2181039773429998e-04
19 80 36 4.0785563661079998e-04
19 80 37 3.8569642713600001e-04
19 80 38 3.7128991751030001e-04
19 80 39 3.5195500830690002e-04
19 80 40 3.3698703056830003e-04
19 80 41 3.2756559442099998e-04
19 80 42 3.1095165319979998e-04
19 80 43 3.0632260464810002e-04
19 80 44 2.9807315763720000e-04
19 80 45 2.8215851479790002e-04
19 80 46 2.7821907794870003e-04
19 80 47 2.6919604544880003e-04
19 80 48 2.6614975991510001e-04
19 80 49 2.6149447992380000e-04
19 80 50 2.5893375635869999e-04
19 80 51 2.5084021147710000e-04
19 80 52 2.4459710475359999e-04
19 80 53 2.4233189209620001e-04
19 80 54 2.3789775187520000e-04
19 80 55 2.3368539415720001e-04
19 80 56 2.2982495707400000e-04
19 80 57 2.3460466878090001e-04
19 80 58 2.2945034400069999e-04
19 80 59 2.2336381354490001e-04
19 80 60 2.2387157604500000e-04
19 80 61 2.4539186064260002e-04
19 80 62 2.5387279388219998e-04
19 80 63 3.1026899235249332e-30
19 88 0 6.1623839171435957e-01
19 88 1 8.6496196794880398e-01
19 88 2 8.0838160141480797e-01
19 88 3 5.0554068072949976e-01
19 88 4 3.3330621808404809e-01
19 88 5 2.2969466682695200e-01
19 88 6 1.5836877409142860e-01
19 88 7 1.1284431825079561e-01
19 88 8 8.1043938675103303e-02
19 88 9 5.8615972506587698e-02
19 88 10 4.2963772797579500e-02
19 88 11 3.1721957051555401e-02
19 88 12 2.4247808654079599e-02
19 88 13 1.7993633222740599e-02
19 88 14 1.3395471061491601e-02
19 88 15 1.0184286255778600e-02
19 88 16 7.6933278926843004e-03
19 88 17 5.8205587324739998e-03
19 88 18 4.5263723812076998e-03
19 88 19 3.5428382041081999e-03
19 88 20 2.8054539244544998e-03
19 88 21 2.2785656368534001e-03
19 88 22 1.8871005586935999e-03
19 88 23 1.6052448744984999e-03
19 88 24 1.3756961544685001e-03
19 88 25 1.1924127348137000e-03
19 88 26 1.0429887231655000e-03
19 88 27 9.3046474630599995e-04
19 88 28 8.4394257021999999e-04
19 88 29 7.6559317919519998e-04
19 88 30 6.9825745975580003e-04
19 88 31 6.3971866226589995e-04
19 88 32 6.0338242107090001e-04
19 88 33 5.5196664538559998e-04
19 88 34 5.1390449090600002e-04
19 88 35 4.9419018777620001e-04
19 88 36 4.6442016070490002e-04
19 88 37 4.3805326168230000e-04
19 88 38 4.1998711821309998e-04
19 88 39 4.1503404139540002e-04
19 88 40 3.8654151378720002e-04
19 88 41 3.7543572462510002e-04
19 88 42 3.6090475801209997e-04
19 88 43 3.5247107985180001e-04
19 88 44 3.4510901095299997e-04
19 88 45 3.2816073500080000e-04
19 88 46 3.2112891445590001e-04
19 88 47 3.1460785456510000e-04
19 88 48 3.0614618111800003e-04
19 88 49 2.9953764563179998e-04
19 88 50 2.9311922762190000e-04
19 88 51 2.8631803544249999e-04
19 88 52 2.8306075496210001e-04
19 88 53 2.7686738697409998e-04
19 88 54 2.6911531814809999e-04
19 88 55 2.7220731116060000e-04
19 88 56 2.6900362567250000e-04
19 88 57 2.6340358447800001e-04
19 88 58 2.6111319988499998e-04
19 88 59 2.5316392973100002e-04
19 88 60 2.5557839159129998e-04
19 88 61 2.8554111540170002e-04
19 88 62 2.8662006781960000e-04
19 88 63 3.2700520816312474e-30
19 96 0 5.9706175624485525e-01
19 96 1 8.6309819562570489e-01
19 96 2 8.0935615613524226e-01
19 96 3 5.0976236257335616e-01
19 96 4 3.4981379331669671e-01
19 96 5 2.3815509114450911e-01
19 96 6 1.6989126273758251e-01
19 96 7 1.2142165010709270e-01
19 96 8 9.0357802397962400e-02
19 96 9 6.6044971318941700e-02
19 96 10 4.9965454430922401e-02
19 96 11 3.8189411744272102e-02
19 96 12 2.9398823726632300e-02
19 96 13 2.2423410747416900e-02
19 96 14 1.7209059179945800e-02
19 96 15 1.3077576433181699e-02
19 96 16 1.0140353122522800e-02
19 96 17 7.7712858754376999e-03
19 96 18 5.9313061189743997e-03
19 96 19 4.6027119755503000e-03
19 96 20 3.7079073977075000e-03
19 96 21 2.9659540535615998e-03
19 96 22 2.4285542863710001e-03
19 96 23 2.0132258223416999e-03
19 96 24 1.7199411607216001e-03
19 96 25 1.4543562160727001e-03
19 96 26 1.2565379962756001e-03
19 96 27 1.1288386448473999e-03
19 96 28 9.9429217258310007e-04
19 96 29 8.9886311699260003e-04
19 96 30 8.0873324439630003e-04
19 96 31 7.4302682113170000e-04
19 96 32 7.0232117199620005e-04
19 96 33 6.4645577440660003e-04
19 96 34 6.1199853785250005e-04
19 96 35 5.7854329967639995e-04
19 96 36 5.3642766395210002e-04
19 96 37 5.0845561368810001e-04
19 96 38 4.8040863435219999e-04
19 96 39 4.6953959387669998e-04
19 96 40 4.4050738731069998e-04
19 96 41 4.3554694921730001e-04
19 96 42 4.1730432192539998e-04
19 96 43 3.9747682427640003e-04
19 96 44 3.9078853817249999e-04
19 96 45 3.7176777413869998e-04
19 96 46 3.6147532793780001e-04
19 96 47 3.5388017163799998e-04
19 96 48 3.4812478182749999e-04
19 96 49 3.4243846929680002e-04
19 96 50 3.3115853802029999e-04
19 96 51 3.3010192522200000e-04
19 96 52 3.2406585706110000e-04
19 96 53 3.1382737220039998e-04
19 96 54 3.1236748034109998e-04
19 96 55 3.0977087741910001e-04
19 96 56 3.0381591902400000e-04
19 96 57 3.0387937574280000e-04
19 96 58 2.9284528707830001e-04
19 96 59 2.8845360741710000e-04
19 96 60 3.0575409495320002e-04
19 96 61 3.2234572976550001e-04
19 96 62 3.2056474305619997e-04
19 96 63 3.4042449988624144e-30
19 104 0 5.7182378235933840e-01
19 104 1 8.5635651653847478e-01
19 104 2 8.0650488805183818e-01
19 104 3 5.2435379506641766e-01
19 104 4 3.6503378223819138e-01
19 104 5 2.5119608798017679e-01
19 104 6 1.8124900052819040e-01
19 104 7 1.3043154816243499e-01
19 104 8 9.6904766725974895e-02
19 104 9 7.3070404057339597e-02
19 104 10 5.6088773662120103e-02
19 104 11 4.3823638334489802e-02
19 104 12 3.4079910269196600e-02
19 104 13 2.6929112697799001e-02
19 104 14 2.0926125842691198e-02
19 104 15 1.6361787080905701e-02
19 104 16 1.2753259101189501e-02
19 104 17 9.8859162369451994e-03
19 104 18 7.6773903285564001e-03
19 104 19 6.0456887348219997e-03
19 104 20 4.7203304662477002e-03
19 104 21 3.7417658350030001e-03
19 104 22 3.1113460091422001e-03
19 104 23 2.4923717544693999e-03
19 104 24 2.1028738724721999e-03
19 104 25 1.8061891457217000e-03
19 104 26 1.5478106948719999e-03
19 104 27 1.3537532357982001e-03
19 104 28 1.2031495154781000e-03
19 104 29 1.0578094403964000e-03
19 104 30 9.5894790430750001e-04
19 104 31 8.9145709687209998e-04
19 104 32 8.0566119327059999e-04
19 104 33 7.5186390602509996e-04
19 104 34 7.0288222284880001e-04
19 104 35 6.5859533840630004e-04
19 104 36 6.1250185980070003e-04
19 104 37 5.7436679474869999e-04
19 104 38 5.5356502774769997e-04
19 104 39 5.2441299725750003e-04
19 104 40 5.0484232326149995e-04
19 104 41 4.8665606717060000e-04
19 104 42 4.6962629416760001e-04
19 104 43 4.4709201392489998e-04
19 104 44 4.3368532397540001e-04
19 104 45 4.2006787205300000e-04
19 104 46 4.0920162401250003e-04
19 104 47 4.0477327574429999e-04
19 104 48 3.9214446865219998e-04
19 104 49 3.8848034392989999e-04
19 104 50 3.7547451093409998e-04
19 104 51 3.7047360969710001e-04
19 104 52 3.6604647904379999e-04
19 104 53 3.5773699296510000e-04
19 104 54 3.5294628557060002e-04
19 104 55 3.5308808306680001e-04
19 104 56 3.4992458708040002e-04
19 104 57 3.4541628453849999e-04
19 104 58 3.4011591464199999e-04
19 104 59 3.4001167543230002e-04
19 104 60 3.4309260834480002e-04
19 104 61 3.6777598973679998e-04
19 104 62 3.6219638970369999e-04
19 104 63 3.5026086840719030e-30
