# Bond length fluctuation mode variances (taking last 30% of steps)
# Tau Act p Variance
0.1 0 0 3.1785330127736787e-05
0.1 0 1 1.5824914126622206e-05
0.1 0 2 1.5733734998201272e-05
0.1 0 3 1.5683002474274538e-05
0.1 0 4 1.5783853151519291e-05
0.1 0 5 1.5828601104994432e-05
0.1 0 6 1.6047582727352378e-05
0.1 0 7 1.5901410013930979e-05
0.1 0 8 1.5843446399510209e-05
0.1 0 9 1.5742663447573574e-05
0.1 0 10 1.5845007213411504e-05
0.1 0 11 1.5877271799701405e-05
0.1 0 12 1.6000375782632506e-05
0.1 0 13 1.5950784860178739e-05
0.1 0 14 1.5887491906408654e-05
0.1 0 15 1.6008119445433114e-05
0.1 0 16 1.5728681118606793e-05
0.1 0 17 1.6162967644544972e-05
0.1 0 18 1.5572816977103369e-05
0.1 0 19 1.6011194216115310e-05
0.1 0 20 1.6069635420611749e-05
0.1 0 21 1.5968233911732581e-05
0.1 0 22 1.5763505504113000e-05
0.1 0 23 1.6240683750667647e-05
0.1 0 24 1.6123381030889364e-05
0.1 0 25 1.5899136515929388e-05
0.1 0 26 1.6349393433309598e-05
0.1 0 27 1.5640914079055238e-05
0.1 0 28 1.5965875687374945e-05
0.1 0 29 1.5882302903051055e-05
0.1 0 30 1.5409210692790957e-05
0.1 0 31 1.5687845292486564e-05
0.1 0 32 1.6053040227634941e-05
0.1 0 33 1.5919182149154580e-05
0.1 0 34 1.6072209839873855e-05
0.1 0 35 1.5931168628541215e-05
0.1 0 36 1.5697819277503402e-05
0.1 0 37 1.5925732216409095e-05
0.1 0 38 1.6089745387032602e-05
0.1 0 39 1.6042358789541747e-05
0.1 0 40 1.6042801257503770e-05
0.1 0 41 1.5837532716037048e-05
0.1 0 42 1.6181500375512420e-05
0.1 0 43 1.5960161489971189e-05
0.1 0 44 1.6095551125306688e-05
0.1 0 45 1.5943195689620771e-05
0.1 0 46 1.5962617176445367e-05
0.1 0 47 1.6186619512835444e-05
0.1 0 48 1.5950503460966085e-05
0.1 0 49 1.5890962187550879e-05
0.1 0 50 1.5893316370442002e-05
0.1 0 51 1.6040228069449884e-05
0.1 0 52 1.5943754753580306e-05
0.1 0 53 1.6109001927327253e-05
0.1 0 54 1.5926067527097757e-05
0.1 0 55 1.6152687741240124e-05
0.1 0 56 1.6001477084516978e-05
0.1 0 57 1.5897647172007011e-05
0.1 0 58 1.6180986712322838e-05
0.1 0 59 1.6019960909724291e-05
0.1 0 60 1.6071023018828145e-05
0.1 0 61 1.5809074724188484e-05
0.1 0 62 1.6201243936019228e-05
0.1 0 63 1.8236437135900728e-33
0.1 8 0 3.2631078038616713e-05
0.1 8 1 1.6062928785642112e-05
0.1 8 2 1.6210137127546682e-05
0.1 8 3 1.6032003695650348e-05
0.1 8 4 1.5920208618967807e-05
0.1 8 5 1.6119602139512563e-05
0.1 8 6 1.5851712617465947e-05
0.1 8 7 1.5727964362084024e-05
0.1 8 8 1.5928825447222125e-05
0.1 8 9 1.5938418234715288e-05
0.1 8 10 1.5909294351301732e-05
0.1 8 11 1.5746359178323712e-05
0.1 8 12 1.6017928864035824e-05
0.1 8 13 1.5786970306063085e-05
0.1 8 14 1.5728823308482888e-05
0.1 8 15 1.6112286065386817e-05
0.1 8 16 1.5995006139414090e-05
0.1 8 17 1.6062696498614435e-05
0.1 8 18 1.5921884197607603e-05
0.1 8 19 1.5841170847794794e-05
0.1 8 20 1.5917752666178979e-05
0.1 8 21 1.5892164812349443e-05
0.1 8 22 1.6016974382534809e-05
0.1 8 23 1.5892995826126814e-05
0.1 8 24 1.5646125527819522e-05
0.1 8 25 1.5904851833533651e-05
0.1 8 26 1.6085624124793445e-05
0.1 8 27 1.6052690766588564e-05
0.1 8 28 1.5864750108122276e-05
0.1 8 29 1.5993044484705366e-05
0.1 8 30 1.5899977943405168e-05
0.1 8 31 1.5957121948421196e-05
0.1 8 32 1.6048387270040332e-05
0.1 8 33 1.5870529231479691e-05
0.1 8 34 1.5933689078058585e-05
0.1 8 35 1.5953662303137753e-05
0.1 8 36 1.6091830683799588e-05
0.1 8 37 1.6074348195179099e-05
0.1 8 38 1.5914577375957202e-05
0.1 8 39 1.6090437602093820e-05
0.1 8 40 1.5983802021443283e-05
0.1 8 41 1.6129944062520098e-05
0.1 8 42 1.5984039242844537e-05
0.1 8 43 1.6174976938852286e-05
0.1 8 44 1.5829467169721307e-05
0.1 8 45 1.6082555327839997e-05
0.1 8 46 1.6151448373625888e-05
0.1 8 47 1.6054281817602497e-05
0.1 8 48 1.6032663405141685e-05
0.1 8 49 1.6100354664091100e-05
0.1 8 50 1.6032954541630191e-05
0.1 8 51 1.6134431954711971e-05
0.1 8 52 1.6083405899658358e-05
0.1 8 53 1.6098341402040092e-05
0.1 8 54 1.6092436226023089e-05
0.1 8 55 1.5918862639293655e-05
0.1 8 56 1.5934338100894982e-05
0.1 8 57 1.5884103367896181e-05
0.1 8 58 1.6000441954721903e-05
0.1 8 59 1.6326943860387559e-05
0.1 8 60 1.6181791237536750e-05
0.1 8 61 1.6022466348858845e-05
0.1 8 62 1.6151329165014830e-05
0.1 8 63 1.8436483834559786e-33
0.1 16 0 3.8065972889695667e-05
0.1 16 1 1.7476574881902732e-05
0.1 16 2 1.7396132477966715e-05
0.1 16 3 1.7041697494750523e-05
0.1 16 4 1.6353634582575555e-05
0.1 16 5 1.6144852740601140e-05
0.1 16 6 1.5996073133359666e-05
0.1 16 7 1.6209971531174486e-05
0.1 16 8 1.6069244381691673e-05
0.1 16 9 1.5803379670165828e-05
0.1 16 10 1.5834011446904959e-05
0.1 16 11 1.5915329561710118e-05
0.1 16 12 1.5949092461788303e-05
0.1 16 13 1.6221772262168272e-05
0.1 16 14 1.5857009739107630e-05
0.1 16 15 1.6043292203779926e-05
0.1 16 16 1.6103032200062639e-05
0.1 16 17 1.5927002260722000e-05
0.1 16 18 1.5887128270069956e-05
0.1 16 19 1.6049188211426978e-05
0.1 16 20 1.5701252230917892e-05
0.1 16 21 1.5846049461866169e-05
0.1 16 22 1.5908831797302861e-05
0.1 16 23 1.5936487855463697e-05
0.1 16 24 1.5864460947845214e-05
0.1 16 25 1.6254259688508335e-05
0.1 16 26 1.6019174182412306e-05
0.1 16 27 1.5870973786661711e-05
0.1 16 28 1.6121855056034457e-05
0.1 16 29 1.5963364370264764e-05
0.1 16 30 1.6031472421494014e-05
0.1 16 31 1.6109319178532868e-05
0.1 16 32 1.5796419370758077e-05
0.1 16 33 1.5900105774922577e-05
0.1 16 34 1.6164404568442403e-05
0.1 16 35 1.5999486578155806e-05
0.1 16 36 1.6168328927973893e-05
0.1 16 37 1.6015694081623368e-05
0.1 16 38 1.6198757277672817e-05
0.1 16 39 1.6131447887187084e-05
0.1 16 40 1.5913495969184743e-05
0.1 16 41 1.5917410113467641e-05
0.1 16 42 1.6138816078345451e-05
0.1 16 43 1.5974169258080529e-05
0.1 16 44 1.6072471965861275e-05
0.1 16 45 1.5774788909988865e-05
0.1 16 46 1.6003579206894712e-05
0.1 16 47 1.6329747185194896e-05
0.1 16 48 1.6193255485747571e-05
0.1 16 49 1.6011266423044297e-05
0.1 16 50 1.5912038312542445e-05
0.1 16 51 1.6123345278090192e-05
0.1 16 52 1.6145412590631543e-05
0.1 16 53 1.5727567908062001e-05
0.1 16 54 1.5983008428019695e-05
0.1 16 55 1.5742929552513033e-05
0.1 16 56 1.6134172321247060e-05
0.1 16 57 1.5993415477778986e-05
0.1 16 58 1.6335843389802392e-05
0.1 16 59 1.6024585959859208e-05
0.1 16 60 1.6305428112720564e-05
0.1 16 61 1.6091117542437625e-05
0.1 16 62 1.6148878067758828e-05
0.1 16 63 1.8466877563526579e-33
0.1 32 0 7.2176810347036240e-05
0.1 32 1 2.5445682292492047e-05
0.1 32 2 2.3925235732866647e-05
0.1 32 3 2.1681526521022441e-05
0.1 32 4 2.0221600108545862e-05
0.1 32 5 1.9124719689593584e-05
0.1 32 6 1.8167303159881727e-05
0.1 32 7 1.7763716294642577e-05
0.1 32 8 1.7803763494331372e-05
0.1 32 9 1.7313694914761902e-05
0.1 32 10 1.7267729659217757e-05
0.1 32 11 1.7036893572471009e-05
0.1 32 12 1.7276773483528781e-05
0.1 32 13 1.7015459208105103e-05
0.1 32 14 1.7091912502799602e-05
0.1 32 15 1.7040232206258968e-05
0.1 32 16 1.7016679092439899e-05
0.1 32 17 1.6788945768196692e-05
0.1 32 18 1.6901674294673855e-05
0.1 32 19 1.6676855552781453e-05
0.1 32 20 1.6626753926606718e-05
0.1 32 21 1.6806673305835160e-05
0.1 32 22 1.6799118994963666e-05
0.1 32 23 1.6452376722261619e-05
0.1 32 24 1.6620032854508915e-05
0.1 32 25 1.6564047135457429e-05
0.1 32 26 1.6413390925313673e-05
0.1 32 27 1.6376427941441178e-05
0.1 32 28 1.6356988686335774e-05
0.1 32 29 1.6763167057975609e-05
0.1 32 30 1.6380241649965364e-05
0.1 32 31 1.6443389704817819e-05
0.1 32 32 1.6535723200528075e-05
0.1 32 33 1.6647073985446586e-05
0.1 32 34 1.6317296024224003e-05
0.1 32 35 1.6295449477376386e-05
0.1 32 36 1.6575996717619643e-05
0.1 32 37 1.6422453232732943e-05
0.1 32 38 1.6157271004700971e-05
0.1 32 39 1.6259924975304661e-05
0.1 32 40 1.6153173462583381e-05
0.1 32 41 1.6384972023745718e-05
0.1 32 42 1.6011415155380318e-05
0.1 32 43 1.6126124060819717e-05
0.1 32 44 1.6501881290551562e-05
0.1 32 45 1.6394189446553774e-05
0.1 32 46 1.6325460019308989e-05
0.1 32 47 1.6616649106502941e-05
0.1 32 48 1.6402779311430912e-05
0.1 32 49 1.6351142403904823e-05
0.1 32 50 1.6165237314546725e-05
0.1 32 51 1.6168545640450477e-05
0.1 32 52 1.6451171494244108e-05
0.1 32 53 1.6449961451741705e-05
0.1 32 54 1.6335366665301727e-05
0.1 32 55 1.6066612912957046e-05
0.1 32 56 1.6389638241132801e-05
0.1 32 57 1.6201323752059706e-05
0.1 32 58 1.6353826128519262e-05
0.1 32 59 1.6232215210802334e-05
0.1 32 60 1.6212409474820879e-05
0.1 32 61 1.6293088862935553e-05
0.1 32 62 1.6193308346826387e-05
0.1 32 63 1.9689993073674158e-33
0.1 48 0 1.3370532121987955e-04
0.1 48 1 4.0142415133828717e-05
0.1 48 2 3.8204551209037461e-05
0.1 48 3 3.3481002233988514e-05
0.1 48 4 2.9534267930198544e-05
0.1 48 5 2.6453717854222878e-05
0.1 48 6 2.4311921985457969e-05
0.1 48 7 2.2888454754542784e-05
0.1 48 8 2.1810313383192172e-05
0.1 48 9 2.1134448673295929e-05
0.1 48 10 2.0864037162607588e-05
0.1 48 11 2.0493680425583649e-05
0.1 48 12 2.0127871886199884e-05
0.1 48 13 1.9896138374832345e-05
0.1 48 14 1.9747004411711640e-05
0.1 48 15 1.9695201714681081e-05
0.1 48 16 1.9816227439668317e-05
0.1 48 17 1.9427536176206999e-05
0.1 48 18 1.9459700272837128e-05
0.1 48 19 1.9063725275170925e-05
0.1 48 20 1.9142544999235094e-05
0.1 48 21 1.8872941901814694e-05
0.1 48 22 1.8549905724564293e-05
0.1 48 23 1.8740976178691761e-05
0.1 48 24 1.8872774342931303e-05
0.1 48 25 1.8400836832822526e-05
0.1 48 26 1.8474706466564176e-05
0.1 48 27 1.8256031028711287e-05
0.1 48 28 1.8373756261772479e-05
0.1 48 29 1.8284220846620684e-05
0.1 48 30 1.8224420569880825e-05
0.1 48 31 1.7998991382727321e-05
0.1 48 32 1.8025129770783974e-05
0.1 48 33 1.8049639826235846e-05
0.1 48 34 1.7707542568702723e-05
0.1 48 35 1.7634358089093402e-05
0.1 48 36 1.7890331379266756e-05
0.1 48 37 1.7643828008402948e-05
0.1 48 38 1.7521558188582968e-05
0.1 48 39 1.7170333915211392e-05
0.1 48 40 1.7507937319570139e-05
0.1 48 41 1.7443924310483484e-05
0.1 48 42 1.7310593207515131e-05
0.1 48 43 1.7345655977257161e-05
0.1 48 44 1.7325278650868463e-05
0.1 48 45 1.7197209983998212e-05
0.1 48 46 1.7157218675186027e-05
0.1 48 47 1.7059457685681059e-05
0.1 48 48 1.7280542172691156e-05
0.1 48 49 1.7240145322035175e-05
0.1 48 50 1.7126653319846368e-05
0.1 48 51 1.7261663161519584e-05
0.1 48 52 1.7231756543585779e-05
0.1 48 53 1.6868557549050526e-05
0.1 48 54 1.6989935323044133e-05
0.1 48 55 1.7154360891783978e-05
0.1 48 56 1.7411624412921830e-05
0.1 48 57 1.7113749214490680e-05
0.1 48 58 1.7213767226268183e-05
0.1 48 59 1.7577828177429478e-05
0.1 48 60 1.7121447539858587e-05
0.1 48 61 1.7189173129405744e-05
0.1 48 62 1.7323163850047896e-05
0.1 48 63 2.1317986148609299e-33
0.1 64 0 2.1986908300358196e-04
0.1 64 1 6.5015826172882263e-05
0.1 64 2 6.1890778682238690e-05
0.1 64 3 5.4855316448083431e-05
0.1 64 4 4.6110436436113571e-05
0.1 64 5 3.9260580916609928e-05
0.1 64 6 3.5507782972169654e-05
0.1 64 7 3.2462321409128684e-05
0.1 64 8 3.0316354810848687e-05
0.1 64 9 2.8484543573486871e-05
0.1 64 10 2.7169078435711333e-05
0.1 64 11 2.6730221179971829e-05
0.1 64 12 2.6152869304042680e-05
0.1 64 13 2.5602499276880025e-05
0.1 64 14 2.5010348095512331e-05
0.1 64 15 2.5019657513278540e-05
0.1 64 16 2.3996876136365333e-05
0.1 64 17 2.4513460817345617e-05
0.1 64 18 2.4244356293176410e-05
0.1 64 19 2.3678773968922290e-05
0.1 64 20 2.3671271765100872e-05
0.1 64 21 2.3685354278406488e-05
0.1 64 22 2.3266791238708715e-05
0.1 64 23 2.3061670484132290e-05
0.1 64 24 2.2863079843673310e-05
0.1 64 25 2.2626807287384080e-05
0.1 64 26 2.2316152073551730e-05
0.1 64 27 2.2346710985330678e-05
0.1 64 28 2.2095593194184024e-05
0.1 64 29 2.1655129515920668e-05
0.1 64 30 2.1316700989579219e-05
0.1 64 31 2.1539436336387589e-05
0.1 64 32 2.1269097420943145e-05
0.1 64 33 2.1151462892017405e-05
0.1 64 34 2.1072953807115369e-05
0.1 64 35 2.1075196688225003e-05
0.1 64 36 2.0555439279863805e-05
0.1 64 37 2.0598852612493047e-05
0.1 64 38 2.0420809651121105e-05
0.1 64 39 2.0547376732121090e-05
0.1 64 40 2.0304248033788049e-05
0.1 64 41 2.0240166510411548e-05
0.1 64 42 2.0007889479592408e-05
0.1 64 43 2.0032448414842741e-05
0.1 64 44 1.9951643972149710e-05
0.1 64 45 2.0075423939181510e-05
0.1 64 46 1.9860584707046201e-05
0.1 64 47 1.9604399957840976e-05
0.1 64 48 1.9627827790999081e-05
0.1 64 49 1.9548759040305703e-05
0.1 64 50 1.9200487453243740e-05
0.1 64 51 1.9386113635169674e-05
0.1 64 52 1.9897877881922880e-05
0.1 64 53 1.9336387176765379e-05
0.1 64 54 1.9698131408927919e-05
0.1 64 55 1.9123640568851244e-05
0.1 64 56 1.9739282509173239e-05
0.1 64 57 1.9387410084926021e-05
0.1 64 58 1.9336787917285208e-05
0.1 64 59 1.9238019958017275e-05
0.1 64 60 1.9235058783966066e-05
0.1 64 61 1.9200229485648477e-05
0.1 64 62 1.9437911183691721e-05
0.1 64 63 2.6379584699066898e-33
0.1 72 0 2.7511347526752489e-04
0.1 72 1 8.5086479359374031e-05
0.1 72 2 8.1621335908769316e-05
0.1 72 3 6.7642411163106668e-05
0.1 72 4 5.7829255665158842e-05
0.1 72 5 4.9546734595729952e-05
0.1 72 6 4.3785489558396637e-05
0.1 72 7 3.9231126904405608e-05
0.1 72 8 3.6076062050479377e-05
0.1 72 9 3.3614563421283112e-05
0.1 72 10 3.2039467003765604e-05
0.1 72 11 3.1474036049986866e-05
0.1 72 12 3.0878653419402358e-05
0.1 72 13 2.9033648260743616e-05
0.1 72 14 2.8885742184889408e-05
0.1 72 15 2.9161425665000729e-05
0.1 72 16 2.8308448759869570e-05
0.1 72 17 2.8219874380702244e-05
0.1 72 18 2.7260674620731711e-05
0.1 72 19 2.7111936887311189e-05
0.1 72 20 2.6926181541025376e-05
0.1 72 21 2.6539591710278625e-05
0.1 72 22 2.6264742331313611e-05
0.1 72 23 2.5846683069088196e-05
0.1 72 24 2.5946416827665671e-05
0.1 72 25 2.5505887895744220e-05
0.1 72 26 2.5244203448974011e-05
0.1 72 27 2.5021546852707529e-05
0.1 72 28 2.4572293275069782e-05
0.1 72 29 2.4689967504389532e-05
0.1 72 30 2.4307849651024040e-05
0.1 72 31 2.4060128525180892e-05
0.1 72 32 2.3690617546633139e-05
0.1 72 33 2.3388075601618116e-05
0.1 72 34 2.3387760972729923e-05
0.1 72 35 2.2976749096788422e-05
0.1 72 36 2.3293292865198383e-05
0.1 72 37 2.2866117081220408e-05
0.1 72 38 2.2859785276506096e-05
0.1 72 39 2.3050664617909689e-05
0.1 72 40 2.2522086599455423e-05
0.1 72 41 2.2630844122639560e-05
0.1 72 42 2.2237411669370011e-05
0.1 72 43 2.2192550585058791e-05
0.1 72 44 2.1932743379286543e-05
0.1 72 45 2.2109234657563012e-05
0.1 72 46 2.1920210943993203e-05
0.1 72 47 2.1598786488861050e-05
0.1 72 48 2.1524323953006316e-05
0.1 72 49 2.1516782608454691e-05
0.1 72 50 2.1244672149192369e-05
0.1 72 51 2.1287968323132396e-05
0.1 72 52 2.1470067599413547e-05
0.1 72 53 2.1267224944051329e-05
0.1 72 54 2.1263517580068082e-05
0.1 72 55 2.1100727040429889e-05
0.1 72 56 2.1130994492247907e-05
0.1 72 57 2.1261558100833799e-05
0.1 72 58 2.1349101735704091e-05
0.1 72 59 2.1039013784320575e-05
0.1 72 60 2.1049337978421940e-05
0.1 72 61 2.1234915428729640e-05
0.1 72 62 2.1146137401944108e-05
0.1 72 63 3.0225648719411037e-33
0.1 80 0 3.4389774443199138e-04
0.1 80 1 1.0791764942050001e-04
0.1 80 2 1.0123603510690000e-04
0.1 80 3 8.6329573832946593e-05
0.1 80 4 7.2092294924755909e-05
0.1 80 5 6.1455646367608065e-05
0.1 80 6 5.3558845402192659e-05
0.1 80 7 4.6885517416078078e-05
0.1 80 8 4.3984180464236082e-05
0.1 80 9 4.0554655716466251e-05
0.1 80 10 3.8237544837907883e-05
0.1 80 11 3.6754562629395331e-05
0.1 80 12 3.5105653805509545e-05
0.1 80 13 3.4178069022238043e-05
0.1 80 14 3.3714798056101539e-05
0.1 80 15 3.2924833258779723e-05
0.1 80 16 3.1918914939494171e-05
0.1 80 17 3.1684425766435173e-05
0.1 80 18 3.1929717411809658e-05
0.1 80 19 3.0929490498827550e-05
0.1 80 20 3.0798059684467030e-05
0.1 80 21 3.0452823771448759e-05
0.1 80 22 3.0197430051776117e-05
0.1 80 23 2.9952562635044248e-05
0.1 80 24 3.0211278857295520e-05
0.1 80 25 2.9750712141443693e-05
0.1 80 26 2.9145276674212085e-05
0.1 80 27 2.9330250907270291e-05
0.1 80 28 2.8517678877843015e-05
0.1 80 29 2.8126288608163912e-05
0.1 80 30 2.7771425808925147e-05
0.1 80 31 2.7561833127988191e-05
0.1 80 32 2.7695858371939921e-05
0.1 80 33 2.6921831807640642e-05
0.1 80 34 2.6871729960548672e-05
0.1 80 35 2.7084979342735577e-05
0.1 80 36 2.6405932168994523e-05
0.1 80 37 2.6325501960818417e-05
0.1 80 38 2.6087646524887300e-05
0.1 80 39 2.5863129058018364e-05
0.1 80 40 2.5229706143086223e-05
0.1 80 41 2.5293541021049067e-05
0.1 80 42 2.5095611499238919e-05
0.1 80 43 2.5295081759760279e-05
0.1 80 44 2.4742764216950902e-05
0.1 80 45 2.4527658498496400e-05
0.1 80 46 2.4852569101355005e-05
0.1 80 47 2.4172266817319556e-05
0.1 80 48 2.4365749356521009e-05
0.1 80 49 2.4466174151694665e-05
0.1 80 50 2.4376574782790413e-05
0.1 80 51 2.4054718668932332e-05
0.1 80 52 2.4002630823010214e-05
0.1 80 53 2.3834070090274719e-05
0.1 80 54 2.4062167260174299e-05
0.1 80 55 2.4037725066939063e-05
0.1 80 56 2.3635131885536265e-05
0.1 80 57 2.3688531149740385e-05
0.1 80 58 2.4201094729631404e-05
0.1 80 59 2.3927189756384599e-05
0.1 80 60 2.3729934615836081e-05
0.1 80 61 2.3698511919023121e-05
0.1 80 62 2.3411306673866542e-05
0.1 80 63 3.5119010285594396e-33
0.1 88 0 4.2182120389040002e-04
0.1 88 1 1.3381216563729999e-04
0.1 88 2 1.2842583086339999e-04
0.1 88 3 1.0725958037670000e-04
0.1 88 4 8.8748685607621496e-05
0.1 88 5 7.4437154380071287e-05
0.1 88 6 6.4009676695340648e-05
0.1 88 7 5.6470435169496317e-05
0.1 88 8 5.1611554512028611e-05
0.1 88 9 4.8000353985231645e-05
0.1 88 10 4.4903237418519727e-05
0.1 88 11 4.3251800430940383e-05
0.1 88 12 4.0665597457953992e-05
0.1 88 13 3.9887744953350898e-05
0.1 88 14 3.8776131935766629e-05
0.1 88 15 3.8687997645676375e-05
0.1 88 16 3.7396157703833850e-05
0.1 88 17 3.7395295857173352e-05
0.1 88 18 3.7088271922707300e-05
0.1 88 19 3.6216858648198963e-05
0.1 88 20 3.5412385477304366e-05
0.1 88 21 3.5080274643491607e-05
0.1 88 22 3.4846956572929020e-05
0.1 88 23 3.4952289783679583e-05
0.1 88 24 3.4258578740498711e-05
0.1 88 25 3.3264237680326015e-05
0.1 88 26 3.3201838777536810e-05
0.1 88 27 3.2589193179121539e-05
0.1 88 28 3.3012707009630123e-05
0.1 88 29 3.2564662502565633e-05
0.1 88 30 3.2213733063891698e-05
0.1 88 31 3.1968895216096426e-05
0.1 88 32 3.1583750711183971e-05
0.1 88 33 3.1320789431401812e-05
0.1 88 34 3.0872002124856442e-05
0.1 88 35 3.0031220091624529e-05
0.1 88 36 3.0415883313852800e-05
0.1 88 37 3.0429015573510112e-05
0.1 88 38 2.9741305220887649e-05
0.1 88 39 2.9183508173286622e-05
0.1 88 40 2.9399357262318536e-05
0.1 88 41 2.8934813960406612e-05
0.1 88 42 2.8538751375658005e-05
0.1 88 43 2.8800292234185214e-05
0.1 88 44 2.8711629240463720e-05
0.1 88 45 2.8078027507807977e-05
0.1 88 46 2.7661680512685450e-05
0.1 88 47 2.8059291571212856e-05
0.1 88 48 2.7815785951618048e-05
0.1 88 49 2.7453694181831565e-05
0.1 88 50 2.7625526216017785e-05
0.1 88 51 2.7334740784534249e-05
0.1 88 52 2.7523635099946114e-05
0.1 88 53 2.7169316304688049e-05
0.1 88 54 2.7262313688844368e-05
0.1 88 55 2.6918476401530708e-05
0.1 88 56 2.7274026675194250e-05
0.1 88 57 2.6669322048023125e-05
0.1 88 58 2.7141922057697183e-05
0.1 88 59 2.6671424479285817e-05
0.1 88 60 2.6780131665852077e-05
0.1 88 61 2.6396814946650011e-05
0.1 88 62 2.6413724705051103e-05
0.1 88 63 4.0335281754390801e-33
0.1 96 0 5.1295198784000000e-04
0.1 96 1 1.6642815415480000e-04
0.1 96 2 1.6202001597989999e-04
0.1 96 3 1.3339171192449999e-04
0.1 96 4 1.1203474596430001e-04
0.1 96 5 9.0729597078767523e-05
0.1 96 6 7.7950473818794920e-05
0.1 96 7 6.9323496889432893e-05
0.1 96 8 6.2151716112930072e-05
0.1 96 9 5.6281126580850862e-05
0.1 96 10 5.3339141097682405e-05
0.1 96 11 5.0994555540470207e-05
0.1 96 12 4.9136450769398464e-05
0.1 96 13 4.7172677026064193e-05
0.1 96 14 4.5332925639149293e-05
0.1 96 15 4.4450591251851199e-05
0.1 96 16 4.3609258473144291e-05
0.1 96 17 4.3233078154916266e-05
0.1 96 18 4.2642088420908917e-05
0.1 96 19 4.1755813450236853e-05
0.1 96 20 4.1235032124982986e-05
0.1 96 21 4.0693442984361139e-05
0.1 96 22 4.0039583068031703e-05
0.1 96 23 3.9942559337520255e-05
0.1 96 24 3.9109103336490739e-05
0.1 96 25 3.9087947470043042e-05
0.1 96 26 3.9030131863444050e-05
0.1 96 27 3.8410774302088470e-05
0.1 96 28 3.7366716792460762e-05
0.1 96 29 3.7252021942452008e-05
0.1 96 30 3.6833184422315735e-05
0.1 96 31 3.6820720817010413e-05
0.1 96 32 3.6453509517356127e-05
0.1 96 33 3.6160931143621002e-05
0.1 96 34 3.5189894629299147e-05
0.1 96 35 3.5246090056831371e-05
0.1 96 36 3.5136767113837266e-05
0.1 96 37 3.4048067357401371e-05
0.1 96 38 3.4437125841358339e-05
0.1 96 39 3.4427079880031938e-05
0.1 96 40 3.3711291830292187e-05
0.1 96 41 3.3378477391890096e-05
0.1 96 42 3.3266563548646723e-05
0.1 96 43 3.3520137664069425e-05
0.1 96 44 3.2348345470656642e-05
0.1 96 45 3.2881017334016586e-05
0.1 96 46 3.2797450742921508e-05
0.1 96 47 3.2106851563190602e-05
0.1 96 48 3.1922209198201795e-05
0.1 96 49 3.1975874734071260e-05
0.1 96 50 3.1359597740613153e-05
0.1 96 51 3.1070548954460670e-05
0.1 96 52 3.1346000260552289e-05
0.1 96 53 3.0848094369418570e-05
0.1 96 54 3.1257130809892360e-05
0.1 96 55 3.1190627450883051e-05
0.1 96 56 3.1012728404097727e-05
0.1 96 57 3.0415682446141010e-05
0.1 96 58 3.1172802157402540e-05
0.1 96 59 3.0649740088384617e-05
0.1 96 60 3.0243764934047143e-05
0.1 96 61 3.0341147628278041e-05
0.1 96 62 3.0678927896951935e-05
0.1 96 63 4.8024610646745855e-33
0.1 104 0 6.2383349396360002e-04
0.1 104 1 2.1189761978630001e-04
0.1 104 2 1.9939614430430000e-04
0.1 104 3 1.6064971833260001e-04
0.1 104 4 1.3292177461690001e-04
0.1 104 5 1.0936386043250001e-04
0.1 104 6 9.2577688927335161e-05
0.1 104 7 8.1519607679972616e-05
0.1 104 8 7.1562049286531443e-05
0.1 104 9 6.6040890288143389e-05
0.1 104 10 6.1921860878310443e-05
0.1 104 11 5.9053082773203993e-05
0.1 104 12 5.6839916176337177e-05
0.1 104 13 5.4886583984100060e-05
0.1 104 14 5.3180838885575997e-05
0.1 104 15 5.1776101306345312e-05
0.1 104 16 4.9690173017028778e-05
0.1 104 17 4.9768811839622873e-05
0.1 104 18 4.7926329342518170e-05
0.1 104 19 4.8226209533763992e-05
0.1 104 20 4.6840454159109353e-05
0.1 104 21 4.8064454071868273e-05
0.1 104 22 4.7143069261453580e-05
0.1 104 23 4.6572354805224027e-05
0.1 104 24 4.5582626984589415e-05
0.1 104 25 4.5122405729693663e-05
0.1 104 26 4.4702607701385707e-05
0.1 104 27 4.4310943661629850e-05
0.1 104 28 4.3409686250189721e-05
0.1 104 29 4.2934483280570354e-05
0.1 104 30 4.3360785680339424e-05
0.1 104 31 4.2834157267154598e-05
0.1 104 32 4.1619409833550291e-05
0.1 104 33 4.1434835972837548e-05
0.1 104 34 4.1363289670291927e-05
0.1 104 35 4.0840565485476047e-05
0.1 104 36 3.9970073394508121e-05
0.1 104 37 4.0138431950384933e-05
0.1 104 38 3.9254198744962721e-05
0.1 104 39 3.9317720754090935e-05
0.1 104 40 3.8569350431220503e-05
0.1 104 41 3.8907071433123812e-05
0.1 104 42 3.8335822131399706e-05
0.1 104 43 3.7720497345102782e-05
0.1 104 44 3.7478802115009120e-05
0.1 104 45 3.7010685662854388e-05
0.1 104 46 3.7645995306987981e-05
0.1 104 47 3.6434166089884641e-05
0.1 104 48 3.7188727706994297e-05
0.1 104 49 3.6179196126394043e-05
0.1 104 50 3.6156681951264573e-05
0.1 104 51 3.5822780891250653e-05
0.1 104 52 3.6093180103552977e-05
0.1 104 53 3.5496170711081813e-05
0.1 104 54 3.5716243117674201e-05
0.1 104 55 3.5443514321002331e-05
0.1 104 56 3.5835956649343230e-05
0.1 104 57 3.4983820245870514e-05
0.1 104 58 3.6170570891095791e-05
0.1 104 59 3.4938376644155809e-05
0.1 104 60 3.4858284293903317e-05
0.1 104 61 3.5171035303967594e-05
0.1 104 62 3.4405824092742038e-05
0.1 104 63 5.4894661282781380e-33
1 0 0 3.1747244995248243e-05
1 0 1 1.5990249566717987e-05
1 0 2 1.5989417324256578e-05
1 0 3 1.5757016789610343e-05
1 0 4 1.5865665204285364e-05
1 0 5 1.5788467575245390e-05
1 0 6 1.5742590549311027e-05
1 0 7 1.5976486327163112e-05
1 0 8 1.6063240370203337e-05
1 0 9 1.5939301673053025e-05
1 0 10 1.5821470816867989e-05
1 0 11 1.5652879152039968e-05
1 0 12 1.6049134566858604e-05
1 0 13 1.5982816567831432e-05
1 0 14 1.6063400933643468e-05
1 0 15 1.5864891341208198e-05
1 0 16 1.5611606308737134e-05
1 0 17 1.5674713205707989e-05
1 0 18 1.5935061240160091e-05
1 0 19 1.6010859074404910e-05
1 0 20 1.5700112625226269e-05
1 0 21 1.5752911868645914e-05
1 0 22 1.5913084439035542e-05
1 0 23 1.5715926353975557e-05
1 0 24 1.6245987222908485e-05
1 0 25 1.6046304195930329e-05
1 0 26 1.5970835243561734e-05
1 0 27 1.6152252387258097e-05
1 0 28 1.5697726374117416e-05
1 0 29 1.5929100610596957e-05
1 0 30 1.6033241275532638e-05
1 0 31 1.6088255347616487e-05
1 0 32 1.6118689369266245e-05
1 0 33 1.6171397731269175e-05
1 0 34 1.5878524375824761e-05
1 0 35 1.5833826292099087e-05
1 0 36 1.5779580516399971e-05
1 0 37 1.5893172731769668e-05
1 0 38 1.5981041369197247e-05
1 0 39 1.5723414346623640e-05
1 0 40 1.6007540210772800e-05
1 0 41 1.6036572161998553e-05
1 0 42 1.5846434830202048e-05
1 0 43 1.5787445306272437e-05
1 0 44 1.5990138365466346e-05
1 0 45 1.6113375177009163e-05
1 0 46 1.5880294986798586e-05
1 0 47 1.5955001771889844e-05
1 0 48 1.5932235504038718e-05
1 0 49 1.5783933181549271e-05
1 0 50 1.6277010152099691e-05
1 0 51 1.5829074249708765e-05
1 0 52 1.5927767269698397e-05
1 0 53 1.5997237726539303e-05
1 0 54 1.6012016314490969e-05
1 0 55 1.6153873886216536e-05
1 0 56 1.5949641811141460e-05
1 0 57 1.6169630066038521e-05
1 0 58 1.6041186100185675e-05
1 0 59 1.6139433140623838e-05
1 0 60 1.6061012649277812e-05
1 0 61 1.5867215968319717e-05
1 0 62 1.5906295354371883e-05
1 0 63 1.8312789575105758e-33
1 8 0 3.4094755197262902e-05
1 8 1 1.6536057335940380e-05
1 8 2 1.6047370232502388e-05
1 8 3 1.5708667940643184e-05
1 8 4 1.6135874464201805e-05
1 8 5 1.5860467726150515e-05
1 8 6 1.5975684423970619e-05
1 8 7 1.6150534447697889e-05
1 8 8 1.5775199688704886e-05
1 8 9 1.5851690514713779e-05
1 8 10 1.5781333425652031e-05
1 8 11 1.5798242259291309e-05
1 8 12 1.5727983097765830e-05
1 8 13 1.5906591875189044e-05
1 8 14 1.5579827412315117e-05
1 8 15 1.6228213216472226e-05
1 8 16 1.6052618533686873e-05
1 8 17 1.5667994827076079e-05
1 8 18 1.5901703046705084e-05
1 8 19 1.5986497719343474e-05
1 8 20 1.6008757977560180e-05
1 8 21 1.5867954359615497e-05
1 8 22 1.5895013650046780e-05
1 8 23 1.5902796089584646e-05
1 8 24 1.5973400889394910e-05
1 8 25 1.6051396433170572e-05
1 8 26 1.6029101364079319e-05
1 8 27 1.6049939087510877e-05
1 8 28 1.5897600910989805e-05
1 8 29 1.5823016519689317e-05
1 8 30 1.5745428894310454e-05
1 8 31 1.5981401069320633e-05
1 8 32 1.5917315042774068e-05
1 8 33 1.5838285547164974e-05
1 8 34 1.5821638259489955e-05
1 8 35 1.5933932101781218e-05
1 8 36 1.6036899525998441e-05
1 8 37 1.6106089007041142e-05
1 8 38 1.5944175347805756e-05
1 8 39 1.6052049565803937e-05
1 8 40 1.6073196487743173e-05
1 8 41 1.6079607827421265e-05
1 8 42 1.5901895393401661e-05
1 8 43 1.5893698054388847e-05
1 8 44 1.6280263241135063e-05
1 8 45 1.6193432467905277e-05
1 8 46 1.6025957667231059e-05
1 8 47 1.5950966742322217e-05
1 8 48 1.5995279332580878e-05
1 8 49 1.5944492726850181e-05
1 8 50 1.6124783744989565e-05
1 8 51 1.5973757402095019e-05
1 8 52 1.6017458066239805e-05
1 8 53 1.6152077796768079e-05
1 8 54 1.6293908903248795e-05
1 8 55 1.6165314361966266e-05
1 8 56 1.6331457238899917e-05
1 8 57 1.6087175764810669e-05
1 8 58 1.5982569921806407e-05
1 8 59 1.6012453983857680e-05
1 8 60 1.6427577678441443e-05
1 8 61 1.6271088923173509e-05
1 8 62 1.5883209718022984e-05
1 8 63 1.8283359771967705e-33
1 16 0 4.7611919255240174e-05
1 16 1 1.8909862537771195e-05
1 16 2 1.8196827946906875e-05
1 16 3 1.7255683276316396e-05
1 16 4 1.6929000207229626e-05
1 16 5 1.6445975551412882e-05
1 16 6 1.6434568604056856e-05
1 16 7 1.6127072196187833e-05
1 16 8 1.6197969541378935e-05
1 16 9 1.6258886445577101e-05
1 16 10 1.6251766143099592e-05
1 16 11 1.5661033665841048e-05
1 16 12 1.6102087519880384e-05
1 16 13 1.6079153307707925e-05
1 16 14 1.5953359820406009e-05
1 16 15 1.6166365261805422e-05
1 16 16 1.6036325879282510e-05
1 16 17 1.6077110682394035e-05
1 16 18 1.5980401738945055e-05
1 16 19 1.5952561592071375e-05
1 16 20 1.5938331740222388e-05
1 16 21 1.6364176420193478e-05
1 16 22 1.6114202129184370e-05
1 16 23 1.6053153015018073e-05
1 16 24 1.5840931689145502e-05
1 16 25 1.6169054706265838e-05
1 16 26 1.5930166662170472e-05
1 16 27 1.6303832658332555e-05
1 16 28 1.6272420629199982e-05
1 16 29 1.6003849168332801e-05
1 16 30 1.5926712396946138e-05
1 16 31 1.6115803277681541e-05
1 16 32 1.5717652958266760e-05
1 16 33 1.6154880911991771e-05
1 16 34 1.6007564893647482e-05
1 16 35 1.6220532272253776e-05
1 16 36 1.6118221191067141e-05
1 16 37 1.6102126011649482e-05
1 16 38 1.6091680935538392e-05
1 16 39 1.5767610807328253e-05
1 16 40 1.6039593841831601e-05
1 16 41 1.5896114749818468e-05
1 16 42 1.5928812948681660e-05
1 16 43 1.6118978091988438e-05
1 16 44 1.6050671941608742e-05
1 16 45 1.6253037598877328e-05
1 16 46 1.6001610353039612e-05
1 16 47 1.6128232616065006e-05
1 16 48 1.6037126506068502e-05
1 16 49 1.6049163792055773e-05
1 16 50 1.6143805044997636e-05
1 16 51 1.6046843423039419e-05
1 16 52 1.6105118481141235e-05
1 16 53 1.5940133854466431e-05
1 16 54 1.6123036043992743e-05
1 16 55 1.6258979806151800e-05
1 16 56 1.6022238129137011e-05
1 16 57 1.6253616569045279e-05
1 16 58 1.6112887708662489e-05
1 16 59 1.5992021118106736e-05
1 16 60 1.6321226223468518e-05
1 16 61 1.5978473624338948e-05
1 16 62 1.6297373139041309e-05
1 16 63 1.8854070585930776e-33
1 32 0 1.0568393220831571e-04
1 32 1 3.1232686384037506e-05
1 32 2 3.0149973211305390e-05
1 32 3 2.5924593583647209e-05
1 32 4 2.3419861775004277e-05
1 32 5 2.1424916408748999e-05
1 32 6 1.9749359135802223e-05
1 32 7 1.9001850420234270e-05
1 32 8 1.8472518218902491e-05
1 32 9 1.8252037814036896e-05
1 32 10 1.7815991895205827e-05
1 32 11 1.7659705858813610e-05
1 32 12 1.7745919098974649e-05
1 32 13 1.7401130247303226e-05
1 32 14 1.7572635258442211e-05
1 32 15 1.7220500124810368e-05
1 32 16 1.7443114732947171e-05
1 32 17 1.7179079453877870e-05
1 32 18 1.7110057295663680e-05
1 32 19 1.6901309296286682e-05
1 32 20 1.6939663982838080e-05
1 32 21 1.7165983790933113e-05
1 32 22 1.7220350305940388e-05
1 32 23 1.6979657570530990e-05
1 32 24 1.7098860606880916e-05
1 32 25 1.6858873926649584e-05
1 32 26 1.6814312887863976e-05
1 32 27 1.6633341768911919e-05
1 32 28 1.6446932894232101e-05
1 32 29 1.6844406663640377e-05
1 32 30 1.7007999679180881e-05
1 32 31 1.6808701759553827e-05
1 32 32 1.6586315774048606e-05
1 32 33 1.6523769337296090e-05
1 32 34 1.6429541497172691e-05
1 32 35 1.6556576230532262e-05
1 32 36 1.7032788893367589e-05
1 32 37 1.6455529019982176e-05
1 32 38 1.6346810313736062e-05
1 32 39 1.6603505074204879e-05
1 32 40 1.6405257651472626e-05
1 32 41 1.6454848344252609e-05
1 32 42 1.6387048742268869e-05
1 32 43 1.6294572470553421e-05
1 32 44 1.6629629024398791e-05
1 32 45 1.6486927467871025e-05
1 32 46 1.6481965981580523e-05
1 32 47 1.6208933928338054e-05
1 32 48 1.6393094686343036e-05
1 32 49 1.6336831046981849e-05
1 32 50 1.6468058036017444e-05
1 32 51 1.6523911796251157e-05
1 32 52 1.6206984682270791e-05
1 32 53 1.6256250639936423e-05
1 32 54 1.6727920109275840e-05
1 32 55 1.6365457810756817e-05
1 32 56 1.6428827026906233e-05
1 32 57 1.6532595053463396e-05
1 32 58 1.6323937004856896e-05
1 32 59 1.6476377693866196e-05
1 32 60 1.6482267310686551e-05
1 32 61 1.6468846639314790e-05
1 32 62 1.6555633856884271e-05
1 32 63 1.9987500685701109e-33
1 48 0 2.2839343528390589e-04
1 48 1 6.0807133001291928e-05
1 48 2 5.6704956823800202e-05
1 48 3 4.6809161664612190e-05
1 48 4 3.8538585864889184e-05
1 48 5 3.2547419559984958e-05
1 48 6 2.8805952049701251e-05
1 48 7 2.6496694400161909e-05
1 48 8 2.4970104753197263e-05
1 48 9 2.3415669285758561e-05
1 48 10 2.2903083499443759e-05
1 48 11 2.1972479566140328e-05
1 48 12 2.1881841462489534e-05
1 48 13 2.1685624865923459e-05
1 48 14 2.1201202065738849e-05
1 48 15 2.0554746101469672e-05
1 48 16 2.0873943733319951e-05
1 48 17 2.0534285419658557e-05
1 48 18 2.0408625793450630e-05
1 48 19 2.0857331918464770e-05
1 48 20 2.0494727168882279e-05
1 48 21 1.9589145448061528e-05
1 48 22 2.0123957473234799e-05
1 48 23 1.9448204565912611e-05
1 48 24 1.9816542423297825e-05
1 48 25 1.9184827986248471e-05
1 48 26 1.9529661831773290e-05
1 48 27 1.9330084968022503e-05
1 48 28 1.9276048521752320e-05
1 48 29 1.9225167537870851e-05
1 48 30 1.8575663504299189e-05
1 48 31 1.8619073023713425e-05
1 48 32 1.8954535699732283e-05
1 48 33 1.8680234371625969e-05
1 48 34 1.8454588181939768e-05
1 48 35 1.8410888311662768e-05
1 48 36 1.8599925662413849e-05
1 48 37 1.8547053622289288e-05
1 48 38 1.8537205129626385e-05
1 48 39 1.8378054046802586e-05
1 48 40 1.8009213036691623e-05
1 48 41 1.8327942424566828e-05
1 48 42 1.7898022546113458e-05
1 48 43 1.7974691042183736e-05
1 48 44 1.7916382420684545e-05
1 48 45 1.8099786332763311e-05
1 48 46 1.7764567994258338e-05
1 48 47 1.7865815466518939e-05
1 48 48 1.8127458480249521e-05
1 48 49 1.8058904870554800e-05
1 48 50 1.7722904479820651e-05
1 48 51 1.7844770371644712e-05
1 48 52 1.7786452420201721e-05
1 48 53 1.7773103071668582e-05
1 48 54 1.7672405090271609e-05
1 48 55 1.7622378112462640e-05
1 48 56 1.7627093510904057e-05
1 48 57 1.7555930848397573e-05
1 48 58 1.7597925674961028e-05
1 48 59 1.7870750900593559e-05
1 48 60 1.7830062838674511e-05
1 48 61 1.7879442952220391e-05
1 48 62 1.7893815552180144e-05
1 48 63 2.3135164421631679e-33
1 64 0 4.4856663809240000e-04
1 64 1 1.1665815926880001e-04
1 64 2 1.0894743921230001e-04
1 64 3 8.4449739979954255e-05
1 64 4 6.6888790497565004e-05
1 64 5 5.3642484229590770e-05
1 64 6 4.4644200300569250e-05
1 64 7 3.9378650254150487e-05
1 64 8 3.6078539646103949e-05
1 64 9 3.2934849196858225e-05
1 64 10 3.1223584233727602e-05
1 64 11 3.0180432755944519e-05
1 64 12 2.9154258337584227e-05
1 64 13 2.8344054911349561e-05
1 64 14 2.8268960154487263e-05
1 64 15 2.7557098042434337e-05
1 64 16 2.7030810653822211e-05
1 64 17 2.6614482134903761e-05
1 64 18 2.6198812253553529e-05
1 64 19 2.5990350538126009e-05
1 64 20 2.5897677245451051e-05
1 64 21 2.5937604091326247e-05
1 64 22 2.4883589519633805e-05
1 64 23 2.4964261845689008e-05
1 64 24 2.4876721730162007e-05
1 64 25 2.4347602323564041e-05
1 64 26 2.4422661710032093e-05
1 64 27 2.3963015871424903e-05
1 64 28 2.3875912135227494e-05
1 64 29 2.3893471522176630e-05
1 64 30 2.3369054296463768e-05
1 64 31 2.3261537207967624e-05
1 64 32 2.2967346376083051e-05
1 64 33 2.2955062209557397e-05
1 64 34 2.2575865671091732e-05
1 64 35 2.2670469700049411e-05
1 64 36 2.2439573899631400e-05
1 64 37 2.2373336704773526e-05
1 64 38 2.2231167975671829e-05
1 64 39 2.2411615828631168e-05
1 64 40 2.1907601834048081e-05
1 64 41 2.2129172481662001e-05
1 64 42 2.1759249299810731e-05
1 64 43 2.1627340512010039e-05
1 64 44 2.1343264732158442e-05
1 64 45 2.1144817723886572e-05
1 64 46 2.1720328716841231e-05
1 64 47 2.1346693001617770e-05
1 64 48 2.1193700628692441e-05
1 64 49 2.1008888252557549e-05
1 64 50 2.0923699331160319e-05
1 64 51 2.1030307299533147e-05
1 64 52 2.0708610738114869e-05
1 64 53 2.0627964169868407e-05
1 64 54 2.1199054973061695e-05
1 64 55 2.1153595315562484e-05
1 64 56 2.0727791244899147e-05
1 64 57 2.0783129961301168e-05
1 64 58 2.0932729337271324e-05
1 64 59 2.0815856344003009e-05
1 64 60 2.0693583428315811e-05
1 64 61 2.0883164175269011e-05
1 64 62 2.0567533089762680e-05
1 64 63 3.0487661218005929e-33
1 72 0 6.1893204245680000e-04
1 72 1 1.5591057410970001e-04
1 72 2 1.4745456226130001e-04
1 72 3 1.0950739137909999e-04
1 72 4 8.4257872328695758e-05
1 72 5 6.7661398723695880e-05
1 72 6 5.6734441066868754e-05
1 72 7 4.8413382967826090e-05
1 72 8 4.3685491433984563e-05
1 72 9 4.0170746532154152e-05
1 72 10 3.7943117730177751e-05
1 72 11 3.5934942301341494e-05
1 72 12 3.4686132502266761e-05
1 72 13 3.3517050092224068e-05
1 72 14 3.2494097427160473e-05
1 72 15 3.2096021902629713e-05
1 72 16 3.1381713076094865e-05
1 72 17 3.0425469721047720e-05
1 72 18 3.0428724704246860e-05
1 72 19 3.0625966559799421e-05
1 72 20 2.9926442087875643e-05
1 72 21 2.8813718525350811e-05
1 72 22 2.9386873832708005e-05
1 72 23 2.8977055956781337e-05
1 72 24 2.8497052659394516e-05
1 72 25 2.8665232650549437e-05
1 72 26 2.7861648348939416e-05
1 72 27 2.8163978293484441e-05
1 72 28 2.6940934870031316e-05
1 72 29 2.6967176619769490e-05
1 72 30 2.6943457723517528e-05
1 72 31 2.6525520135057977e-05
1 72 32 2.6372955201960925e-05
1 72 33 2.6434308320797449e-05
1 72 34 2.5937012957306051e-05
1 72 35 2.6082168701418705e-05
1 72 36 2.5742811591319481e-05
1 72 37 2.5443731606354088e-05
1 72 38 2.5203855832835992e-05
1 72 39 2.4667965076407385e-05
1 72 40 2.4651854902919250e-05
1 72 41 2.4648350538985803e-05
1 72 42 2.4443677836225835e-05
1 72 43 2.3974396004522940e-05
1 72 44 2.3863147257214050e-05
1 72 45 2.4338875429585129e-05
1 72 46 2.4243049744839031e-05
1 72 47 2.4177086092791471e-05
1 72 48 2.3733043224471160e-05
1 72 49 2.3417302952075525e-05
1 72 50 2.3781742965565635e-05
1 72 51 2.3695196223935944e-05
1 72 52 2.3203919095805927e-05
1 72 53 2.3516476143213930e-05
1 72 54 2.3379913977117721e-05
1 72 55 2.3092641032241827e-05
1 72 56 2.3488485373363869e-05
1 72 57 2.2972828985618577e-05
1 72 58 2.3540695916566515e-05
1 72 59 2.3572284787134851e-05
1 72 60 2.3080173698441605e-05
1 72 61 2.3370232475499600e-05
1 72 62 2.3313152910200759e-05
1 72 63 3.5607663640721848e-33
1 80 0 8.2359522681920002e-04
1 80 1 2.0655509184700001e-04
1 80 2 1.9441953191540000e-04
1 80 3 1.4463417031699999e-04
1 80 4 1.0580279749720001e-04
1 80 5 8.2381456751428261e-05
1 80 6 7.0156394991040361e-05
1 80 7 6.0021615938296881e-05
1 80 8 5.2909008465808808e-05
1 80 9 4.7561012730304828e-05
1 80 10 4.5306323890527811e-05
1 80 11 4.2735102414036578e-05
1 80 12 4.0004108288348136e-05
1 80 13 4.0138789577501357e-05
1 80 14 3.8061281288464215e-05
1 80 15 3.7415191709538489e-05
1 80 16 3.6572459225288047e-05
1 80 17 3.6264761950303379e-05
1 80 18 3.5281035682235415e-05
1 80 19 3.4979051769529586e-05
1 80 20 3.4640190915844976e-05
1 80 21 3.4003540317075823e-05
1 80 22 3.3000471333941449e-05
1 80 23 3.3352880400605936e-05
1 80 24 3.2322152417282124e-05
1 80 25 3.2395243150825962e-05
1 80 26 3.2476966415589717e-05
1 80 27 3.1697169595928479e-05
1 80 28 3.1543373079920811e-05
1 80 29 3.0851454164048444e-05
1 80 30 3.1097255263438341e-05
1 80 31 3.1176484285036526e-05
1 80 32 3.0380777732517280e-05
1 80 33 3.0502861592117320e-05
1 80 34 2.9736727614654794e-05
1 80 35 2.9354604702355521e-05
1 80 36 2.9804962879018459e-05
1 80 37 2.9223886975756851e-05
1 80 38 2.8640728987086001e-05
1 80 39 2.8956663506132492e-05
1 80 40 2.8598172012992760e-05
1 80 41 2.8914777692585109e-05
1 80 42 2.7999086601132340e-05
1 80 43 2.8735934143135849e-05
1 80 44 2.8045462786024827e-05
1 80 45 2.7315215657892679e-05
1 80 46 2.7513720622191875e-05
1 80 47 2.7254980432028919e-05
1 80 48 2.6929707441228197e-05
1 80 49 2.7321875885332560e-05
1 80 50 2.7151299815174533e-05
1 80 51 2.6997774496552259e-05
1 80 52 2.6739512018348387e-05
1 80 53 2.6348481896993696e-05
1 80 54 2.6895224802637577e-05
1 80 55 2.6890967115576548e-05
1 80 56 2.6588888348880429e-05
1 80 57 2.6668082041190942e-05
1 80 58 2.6487677168259115e-05
1 80 59 2.6534620957434703e-05
1 80 60 2.6775266137995041e-05
1 80 61 2.6598571891310318e-05
1 80 62 2.6434652584693472e-05
1 80 63 4.1594141058295973e-33
1 88 0 1.0835660259612000e-03
1 88 1 2.6507140276880000e-04
1 88 2 2.5245830228899998e-04
1 88 3 1.8327588957880000e-04
1 88 4 1.3360217727060000e-04
1 88 5 1.0517903340060000e-04
1 88 6 8.4806594973314500e-05
1 88 7 7.2882745006490145e-05
1 88 8 6.4313710840731200e-05
1 88 9 5.8246816306872098e-05
1 88 10 5.4269334391912047e-05
1 88 11 5.2631539592276437e-05
1 88 12 4.9465931615006969e-05
1 88 13 4.7310734921933151e-05
1 88 14 4.5504331390398579e-05
1 88 15 4.4654232689026863e-05
1 88 16 4.3760328049601658e-05
1 88 17 4.2613675393964239e-05
1 88 18 4.1693248325342056e-05
1 88 19 4.0792323097827530e-05
1 88 20 4.0132446254827472e-05
1 88 21 3.9516833066508767e-05
1 88 22 3.9605562733873169e-05
1 88 23 3.9285089569300931e-05
1 88 24 3.8139041380432144e-05
1 88 25 3.7792935459244951e-05
1 88 26 3.7268966513476860e-05
1 88 27 3.7723545387004070e-05
1 88 28 3.6387322850695528e-05
1 88 29 3.6973529351309246e-05
1 88 30 3.6252090929375741e-05
1 88 31 3.5842702051458234e-05
1 88 32 3.5281208925746017e-05
1 88 33 3.5167559085971886e-05
1 88 34 3.5223588131446293e-05
1 88 35 3.4377335420059552e-05
1 88 36 3.4544650796188946e-05
1 88 37 3.4464473221629465e-05
1 88 38 3.3697808076071199e-05
1 88 39 3.3550703125234281e-05
1 88 40 3.2641649014983115e-05
1 88 41 3.2646597126552501e-05
1 88 42 3.2529372061906695e-05
1 88 43 3.2485606809540392e-05
1 88 44 3.2658037919529114e-05
1 88 45 3.2217619017733963e-05
1 88 46 3.2074482459184723e-05
1 88 47 3.1199440393289399e-05
1 88 48 3.1974042644469901e-05
1 88 49 3.1468883386922827e-05
1 88 50 3.1809985438795221e-05
1 88 51 3.1176985465905284e-05
1 88 52 3.1016061431239391e-05
1 88 53 3.0846094681404158e-05
1 88 54 3.0543100390669887e-05
1 88 55 3.0711360053724335e-05
1 88 56 3.1096114119802545e-05
1 88 57 3.0794350480908297e-05
1 88 58 3.1204274791276303e-05
1 88 59 3.0648154401068220e-05
1 88 60 3.1064881436800582e-05
1 88 61 3.0723270353792681e-05
1 88 62 3.0760218120971206e-05
1 88 63 4.9368158622038856e-33
1 96 0 1.3905806731336001e-03
1 96 1 3.3499028205640001e-04
1 96 2 3.1904710999410002e-04
1 96 3 2.2838062810519999e-04
1 96 4 1.6542756849110001e-04
1 96 5 1.2685658130389999e-04
1 96 6 1.0196905736730000e-04
1 96 7 8.7603984846281873e-05
1 96 8 7.7375993251729058e-05
1 96 9 6.9073773430141839e-05
1 96 10 6.4820440855668587e-05
1 96 11 6.0824246215834307e-05
1 96 12 5.8213418852280157e-05
1 96 13 5.6036826670824354e-05
1 96 14 5.3731801761674593e-05
1 96 15 5.2541594104776819e-05
1 96 16 5.0684926834522200e-05
1 96 17 4.9490176758402208e-05
1 96 18 4.8874108682311015e-05
1 96 19 4.8353935083598602e-05
1 96 20 4.7556080971182189e-05
1 96 21 4.7510923085605197e-05
1 96 22 4.5853224363297177e-05
1 96 23 4.5115303580414663e-05
1 96 24 4.5296806390418830e-05
1 96 25 4.4979918603993671e-05
1 96 26 4.4116888809449470e-05
1 96 27 4.3471672358261092e-05
1 96 28 4.3326207303169380e-05
1 96 29 4.2463028563292990e-05
1 96 30 4.2772067530494858e-05
1 96 31 4.1785690177271353e-05
1 96 32 4.2557703282581252e-05
1 96 33 4.1321529533483868e-05
1 96 34 4.0920370142802267e-05
1 96 35 4.0656286734761401e-05
1 96 36 3.9910663968517566e-05
1 96 37 3.9453692845156481e-05
1 96 38 3.9724196582990542e-05
1 96 39 3.9034253652320677e-05
1 96 40 3.8761636004381122e-05
1 96 41 3.8162451916495672e-05
1 96 42 3.7955887395687536e-05
1 96 43 3.8157121026855402e-05
1 96 44 3.7824139861515472e-05
1 96 45 3.7512698996819867e-05
1 96 46 3.7345021496683803e-05
1 96 47 3.6738712056791832e-05
1 96 48 3.7463886969937361e-05
1 96 49 3.6831928374857567e-05
1 96 50 3.6970208723089180e-05
1 96 51 3.7024699500109491e-05
1 96 52 3.6835175487575503e-05
1 96 53 3.6534945349323372e-05
1 96 54 3.6225200997560663e-05
1 96 55 3.5274192964037315e-05
1 96 56 3.5775569016525415e-05
1 96 57 3.6577837977202181e-05
1 96 58 3.5500069949093774e-05
1 96 59 3.5806018068935775e-05
1 96 60 3.6167724861148929e-05
1 96 61 3.5830504999572976e-05
1 96 62 3.6301321768898767e-05
1 96 63 5.9125264367518459e-33
1 104 0 1.7717409112960000e-03
1 104 1 4.1924250993649999e-04
1 104 2 4.0198437806860001e-04
1 104 3 2.8116573167649998e-04
1 104 4 2.0514380281260001e-04
1 104 5 1.5377690938060001e-04
1 104 6 1.2336683302890001e-04
1 104 7 1.0407013564050000e-04
1 104 8 9.2126427602497686e-05
1 104 9 8.4102535360123409e-05
1 104 10 7.9149072449218795e-05
1 104 11 7.3353172714383757e-05
1 104 12 6.8715679977036343e-05
1 104 13 6.6428927176867192e-05
1 104 14 6.4132696563632785e-05
1 104 15 6.3527684298651560e-05
1 104 16 6.0720121094466677e-05
1 104 17 5.8231985005815904e-05
1 104 18 5.7463355585750496e-05
1 104 19 5.7331191101548693e-05
1 104 20 5.5064963581452442e-05
1 104 21 5.5797811589101487e-05
1 104 22 5.4054850092430817e-05
1 104 23 5.3493403576181193e-05
1 104 24 5.3343335466034123e-05
1 104 25 5.3062923311396335e-05
1 104 26 5.1605306825264961e-05
1 104 27 5.1612047195903720e-05
1 104 28 5.0185791497787614e-05
1 104 29 4.9967168742803298e-05
1 104 30 4.9915833970954536e-05
1 104 31 4.9203983728460097e-05
1 104 32 4.8907840929989513e-05
1 104 33 4.8996876339039377e-05
1 104 34 4.7440091192722502e-05
1 104 35 4.7204745962927446e-05
1 104 36 4.7106151082844538e-05
1 104 37 4.6269744395152338e-05
1 104 38 4.6083804694046713e-05
1 104 39 4.6674607071134160e-05
1 104 40 4.5096217487629885e-05
1 104 41 4.5168386288444501e-05
1 104 42 4.5294452969490940e-05
1 104 43 4.4325335477128831e-05
1 104 44 4.4270741890060095e-05
1 104 45 4.3352294628175380e-05
1 104 46 4.4139186673221591e-05
1 104 47 4.4010673634496871e-05
1 104 48 4.2990908334976002e-05
1 104 49 4.3013701260387083e-05
1 104 50 4.3682889003206533e-05
1 104 51 4.2714663475052850e-05
1 104 52 4.3316986035811537e-05
1 104 53 4.2133490931680607e-05
1 104 54 4.2516327347426656e-05
1 104 55 4.2663514900977027e-05
1 104 56 4.2296436651967970e-05
1 104 57 4.1655455341747021e-05
1 104 58 4.2613458748127525e-05
1 104 59 4.2513307917775781e-05
1 104 60 4.2164392077876078e-05
1 104 61 4.2057492632238239e-05
1 104 62 4.3172346727725727e-05
1 104 63 7.0696272227132385e-33
4 0 0 3.1665283387349654e-05
4 0 1 1.5856805542456200e-05
4 0 2 1.5879649274032089e-05
4 0 3 1.6026448484740565e-05
4 0 4 1.5617522289361137e-05
4 0 5 1.5952361923768860e-05
4 0 6 1.6053742196842976e-05
4 0 7 1.5824165656237991e-05
4 0 8 1.5724016640638744e-05
4 0 9 1.5777385595833077e-05
4 0 10 1.6144089256084399e-05
4 0 11 1.6002438829311566e-05
4 0 12 1.5834060801223385e-05
4 0 13 1.5933742557588546e-05
4 0 14 1.5906880452730939e-05
4 0 15 1.6074968375183303e-05
4 0 16 1.5817212283731878e-05
4 0 17 1.5884570027360985e-05
4 0 18 1.6127719645391713e-05
4 0 19 1.5968672637152371e-05
4 0 20 1.6251901753418665e-05
4 0 21 1.6046026209810067e-05
4 0 22 1.5857750854777565e-05
4 0 23 1.5971207945216717e-05
4 0 24 1.5719268492977285e-05
4 0 25 1.5770385882784656e-05
4 0 26 1.5721114102079911e-05
4 0 27 1.6130753046790767e-05
4 0 28 1.5885176372232670e-05
4 0 29 1.6005742640669873e-05
4 0 30 1.5974765321754822e-05
4 0 31 1.5812013815656583e-05
4 0 32 1.5872678027926240e-05
4 0 33 1.5796968560771160e-05
4 0 34 1.6045583727453729e-05
4 0 35 1.6033007395847464e-05
4 0 36 1.5979635247358433e-05
4 0 37 1.5803165510335296e-05
4 0 38 1.5886779389942223e-05
4 0 39 1.6247310695101129e-05
4 0 40 1.6268283078408236e-05
4 0 41 1.6002913107388498e-05
4 0 42 1.6133850084656818e-05
4 0 43 1.6245157684099178e-05
4 0 44 1.6219724669023646e-05
4 0 45 1.5933203439622477e-05
4 0 46 1.5971434382045179e-05
4 0 47 1.5958930321047689e-05
4 0 48 1.6080146802232742e-05
4 0 49 1.6128708763137975e-05
4 0 50 1.6102235890579713e-05
4 0 51 1.6117256921448399e-05
4 0 52 1.6028957486376087e-05
4 0 53 1.6087573829544842e-05
4 0 54 1.6215716208942108e-05
4 0 55 1.6147365863515610e-05
4 0 56 1.6226791668250747e-05
4 0 57 1.5980663077565683e-05
4 0 58 1.6103559164488968e-05
4 0 59 1.6177889576849494e-05
4 0 60 1.5904778235609540e-05
4 0 61 1.5948276273998708e-05
4 0 62 1.5963389856452381e-05
4 0 63 1.8749439558393927e-33
4 8 0 3.9551644928279693e-05
4 8 1 1.7016904118077091e-05
4 8 2 1.6818974516249619e-05
4 8 3 1.6666322222088278e-05
4 8 4 1.6178555005646052e-05
4 8 5 1.5915869536141904e-05
4 8 6 1.6170429587172231e-05
4 8 7 1.5860777634580214e-05
4 8 8 1.5917128381269002e-05
4 8 9 1.5830310515908019e-05
4 8 10 1.5811365478444100e-05
4 8 11 1.5626576374378271e-05
4 8 12 1.6014892460970034e-05
4 8 13 1.5869225908341025e-05
4 8 14 1.5856599781633154e-05
4 8 15 1.5855273918864770e-05
4 8 16 1.5933497765461331e-05
4 8 17 1.5725402480653612e-05
4 8 18 1.6183129372101106e-05
4 8 19 1.5731101038109688e-05
4 8 20 1.6003701871299520e-05
4 8 21 1.5931514961338620e-05
4 8 22 1.6050376292498348e-05
4 8 23 1.5890798184606855e-05
4 8 24 1.5867922117172027e-05
4 8 25 1.5911051055751956e-05
4 8 26 1.5924828138510341e-05
4 8 27 1.6084852104531460e-05
4 8 28 1.6099160259699994e-05
4 8 29 1.5900225906611604e-05
4 8 30 1.6023962665381901e-05
4 8 31 1.6181117634740158e-05
4 8 32 1.6126834966346712e-05
4 8 33 1.5992842568383592e-05
4 8 34 1.5845110201840825e-05
4 8 35 1.6189034385829921e-05
4 8 36 1.5820448969353795e-05
4 8 37 1.5943363488317536e-05
4 8 38 1.5961086389969934e-05
4 8 39 1.5510868571305688e-05
4 8 40 1.5840339276478698e-05
4 8 41 1.5946925073087529e-05
4 8 42 1.6048583755750650e-05
4 8 43 1.6119067037536918e-05
4 8 44 1.5752156668070123e-05
4 8 45 1.6221319554700714e-05
4 8 46 1.6094922495264353e-05
4 8 47 1.5967690163209658e-05
4 8 48 1.6094996527799226e-05
4 8 49 1.6121332353511303e-05
4 8 50 1.5972049531947041e-05
4 8 51 1.6150465859282614e-05
4 8 52 1.6160079252253006e-05
4 8 53 1.5940792952229787e-05
4 8 54 1.6184933149879334e-05
4 8 55 1.6052638728969009e-05
4 8 56 1.6314428892483696e-05
4 8 57 1.6134581817966355e-05
4 8 58 1.6058701750835113e-05
4 8 59 1.6070579536666175e-05
4 8 60 1.6296925707938809e-05
4 8 61 1.6098142793985028e-05
4 8 62 1.5843395765733249e-05
4 8 63 1.8114920496563173e-33
4 16 0 6.9388064961145167e-05
4 16 1 2.2616106065307875e-05
4 16 2 2.1765027760378268e-05
4 16 3 1.9669901245372487e-05
4 16 4 1.8126221309277232e-05
4 16 5 1.7172047437713179e-05
4 16 6 1.7120213262437480e-05
4 16 7 1.6558548007901261e-05
4 16 8 1.6535026855898653e-05
4 16 9 1.6199571600613632e-05
4 16 10 1.6300621894016542e-05
4 16 11 1.6265066730391359e-05
4 16 12 1.6213286179990670e-05
4 16 13 1.6112675522536472e-05
4 16 14 1.5994738572988266e-05
4 16 15 1.6278013252404893e-05
4 16 16 1.6208555060948808e-05
4 16 17 1.6287688671753665e-05
4 16 18 1.6059861061814393e-05
4 16 19 1.6290616733506012e-05
4 16 20 1.6072553357340596e-05
4 16 21 1.6047533878795875e-05
4 16 22 1.6164506989176379e-05
4 16 23 1.6247572950045290e-05
4 16 24 1.5925337722105246e-05
4 16 25 1.6288978822350491e-05
4 16 26 1.6063738530025839e-05
4 16 27 1.6153539709484836e-05
4 16 28 1.6082608338025333e-05
4 16 29 1.6258327302236904e-05
4 16 30 1.6232426593589619e-05
4 16 31 1.5981886973594440e-05
4 16 32 1.5916903374094993e-05
4 16 33 1.6148979396403681e-05
4 16 34 1.5968903315484984e-05
4 16 35 1.6031034874861882e-05
4 16 36 1.6320362428441726e-05
4 16 37 1.6137778163768016e-05
4 16 38 1.6082981258311784e-05
4 16 39 1.5970901289484029e-05
4 16 40 1.6279772517751982e-05
4 16 41 1.5877981304703383e-05
4 16 42 1.5940051536764724e-05
4 16 43 1.6113998406811225e-05
4 16 44 1.6167480253623046e-05
4 16 45 1.6279629841140683e-05
4 16 46 1.6229314084890674e-05
4 16 47 1.6341906518522020e-05
4 16 48 1.6146133368987747e-05
4 16 49 1.5887778179344949e-05
4 16 50 1.6004440053633660e-05
4 16 51 1.6114657169621986e-05
4 16 52 1.6122263550833588e-05
4 16 53 1.5996717927697089e-05
4 16 54 1.6002521331850743e-05
4 16 55 1.6101500832396626e-05
4 16 56 1.6027937184121287e-05
4 16 57 1.6152082363190948e-05
4 16 58 1.6043762906158991e-05
4 16 59 1.6131120592661672e-05
4 16 60 1.6083746079034648e-05
4 16 61 1.6162598263516112e-05
4 16 62 1.5942208656326474e-05
4 16 63 1.8393086470803641e-33
4 32 0 2.9859463978361802e-04
4 32 1 6.1124802919952022e-05
4 32 2 6.0317708454093091e-05
4 32 3 4.0481344408774951e-05
4 32 4 3.1115187334839003e-05
4 32 5 2.6408542440914532e-05
4 32 6 2.3689133966369441e-05
4 32 7 2.1888082914951992e-05
4 32 8 2.0717903273938568e-05
4 32 9 2.0084487542313625e-05
4 32 10 1.9835092627763379e-05
4 32 11 1.9007392081163529e-05
4 32 12 1.8867375103251771e-05
4 32 13 1.8497322553126088e-05
4 32 14 1.8327326987986929e-05
4 32 15 1.8366744534650664e-05
4 32 16 1.8205440110587689e-05
4 32 17 1.8185936253146825e-05
4 32 18 1.8273678972150329e-05
4 32 19 1.8169696160492580e-05
4 32 20 1.8186568127039359e-05
4 32 21 1.7814200259011240e-05
4 32 22 1.7795850369849916e-05
4 32 23 1.7535931907639622e-05
4 32 24 1.7402112778186259e-05
4 32 25 1.7562367494526962e-05
4 32 26 1.7549876573190042e-05
4 32 27 1.7471567319915169e-05
4 32 28 1.7572138423701504e-05
4 32 29 1.7546839987961126e-05
4 32 30 1.7199019689229772e-05
4 32 31 1.7615784363596375e-05
4 32 32 1.7371186567381996e-05
4 32 33 1.7460502035739975e-05
4 32 34 1.7221131552417878e-05
4 32 35 1.7136040361970507e-05
4 32 36 1.7030885526812022e-05
4 32 37 1.7052151664021919e-05
4 32 38 1.6893165982437829e-05
4 32 39 1.7179322669218716e-05
4 32 40 1.6973814525987052e-05
4 32 41 1.7000057135657479e-05
4 32 42 1.7039796061314897e-05
4 32 43 1.7020928211000561e-05
4 32 44 1.6984845081349407e-05
4 32 45 1.6711151868175414e-05
4 32 46 1.6988673904193754e-05
4 32 47 1.7031544417158178e-05
4 32 48 1.6967033016084280e-05
4 32 49 1.6877196395257514e-05
4 32 50 1.6657901536003470e-05
4 32 51 1.6704409877808189e-05
4 32 52 1.6972088577282505e-05
4 32 53 1.6902833207731917e-05
4 32 54 1.6663433275705766e-05
4 32 55 1.7125974199678839e-05
4 32 56 1.6553798227254235e-05
4 32 57 1.6773747774231089e-05
4 32 58 1.7021590209356860e-05
4 32 59 1.6916962907927122e-05
4 32 60 1.6843748762938209e-05
4 32 61 1.6865636138578922e-05
4 32 62 1.6787371046227320e-05
4 32 63 2.1484696147306157e-33
4 48 0 9.6637383584400000e-04
4 48 1 1.6089321224590001e-04
4 48 2 1.7651861496710000e-04
4 48 3 1.0323673541119999e-04
4 48 4 6.9509944616240942e-05
4 48 5 5.2861076495193427e-05
4 48 6 4.3722092115797228e-05
4 48 7 3.8203248739502330e-05
4 48 8 3.5011860965221704e-05
4 48 9 3.2051148200272843e-05
4 48 10 3.0081295668941383e-05
4 48 11 2.8835495644350365e-05
4 48 12 2.7521977651063092e-05
4 48 13 2.6834654100750917e-05
4 48 14 2.5813303849358365e-05
4 48 15 2.5463663740847149e-05
4 48 16 2.4217136392811645e-05
4 48 17 2.4129480269559865e-05
4 48 18 2.3601580804119361e-05
4 48 19 2.3288059366227948e-05
4 48 20 2.2996306261506537e-05
4 48 21 2.2861241822034467e-05
4 48 22 2.2796558944749839e-05
4 48 23 2.2690510501787051e-05
4 48 24 2.2230971099479830e-05
4 48 25 2.2043967009147967e-05
4 48 26 2.1916737436418823e-05
4 48 27 2.1824795205708143e-05
4 48 28 2.1317629460946863e-05
4 48 29 2.1187871045305249e-05
4 48 30 2.1357900913552956e-05
4 48 31 2.1033475438521875e-05
4 48 32 2.1077514755833643e-05
4 48 33 2.0404288024022008e-05
4 48 34 2.0584931960548123e-05
4 48 35 2.0764578136316029e-05
4 48 36 2.0985262088704224e-05
4 48 37 2.0376792619422546e-05
4 48 38 2.0131575579483121e-05
4 48 39 2.0323123762395485e-05
4 48 40 2.0267571690904161e-05
4 48 41 2.0106800680943290e-05
4 48 42 1.9775360505628177e-05
4 48 43 1.9865942467212509e-05
4 48 44 2.0109226302099296e-05
4 48 45 1.9582660799774721e-05
4 48 46 1.9785614478494320e-05
4 48 47 1.9592747474567774e-05
4 48 48 1.9454858531746309e-05
4 48 49 1.9622555717912062e-05
4 48 50 1.9545008135605884e-05
4 48 51 1.9338872701665999e-05
4 48 52 1.9445636094117653e-05
4 48 53 1.9382739905052664e-05
4 48 54 1.9111204440868691e-05
4 48 55 1.9292034742547077e-05
4 48 56 1.9326317323912350e-05
4 48 57 1.9383586974189517e-05
4 48 58 1.9077627042217764e-05
4 48 59 1.9186885698445916e-05
4 48 60 1.9234672607366649e-05
4 48 61 1.9162663852896063e-05
4 48 62 1.9489229435854968e-05
4 48 63 3.0444064752334099e-33
4 64 0 2.3469807980332001e-03
4 64 1 3.5866219609120002e-04
4 64 2 4.2463657998149999e-04
4 64 3 2.3866647500550000e-04
4 64 4 1.5759548445130000e-04
4 64 5 1.1674407076010000e-04
4 64 6 8.9845769632907119e-05
4 64 7 7.7843205029273500e-05
4 64 8 6.7202258493895083e-05
4 64 9 5.9707042594347336e-05
4 64 10 5.4177059491033485e-05
4 64 11 5.0406089029286450e-05
4 64 12 4.6545414082139829e-05
4 64 13 4.4209317040775431e-05
4 64 14 4.2386066411969833e-05
4 64 15 4.0096864878745231e-05
4 64 16 3.8617634168698979e-05
4 64 17 3.6969721828123360e-05
4 64 18 3.6709794379478142e-05
4 64 19 3.5020177365780666e-05
4 64 20 3.4113062931403337e-05
4 64 21 3.3311184438933663e-05
4 64 22 3.2516823105596897e-05
4 64 23 3.2325805155618304e-05
4 64 24 3.1470362442130469e-05
4 64 25 3.0786311443990260e-05
4 64 26 2.9897123665398036e-05
4 64 27 2.9948221164001221e-05
4 64 28 3.0136455992290741e-05
4 64 29 2.8979776027993888e-05
4 64 30 2.9025217621070586e-05
4 64 31 2.8692248600376889e-05
4 64 32 2.8315225130097811e-05
4 64 33 2.8458484979642459e-05
4 64 34 2.8087565385499063e-05
4 64 35 2.7562748298191502e-05
4 64 36 2.7157457815549933e-05
4 64 37 2.6902869794085427e-05
4 64 38 2.6898072359512237e-05
4 64 39 2.6472564151417595e-05
4 64 40 2.6143823024191371e-05
4 64 41 2.6479577551833600e-05
4 64 42 2.5837826319722896e-05
4 64 43 2.6150068910504011e-05
4 64 44 2.6176281240729183e-05
4 64 45 2.5876683340666734e-05
4 64 46 2.5824042516230075e-05
4 64 47 2.5473593458344632e-05
4 64 48 2.5245786883167945e-05
4 64 49 2.5439447007282604e-05
4 64 50 2.5505500057234530e-05
4 64 51 2.5121195071669879e-05
4 64 52 2.5283858508456757e-05
4 64 53 2.4714654180911069e-05
4 64 54 2.4920339321540730e-05
4 64 55 2.5241533363071365e-05
4 64 56 2.4614310582151240e-05
4 64 57 2.4897906371340651e-05
4 64 58 2.4955896716049068e-05
4 64 59 2.4897345245838475e-05
4 64 60 2.4863233666309479e-05
4 64 61 2.4976448559689171e-05
4 64 62 2.5482842626710090e-05
4 64 63 4.8017018708114289e-33
4 72 0 3.2622901435504000e-03
4 72 1 4.9974227597190002e-04
4 72 2 5.9986706132080002e-04
4 72 3 3.3452757313059999e-04
4 72 4 2.2364304621710001e-04
4 72 5 1.5890351508800001e-04
4 72 6 1.2576736457380001e-04
4 72 7 1.0566263552060000e-04
4 72 8 9.0993639781933718e-05
4 72 9 7.9918890923911810e-05
4 72 10 7.2065770410733711e-05
4 72 11 6.6588897734822427e-05
4 72 12 6.1776330504788806e-05
4 72 13 5.7385218164889766e-05
4 72 14 5.3355200852967023e-05
4 72 15 5.1978228358139503e-05
4 72 16 4.7723554941116243e-05
4 72 17 4.6690048289150573e-05
4 72 18 4.5549637211054877e-05
4 72 19 4.3757498225045612e-05
4 72 20 4.2778117100144939e-05
4 72 21 4.0418652671882040e-05
4 72 22 3.9922084574207428e-05
4 72 23 3.9279321819603377e-05
4 72 24 3.8453332645766983e-05
4 72 25 3.7070891887187465e-05
4 72 26 3.7057224612540990e-05
4 72 27 3.6213737563963220e-05
4 72 28 3.5847721666904428e-05
4 72 29 3.5120084103307620e-05
4 72 30 3.5131320797800988e-05
4 72 31 3.4407193805610602e-05
4 72 32 3.3664870823154317e-05
4 72 33 3.3677975782937981e-05
4 72 34 3.3053658715859511e-05
4 72 35 3.2727226061673816e-05
4 72 36 3.2370071143712242e-05
4 72 37 3.1961313502588209e-05
4 72 38 3.1777485521543282e-05
4 72 39 3.1801407794618510e-05
4 72 40 3.1974565176120858e-05
4 72 41 3.1429762616319758e-05
4 72 42 3.1389318343134569e-05
4 72 43 3.1173358280226431e-05
4 72 44 3.1105555168624005e-05
4 72 45 3.0062794591866521e-05
4 72 46 3.0807280544123690e-05
4 72 47 3.0516760099179809e-05
4 72 48 3.0353131550583817e-05
4 72 49 2.9986677730130050e-05
4 72 50 2.9661703478338417e-05
4 72 51 2.9883778170013871e-05
4 72 52 2.9567786800732459e-05
4 72 53 2.9716776662100387e-05
4 72 54 2.9573072006245530e-05
4 72 55 3.0346815611827361e-05
4 72 56 2.9479324137884868e-05
4 72 57 2.9410970047143761e-05
4 72 58 3.0334195457349529e-05
4 72 59 2.9496576672517159e-05
4 72 60 3.0007892432308404e-05
4 72 61 3.0167809265391757e-05
4 72 62 3.0246689342435522e-05
4 72 63 6.4067816683867931e-33
4 80 0 4.5271940623860000e-03
4 80 1 6.7842289917329998e-04
4 80 2 8.4457686697629998e-04
4 80 3 4.6198352800999999e-04
4 80 4 3.0452071793110000e-04
4 80 5 2.1874823353970000e-04
4 80 6 1.7351367592920001e-04
4 80 7 1.3990633760589999e-04
4 80 8 1.2137853911860000e-04
4 80 9 1.0729746441749999e-04
4 80 10 9.3783928869504553e-05
4 80 11 8.5819506895800358e-05
4 80 12 7.9107294846282697e-05
4 80 13 7.4819785831824163e-05
4 80 14 6.8172256019645598e-05
4 80 15 6.5801780961408392e-05
4 80 16 6.1771546458744264e-05
4 80 17 5.8961922850309957e-05
4 80 18 5.7216724198784988e-05
4 80 19 5.5221579968619806e-05
4 80 20 5.2979629551640259e-05
4 80 21 5.0674390525243819e-05
4 80 22 5.0034787814752537e-05
4 80 23 4.8831275427771411e-05
4 80 24 4.7429055089016495e-05
4 80 25 4.5974687230232273e-05
4 80 26 4.5972643193586302e-05
4 80 27 4.4788648772348349e-05
4 80 28 4.3821865753823347e-05
4 80 29 4.3615892618898699e-05
4 80 30 4.2695803308185721e-05
4 80 31 4.1845285648104064e-05
4 80 32 4.1215978585719881e-05
4 80 33 4.0417289147768442e-05
4 80 34 4.0926848781700971e-05
4 80 35 3.9308700805822320e-05
4 80 36 3.9974066915699375e-05
4 80 37 3.9886512871766510e-05
4 80 38 3.8874476283969642e-05
4 80 39 3.8684463980988407e-05
4 80 40 3.8671626513574130e-05
4 80 41 3.8393713076864161e-05
4 80 42 3.7654875218194206e-05
4 80 43 3.7449746246688548e-05
4 80 44 3.7452201009790247e-05
4 80 45 3.6815027692712014e-05
4 80 46 3.6991507926632657e-05
4 80 47 3.6877509370276487e-05
4 80 48 3.6910435149552151e-05
4 80 49 3.6600912510982217e-05
4 80 50 3.6458391272317899e-05
4 80 51 3.6165489937320291e-05
4 80 52 3.6603018921053928e-05
4 80 53 3.6521630468030293e-05
4 80 54 3.6326230724023170e-05
4 80 55 3.6046559445203535e-05
4 80 56 3.5857949995596084e-05
4 80 57 3.5553679818804342e-05
4 80 58 3.5534927445530133e-05
4 80 59 3.5845327333902496e-05
4 80 60 3.5706831501029258e-05
4 80 61 3.6364673685404425e-05
4 80 62 3.7048098408496441e-05
4 80 63 8.0732315836172971e-33
4 88 0 6.1380431790460004e-03
4 88 1 8.7023327351680002e-04
4 88 2 1.1622048675256999e-03
4 88 3 6.0934519904130000e-04
4 88 4 4.1272226703790001e-04
4 88 5 3.0275859732690000e-04
4 88 6 2.3169039731759999e-04
4 88 7 1.8784372694640000e-04
4 88 8 1.6179238579580000e-04
4 88 9 1.4068183384320000e-04
4 88 10 1.2538608453090000e-04
4 88 11 1.1318267600949999e-04
4 88 12 1.0453205389040000e-04
4 88 13 9.5787352292242778e-05
4 88 14 9.1879669957837937e-05
4 88 15 8.4996614556755715e-05
4 88 16 8.1669561104271045e-05
4 88 17 7.7804437796485305e-05
4 88 18 7.4238857432933834e-05
4 88 19 7.0448670048607284e-05
4 88 20 6.8585056150602920e-05
4 88 21 6.4719435600036918e-05
4 88 22 6.3445765276926505e-05
4 88 23 6.2622924188709486e-05
4 88 24 6.1075196311100561e-05
4 88 25 5.8162911181326479e-05
4 88 26 5.8243047450026897e-05
4 88 27 5.6473419807867939e-05
4 88 28 5.4525139933807059e-05
4 88 29 5.3047572970154702e-05
4 88 30 5.3466813728399698e-05
4 88 31 5.2282049759706458e-05
4 88 32 5.2374279714879050e-05
4 88 33 5.1136460535073218e-05
4 88 34 5.0260672553820575e-05
4 88 35 5.0337463833749461e-05
4 88 36 4.9989908224296489e-05
4 88 37 4.9002752499108472e-05
4 88 38 4.9268915062410492e-05
4 88 39 4.8158194613502480e-05
4 88 40 4.8302826093986992e-05
4 88 41 4.7713885606683299e-05
4 88 42 4.7443194712319272e-05
4 88 43 4.7442952517829718e-05
4 88 44 4.6415577263133469e-05
4 88 45 4.6534371774085630e-05
4 88 46 4.5472283413203477e-05
4 88 47 4.5500537766537330e-05
4 88 48 4.5841900491827247e-05
4 88 49 4.5746700530851886e-05
4 88 50 4.6134398100053298e-05
4 88 51 4.5100986616963487e-05
4 88 52 4.5384771744355349e-05
4 88 53 4.5868221050998708e-05
4 88 54 4.4924319012861353e-05
4 88 55 4.4311792364337110e-05
4 88 56 4.5045404409981610e-05
4 88 57 4.4672631194680536e-05
4 88 58 4.5098182662807705e-05
4 88 59 4.4007725017131028e-05
4 88 60 4.4572389082466847e-05
4 88 61 4.4871504140784814e-05
4 88 62 4.8106445686141343e-05
4 88 63 1.0426530420725248e-32
4 96 0 8.2933687816000006e-03
4 96 1 1.1128380739515000e-03
4 96 2 1.6040723934410001e-03
4 96 3 8.3316044023390001e-04
4 96 4 5.3969786235399996e-04
4 96 5 3.9505400458860000e-04
4 96 6 3.1224454754249999e-04
4 96 7 2.5491228947889999e-04
4 96 8 2.1243003681840000e-04
4 96 9 1.8728358573730000e-04
4 96 10 1.6646309284419999e-04
4 96 11 1.5334634796219999e-04
4 96 12 1.3960026880150000e-04
4 96 13 1.3040559437450000e-04
4 96 14 1.2131086662120000e-04
4 96 15 1.1457431710750000e-04
4 96 16 1.0770258542080001e-04
4 96 17 1.0323887016050000e-04
4 96 18 9.8376542507684766e-05
4 96 19 9.4804281519513236e-05
4 96 20 9.1292885237885795e-05
4 96 21 8.7291012965794184e-05
4 96 22 8.3812407423135082e-05
4 96 23 8.2561994208923872e-05
4 96 24 8.0489119150731634e-05
4 96 25 7.8803317936289476e-05
4 96 26 7.5415641664553938e-05
4 96 27 7.3530306870707822e-05
4 96 28 7.2062917812009040e-05
4 96 29 7.1361818899284900e-05
4 96 30 7.0707691076096020e-05
4 96 31 6.8700777214398664e-05
4 96 32 6.7561700202814471e-05
4 96 33 6.7605841163960020e-05
4 96 34 6.5982233043851895e-05
4 96 35 6.6507986674369546e-05
4 96 36 6.5475460242393261e-05
4 96 37 6.4392884035473856e-05
4 96 38 6.4403253908699485e-05
4 96 39 6.3572474138967909e-05
4 96 40 6.1935075292217769e-05
4 96 41 6.2087343819866665e-05
4 96 42 6.1272974690589272e-05
4 96 43 6.1262463830483350e-05
4 96 44 6.0433346872670190e-05
4 96 45 6.0220583996197920e-05
4 96 46 6.1381177620106910e-05
4 96 47 5.9788097042692910e-05
4 96 48 5.9002321501859215e-05
4 96 49 5.8287067088155214e-05
4 96 50 5.8062873661020347e-05
4 96 51 5.8965808680222967e-05
4 96 52 5.7815713428833169e-05
4 96 53 5.8797869951085033e-05
4 96 54 5.7530386241624933e-05
4 96 55 5.8566857702186531e-05
4 96 56 5.7527514368728539e-05
4 96 57 5.8165366922806168e-05
4 96 58 5.6902479803060921e-05
4 96 59 5.6641401087041193e-05
4 96 60 5.8349691105218443e-05
4 96 61 5.7339195334738938e-05
4 96 62 6.3049091915544890e-05
4 96 63 1.3725700044490510e-32
4 104 0 1.0436006505018400e-02
4 104 1 1.4526126253374000e-03
4 104 2 2.0441660107737999e-03
4 104 3 1.1114313291706000e-03
4 104 4 7.0043049079600002e-04
4 104 5 5.2089810077779995e-04
4 104 6 4.1346647152119999e-04
4 104 7 3.3668813792960001e-04
4 104 8 2.8925686231940002e-04
4 104 9 2.4810280087080001e-04
4 104 10 2.2487616722150001e-04
4 104 11 2.0389023846870000e-04
4 104 12 1.8599693202150000e-04
4 104 13 1.7381624253310000e-04
4 104 14 1.6241335763260000e-04
4 104 15 1.5320475311839999e-04
4 104 16 1.4459519552299999e-04
4 104 17 1.3815678711139999e-04
4 104 18 1.3244310762320000e-04
4 104 19 1.2520537618170000e-04
4 104 20 1.2203394336240000e-04
4 104 21 1.1717999926780000e-04
4 104 22 1.1363131978700000e-04
4 104 23 1.0955361559290001e-04
4 104 24 1.0734214597240000e-04
4 104 25 1.0333849419960000e-04
4 104 26 9.9887820411714761e-05
4 104 27 9.7576658720833795e-05
4 104 28 9.6352724702441180e-05
4 104 29 9.4162195916737041e-05
4 104 30 9.1817571593540720e-05
4 104 31 9.2789164490977245e-05
4 104 32 8.9517789261706803e-05
4 104 33 8.7965507552397249e-05
4 104 34 8.7595908445587003e-05
4 104 35 8.7186372618077481e-05
4 104 36 8.5636599793086215e-05
4 104 37 8.3494453145046304e-05
4 104 38 8.2674337800234075e-05
4 104 39 8.2067142735585462e-05
4 104 40 8.1468217790254635e-05
4 104 41 8.0334066318179430e-05
4 104 42 8.1045211449315950e-05
4 104 43 7.8358892183269765e-05
4 104 44 7.8946482433994987e-05
4 104 45 7.9009673510105721e-05
4 104 46 7.8612798085891372e-05
4 104 47 7.7143937367197429e-05
4 104 48 7.6997101237346517e-05
4 104 49 7.6214136108061588e-05
4 104 50 7.5699314261590202e-05
4 104 51 7.6537256505701475e-05
4 104 52 7.4869739207869833e-05
4 104 53 7.5578816073473053e-05
4 104 54 7.6258696060679229e-05
4 104 55 7.4635059435468299e-05
4 104 56 7.4743308880357448e-05
4 104 57 7.4937009518781533e-05
4 104 58 7.4143013111035056e-05
4 104 59 7.4731419478693927e-05
4 104 60 7.4276159688254148e-05
4 104 61 7.4125114660125889e-05
4 104 62 8.4259145558693578e-05
4 104 63 1.7683140437279648e-32
7 0 0 3.1958603089208518e-05
7 0 1 1.5845218615900432e-05
7 0 2 1.5753181492010609e-05
7 0 3 1.5670826913687715e-05
7 0 4 1.5962202620754540e-05
7 0 5 1.5893669154172331e-05
7 0 6 1.5692280490447314e-05
7 0 7 1.5648062981946478e-05
7 0 8 1.5663625175245782e-05
7 0 9 1.5616399927053568e-05
7 0 10 1.5820921599398203e-05
7 0 11 1.6158521184326020e-05
7 0 12 1.5704629948461146e-05
7 0 13 1.6088681824920222e-05
7 0 14 1.5715217786565855e-05
7 0 15 1.5799082118697719e-05
7 0 16 1.5979107904045885e-05
7 0 17 1.5925820022210211e-05
7 0 18 1.5665606324379410e-05
7 0 19 1.5769234811246623e-05
7 0 20 1.5922306648399352e-05
7 0 21 1.6019443690954325e-05
7 0 22 1.6114079412922468e-05
7 0 23 1.5955471285324492e-05
7 0 24 1.5968705329050462e-05
7 0 25 1.6087227548292068e-05
7 0 26 1.6144390490449614e-05
7 0 27 1.6024162668345571e-05
7 0 28 1.5995225242601729e-05
7 0 29 1.5773196110723312e-05
7 0 30 1.6208227934617684e-05
7 0 31 1.5817650792273100e-05
7 0 32 1.6246365275902651e-05
7 0 33 1.5955354934092495e-05
7 0 34 1.6227331257391406e-05
7 0 35 1.5876440403367605e-05
7 0 36 1.5917996991316622e-05
7 0 37 1.6004176031739838e-05
7 0 38 1.5991998739624412e-05
7 0 39 1.5929557945988259e-05
7 0 40 1.6172967299644721e-05
7 0 41 1.5966977860291983e-05
7 0 42 1.5983544219791210e-05
7 0 43 1.6068499803249822e-05
7 0 44 1.6101897282948308e-05
7 0 45 1.6161094629810688e-05
7 0 46 1.6133978719073464e-05
7 0 47 1.6095853743231835e-05
7 0 48 1.6025969248744568e-05
7 0 49 1.6194398047621839e-05
7 0 50 1.6293738004213742e-05
7 0 51 1.5994295716009944e-05
7 0 52 1.6004551575770177e-05
7 0 53 1.6009145790177862e-05
7 0 54 1.6057972371686634e-05
7 0 55 1.6187042448632689e-05
7 0 56 1.5844591372786369e-05
7 0 57 1.5921608184852383e-05
7 0 58 1.6151936287736044e-05
7 0 59 1.6246422783987642e-05
7 0 60 1.5956504325144469e-05
7 0 61 1.5746807692025568e-05
7 0 62 1.6223898748509734e-05
7 0 63 1.8756756779655410e-33
7 8 0 4.1705712756880963e-05
7 8 1 1.7242088040903376e-05
7 8 2 1.7378752410434476e-05
7 8 3 1.6653227527303989e-05
7 8 4 1.6223507911870714e-05
7 8 5 1.6141686461342048e-05
7 8 6 1.6325713515006553e-05
7 8 7 1.6170992984445896e-05
7 8 8 1.6007218232145839e-05
7 8 9 1.5910656715737294e-05
7 8 10 1.6059453498063399e-05
7 8 11 1.6150840953186427e-05
7 8 12 1.5901658951002781e-05
7 8 13 1.5849156063558923e-05
7 8 14 1.6209360002975950e-05
7 8 15 1.5962856308019759e-05
7 8 16 1.5958504041266704e-05
7 8 17 1.5893697913420491e-05
7 8 18 1.5958681450369175e-05
7 8 19 1.5961706475752866e-05
7 8 20 1.5962472935378225e-05
7 8 21 1.6321180383433933e-05
7 8 22 1.5892426991684106e-05
7 8 23 1.6035977177182027e-05
7 8 24 1.5954132023229761e-05
7 8 25 1.5967971822570989e-05
7 8 26 1.6151025185855278e-05
7 8 27 1.6027906792694624e-05
7 8 28 1.5976078625190256e-05
7 8 29 1.5689245051876487e-05
7 8 30 1.6358223219681510e-05
7 8 31 1.5832804312999809e-05
7 8 32 1.6239722857623532e-05
7 8 33 1.5783219155693682e-05
7 8 34 1.5731415937058039e-05
7 8 35 1.6070497280878114e-05
7 8 36 1.5888209984844726e-05
7 8 37 1.5703902291837903e-05
7 8 38 1.5751979568820924e-05
7 8 39 1.6031843080241531e-05
7 8 40 1.6140839173770727e-05
7 8 41 1.5902505429928695e-05
7 8 42 1.6049533958420588e-05
7 8 43 1.6250850277252685e-05
7 8 44 1.5909481104762965e-05
7 8 45 1.5957852433072422e-05
7 8 46 1.6162907155277748e-05
7 8 47 1.6123484273293072e-05
7 8 48 1.6165597593376844e-05
7 8 49 1.6091071341108672e-05
7 8 50 1.5861285295429201e-05
7 8 51 1.6241123638929148e-05
7 8 52 1.6150609386252837e-05
7 8 53 1.5706597046765605e-05
7 8 54 1.6099544703908551e-05
7 8 55 1.6157795603477062e-05
7 8 56 1.5920343881604216e-05
7 8 57 1.6142936385922654e-05
7 8 58 1.6050339080407155e-05
7 8 59 1.6190068280763275e-05
7 8 60 1.6330048944776029e-05
7 8 61 1.6256348944261085e-05
7 8 62 1.6301787427287029e-05
7 8 63 1.8607121736098489e-33
7 16 0 9.5083418797181014e-05
7 16 1 2.5955232187851771e-05
7 16 2 2.4980614582979053e-05
7 16 3 2.1429973741387785e-05
7 16 4 1.9308639660725103e-05
7 16 5 1.7775328787272200e-05
7 16 6 1.7284467279105813e-05
7 16 7 1.7275063489017263e-05
7 16 8 1.6902136078910755e-05
7 16 9 1.6325746227397746e-05
7 16 10 1.6796269163003856e-05
7 16 11 1.6187168235214726e-05
7 16 12 1.6192673348864256e-05
7 16 13 1.6083878674218179e-05
7 16 14 1.6337938081826729e-05
7 16 15 1.6140076119440532e-05
7 16 16 1.6407367486400536e-05
7 16 17 1.6286156138602064e-05
7 16 18 1.6329953173954038e-05
7 16 19 1.6490202677972952e-05
7 16 20 1.6170824716565364e-05
7 16 21 1.6345726144829118e-05
7 16 22 1.6266610233903573e-05
7 16 23 1.6155667326559189e-05
7 16 24 1.6025306432188445e-05
7 16 25 1.6071103376445319e-05
7 16 26 1.6104046778815295e-05
7 16 27 1.5978288826953994e-05
7 16 28 1.5878308441088947e-05
7 16 29 1.6202285647473948e-05
7 16 30 1.6175347865407703e-05
7 16 31 1.6391346970032461e-05
7 16 32 1.6326543286432449e-05
7 16 33 1.6280653825182126e-05
7 16 34 1.6348104675377205e-05
7 16 35 1.6390397430787869e-05
7 16 36 1.6257032323524832e-05
7 16 37 1.6297483252205440e-05
7 16 38 1.6049953781177374e-05
7 16 39 1.6229192863827264e-05
7 16 40 1.5984000129579688e-05
7 16 41 1.6050167677472663e-05
7 16 42 1.5878117466201018e-05
7 16 43 1.6011221941906686e-05
7 16 44 1.6099131457207705e-05
7 16 45 1.6234036506141870e-05
7 16 46 1.6232553490638880e-05
7 16 47 1.6015167157871100e-05
7 16 48 1.6030210759299536e-05
7 16 49 1.6225583360754571e-05
7 16 50 1.6428820024501094e-05
7 16 51 1.6138029092658164e-05
7 16 52 1.6266570071321986e-05
7 16 53 1.5723676210816876e-05
7 16 54 1.6149045736391288e-05
7 16 55 1.6247476050619395e-05
7 16 56 1.6239349206625640e-05
7 16 57 1.6256186940229055e-05
7 16 58 1.6130627443580162e-05
7 16 59 1.6223387992206635e-05
7 16 60 1.6148854591016302e-05
7 16 61 1.5906011841379571e-05
7 16 62 1.6136638060538401e-05
7 16 63 1.8806663036630814e-33
7 32 0 5.6620899400679995e-04
7 32 1 8.9710400006787411e-05
7 32 2 9.9277956209350719e-05
7 32 3 5.9162150670080017e-05
7 32 4 4.1201842003821695e-05
7 32 5 3.2889186680121600e-05
7 32 6 2.8346063101596925e-05
7 32 7 2.5420269469633809e-05
7 32 8 2.4065864937945035e-05
7 32 9 2.2474917432564355e-05
7 32 10 2.1985767034813330e-05
7 32 11 2.1302764423411543e-05
7 32 12 2.1127604934892092e-05
7 32 13 2.0592866337570769e-05
7 32 14 1.9992800793893769e-05
7 32 15 1.9565165470648888e-05
7 32 16 1.9456952841160440e-05
7 32 17 1.9260513198566480e-05
7 32 18 1.9154543344146731e-05
7 32 19 1.8979427708879058e-05
7 32 20 1.8704310134186079e-05
7 32 21 1.8641940902166272e-05
7 32 22 1.8643349212825904e-05
7 32 23 1.8648488451602246e-05
7 32 24 1.8691593902788030e-05
7 32 25 1.8353940647686352e-05
7 32 26 1.8335310233129320e-05
7 32 27 1.8167711275866670e-05
7 32 28 1.8001708397823707e-05
7 32 29 1.8136926572703221e-05
7 32 30 1.7786562958327523e-05
7 32 31 1.7776670535912359e-05
7 32 32 1.7460160181327585e-05
7 32 33 1.7810002849080964e-05
7 32 34 1.7369817391921176e-05
7 32 35 1.7659676990509928e-05
7 32 36 1.7749369913364584e-05
7 32 37 1.7491310764733976e-05
7 32 38 1.7586908866317988e-05
7 32 39 1.7346768738278234e-05
7 32 40 1.7505856158256618e-05
7 32 41 1.7384404982247300e-05
7 32 42 1.7275635189041135e-05
7 32 43 1.7783583181408759e-05
7 32 44 1.7223304938453839e-05
7 32 45 1.7244555568026235e-05
7 32 46 1.7247607105330932e-05
7 32 47 1.7377402042898092e-05
7 32 48 1.7219224171107186e-05
7 32 49 1.7189581307173395e-05
7 32 50 1.7223317425988531e-05
7 32 51 1.6737729027503424e-05
7 32 52 1.6945696611561049e-05
7 32 53 1.7171240386736736e-05
7 32 54 1.7081237537351833e-05
7 32 55 1.7308463323637555e-05
7 32 56 1.6998574497021948e-05
7 32 57 1.7254426397804094e-05
7 32 58 1.6899353259905779e-05
7 32 59 1.7135240681776414e-05
7 32 60 1.6881247871408308e-05
7 32 61 1.6923715361535999e-05
7 32 62 1.7308812813344210e-05
7 32 63 2.3534195555669279e-33
7 48 0 1.7576668568619999e-03
7 48 1 2.5523966194889998e-04
7 48 2 3.3780409246980003e-04
7 48 3 1.7924248476560001e-04
7 48 4 1.2000976174150001e-04
7 48 5 8.7179828045826066e-05
7 48 6 6.8784479384160417e-05
7 48 7 5.7648388490350750e-05
7 48 8 5.0208878688975467e-05
7 48 9 4.5184556935202112e-05
7 48 10 4.0931898826414073e-05
7 48 11 3.8291438675389399e-05
7 48 12 3.5472358321142650e-05
7 48 13 3.3018544188394828e-05
7 48 14 3.1631557773939079e-05
7 48 15 3.0545292266436428e-05
7 48 16 2.9074856342929991e-05
7 48 17 2.8146088215588244e-05
7 48 18 2.7783086735200803e-05
7 48 19 2.6857742854525821e-05
7 48 20 2.5911153691165700e-05
7 48 21 2.5748178252599609e-05
7 48 22 2.5155140076127003e-05
7 48 23 2.4820699194763031e-05
7 48 24 2.4780458211977750e-05
7 48 25 2.3666094392182923e-05
7 48 26 2.3669968105326119e-05
7 48 27 2.3167757036712601e-05
7 48 28 2.3248431972708826e-05
7 48 29 2.3076911122214023e-05
7 48 30 2.3002094706925879e-05
7 48 31 2.2604507187022502e-05
7 48 32 2.2096546577870840e-05
7 48 33 2.2246240863187939e-05
7 48 34 2.1876554166428751e-05
7 48 35 2.1919034576034169e-05
7 48 36 2.1262227985497730e-05
7 48 37 2.1478635266709069e-05
7 48 38 2.1328356385744253e-05
7 48 39 2.1564859656321404e-05
7 48 40 2.1261732361973598e-05
7 48 41 2.1242920512879342e-05
7 48 42 2.1151834276994091e-05
7 48 43 2.0736481029804096e-05
7 48 44 2.0940872850070771e-05
7 48 45 2.0934475649607971e-05
7 48 46 2.0953301851948965e-05
7 48 47 2.0223954226487282e-05
7 48 48 2.0777459646200361e-05
7 48 49 2.0927704917751491e-05
7 48 50 2.0761509332517331e-05
7 48 51 2.0447094137003296e-05
7 48 52 2.0407431213017662e-05
7 48 53 2.0212908655590168e-05
7 48 54 2.0481671514369121e-05
7 48 55 2.0425830200166051e-05
7 48 56 2.0142319267804076e-05
7 48 57 2.0217340680016871e-05
7 48 58 2.0391184275423105e-05
7 48 59 2.0283181001056484e-05
7 48 60 2.0075055435303097e-05
7 48 61 2.0464804677440341e-05
7 48 62 2.0466731927321384e-05
7 48 63 3.8421749315002957e-33
7 64 0 4.0813732888456003e-03
7 64 1 5.4523183032350003e-04
7 64 2 7.9247854668659996e-04
7 64 3 3.9831836187119999e-04
7 64 4 2.5585346759989999e-04
7 64 5 1.8376992641340001e-04
7 64 6 1.4371091988940000e-04
7 64 7 1.1439435238200001e-04
7 64 8 9.7302755526522500e-05
7 64 9 8.4935382764178506e-05
7 64 10 7.6594417324217737e-05
7 64 11 6.9094840968890892e-05
7 64 12 6.3310627650663378e-05
7 64 13 6.0198527318157281e-05
7 64 14 5.5238310961804153e-05
7 64 15 5.1416703225023667e-05
7 64 16 4.9288992491598712e-05
7 64 17 4.6624665833898053e-05
7 64 18 4.4344221262058779e-05
7 64 19 4.2985392680623623e-05
7 64 20 4.1305736327689588e-05
7 64 21 3.9647108354571912e-05
7 64 22 3.9490785091774458e-05
7 64 23 3.8206317333620860e-05
7 64 24 3.6783804291061889e-05
7 64 25 3.6765683556058766e-05
7 64 26 3.5721390417328260e-05
7 64 27 3.4599825806877204e-05
7 64 28 3.4814461830838914e-05
7 64 29 3.3399715389378030e-05
7 64 30 3.3238978279618808e-05
7 64 31 3.2851441011719162e-05
7 64 32 3.2476445684118272e-05
7 64 33 3.1817022382938199e-05
7 64 34 3.1849829502354994e-05
7 64 35 3.2089187305289298e-05
7 64 36 3.0923907886084944e-05
7 64 37 3.1251526568936061e-05
7 64 38 3.0077611445969303e-05
7 64 39 3.0226748104752915e-05
7 64 40 3.0417988499717068e-05
7 64 41 3.0310569856725409e-05
7 64 42 2.9950970200039597e-05
7 64 43 2.9795476650196281e-05
7 64 44 2.9512000835950559e-05
7 64 45 2.9166066147416119e-05
7 64 46 2.9800221252109020e-05
7 64 47 2.9081700488327165e-05
7 64 48 2.8731876691654632e-05
7 64 49 2.8977688966652959e-05
7 64 50 2.8470211258632309e-05
7 64 51 2.8792125079200125e-05
7 64 52 2.8973108402879503e-05
7 64 53 2.8375316173038809e-05
7 64 54 2.8107948579454240e-05
7 64 55 2.7894294143382788e-05
7 64 56 2.8255732009492016e-05
7 64 57 2.8160464173617967e-05
7 64 58 2.8050464631126373e-05
7 64 59 2.8664057679805548e-05
7 64 60 2.8459674773020381e-05
7 64 61 2.8015225053732369e-05
7 64 62 2.9119148231681450e-05
7 64 63 6.7341905449358896e-33
7 72 0 5.7704047982379998e-03
7 72 1 7.5505409824970005e-04
7 72 2 1.1992690887613999e-03
7 72 3 5.7352627375790001e-04
7 72 4 3.7057999177239999e-04
7 72 5 2.6716782248439999e-04
7 72 6 2.0344215941830001e-04
7 72 7 1.6450586956760001e-04
7 72 8 1.3938995917619999e-04
7 72 9 1.2166140388330000e-04
7 72 10 1.0829407784680000e-04
7 72 11 9.8964720519987583e-05
7 72 12 9.0217124088166304e-05
7 72 13 8.1998164583448524e-05
7 72 14 7.6037319972974512e-05
7 72 15 7.1428078466388885e-05
7 72 16 6.8180359718030348e-05
7 72 17 6.3439128377752358e-05
7 72 18 6.1241447749570187e-05
7 72 19 5.8417089770780253e-05
7 72 20 5.6198790285335138e-05
7 72 21 5.3727215188426495e-05
7 72 22 5.1486057949347680e-05
7 72 23 5.1071925511083522e-05
7 72 24 4.9367190154918101e-05
7 72 25 4.8543006393131846e-05
7 72 26 4.7567444038866922e-05
7 72 27 4.6189340593665211e-05
7 72 28 4.5144065287936421e-05
7 72 29 4.4435711212601714e-05
7 72 30 4.4003701779625601e-05
7 72 31 4.3216878498154384e-05
7 72 32 4.2304343257323519e-05
7 72 33 4.1890996018660730e-05
7 72 34 4.2001585965588070e-05
7 72 35 4.0274550831617211e-05
7 72 36 4.0223680247388459e-05
7 72 37 4.0631985256996063e-05
7 72 38 4.0106255072107172e-05
7 72 39 3.9556364797326494e-05
7 72 40 3.8696836289845530e-05
7 72 41 3.9051352469111517e-05
7 72 42 3.9528447107070536e-05
7 72 43 3.8340515579406109e-05
7 72 44 3.8288729028032207e-05
7 72 45 3.7444007123341226e-05
7 72 46 3.6992395407979180e-05
7 72 47 3.7122129796772561e-05
7 72 48 3.7264369035877162e-05
7 72 49 3.6701383905983331e-05
7 72 50 3.6348444699005970e-05
7 72 51 3.6431266459349503e-05
7 72 52 3.6072466403434919e-05
7 72 53 3.6089699959328366e-05
7 72 54 3.5970746589223132e-05
7 72 55 3.5635505584830661e-05
7 72 56 3.5446502783433667e-05
7 72 57 3.5465349639098991e-05
7 72 58 3.5075584646511039e-05
7 72 59 3.5175021558516109e-05
7 72 60 3.4774757834747107e-05
7 72 61 3.4872792296318743e-05
7 72 62 3.7702174848515846e-05
7 72 63 9.0162617607612879e-33
7 80 0 8.2694356937704008e-03
7 80 1 1.0620270491266000e-03
7 80 2 1.7595738603499000e-03
7 80 3 8.6361283444329998e-04
7 80 4 5.4086164426319998e-04
7 80 5 3.8867867652819999e-04
7 80 6 2.9811675382649999e-04
7 80 7 2.4109573769149999e-04
7 80 8 2.0308549522639999e-04
7 80 9 1.7468455400300001e-04
7 80 10 1.5751746263290001e-04
7 80 11 1.4035450308600000e-04
7 80 12 1.3148137206319999e-04
7 80 13 1.1997573352950000e-04
7 80 14 1.1047095016650000e-04
7 80 15 1.0466085643709999e-04
7 80 16 9.7573508191440761e-05
7 80 17 9.4147873881329758e-05
7 80 18 8.8923441650685982e-05
7 80 19 8.4193101513432370e-05
7 80 20 8.2082701851655330e-05
7 80 21 7.7618589547947883e-05
7 80 22 7.5147586082873562e-05
7 80 23 7.4023833208196292e-05
7 80 24 7.1185761999228097e-05
7 80 25 6.9327430098238934e-05
7 80 26 6.9067618005214245e-05
7 80 27 6.6133373273041422e-05
7 80 28 6.3998784615175233e-05
7 80 29 6.3703089082091675e-05
7 80 30 6.2466395625323119e-05
7 80 31 6.0967549030720051e-05
7 80 32 6.0024018206672078e-05
7 80 33 5.8506833741367407e-05
7 80 34 5.8978801547907891e-05
7 80 35 5.6835531158278521e-05
7 80 36 5.7955399713937537e-05
7 80 37 5.6153169562557696e-05
7 80 38 5.5532632588725512e-05
7 80 39 5.4956684745528122e-05
7 80 40 5.4630244137239359e-05
7 80 41 5.4076043580841127e-05
7 80 42 5.2545664511989460e-05
7 80 43 5.3148657810228136e-05
7 80 44 5.2315115659259605e-05
7 80 45 5.2737519375335125e-05
7 80 46 5.1115706194904293e-05
7 80 47 5.1777767531706027e-05
7 80 48 5.1539925162404283e-05
7 80 49 5.0390700688751456e-05
7 80 50 5.0081207006253112e-05
7 80 51 5.0502279800824151e-05
7 80 52 4.9465723784310733e-05
7 80 53 4.9083137502225817e-05
7 80 54 4.8655548956889407e-05
7 80 55 4.8442238730335428e-05
7 80 56 4.8260813864654525e-05
7 80 57 4.8326214753633270e-05
7 80 58 4.7680382991677188e-05
7 80 59 4.8204537240226421e-05
7 80 60 4.8683043995393477e-05
7 80 61 4.7927232471518568e-05
7 80 62 5.4627272003379785e-05
7 80 63 1.2733757335796341e-32
7 88 0 1.0765575518549999e-02
7 88 1 1.4139577741765000e-03
7 88 2 2.3190411561691002e-03
7 88 3 1.1499589152711999e-03
7 88 4 7.3070353018639996e-04
7 88 5 5.2558657427230005e-04
7 88 6 4.0831620512950001e-04
7 88 7 3.3824547506280001e-04
7 88 8 2.8373611328440002e-04
7 88 9 2.4515461988900003e-04
7 88 10 2.1983971621540000e-04
7 88 11 1.9699445937379999e-04
7 88 12 1.8247224522710000e-04
7 88 13 1.6684439026319999e-04
7 88 14 1.5670679317180000e-04
7 88 15 1.4716687329650001e-04
7 88 16 1.3861856025650001e-04
7 88 17 1.3146804733400001e-04
7 88 18 1.2488402444900000e-04
7 88 19 1.1961758270410000e-04
7 88 20 1.1465090755930001e-04
7 88 21 1.1074158675839999e-04
7 88 22 1.0719324998060000e-04
7 88 23 1.0300183152190000e-04
7 88 24 9.9588820944748564e-05
7 88 25 9.6773171665988258e-05
7 88 26 9.5721183811481322e-05
7 88 27 9.3098120106034841e-05
7 88 28 8.8937104049102077e-05
7 88 29 8.7622707384959781e-05
7 88 30 8.7434530468913455e-05
7 88 31 8.4477649276204508e-05
7 88 32 8.4242043890759121e-05
7 88 33 8.3441799241773122e-05
7 88 34 8.1384967632094113e-05
7 88 35 7.9388584890884850e-05
7 88 36 7.8567764009668730e-05
7 88 37 7.7111782721753583e-05
7 88 38 7.6080336229298123e-05
7 88 39 7.5656636964638893e-05
7 88 40 7.3605868153625537e-05
7 88 41 7.3350414318789679e-05
7 88 42 7.2535838873597061e-05
7 88 43 7.2571467821807965e-05
7 88 44 7.0266179693925939e-05
7 88 45 7.1591538521451295e-05
7 88 46 6.9758961747943348e-05
7 88 47 7.0130175318394318e-05
7 88 48 6.7537706204951126e-05
7 88 49 6.7006593888672169e-05
7 88 50 6.8323807212107408e-05
7 88 51 6.6732929555629895e-05
7 88 52 6.6978186641682640e-05
7 88 53 6.7532021222174900e-05
7 88 54 6.5392581289639633e-05
7 88 55 6.5366500387627395e-05
7 88 56 6.4771970759068922e-05
7 88 57 6.4908941675266324e-05
7 88 58 6.4642737461703177e-05
7 88 59 6.4967048301430851e-05
7 88 60 6.4529431219399508e-05
7 88 61 6.4503356733252763e-05
7 88 62 7.5022258914553169e-05
7 88 63 1.7120145045343843e-32
7 96 0 1.3406487963175600e-02
7 96 1 1.8370114996332000e-03
7 96 2 2.7618044840718998e-03
7 96 3 1.4224709010294001e-03
7 96 4 9.0922649520380002e-04
7 96 5 6.4468174378610001e-04
7 96 6 5.1522542763350002e-04
7 96 7 4.2122400326990002e-04
7 96 8 3.6400562852690000e-04
7 96 9 3.1235721487110000e-04
7 96 10 2.8062438065349997e-04
7 96 11 2.5532836954350000e-04
7 96 12 2.3647353385310000e-04
7 96 13 2.1753057414530000e-04
7 96 14 2.0087981544130001e-04
7 96 15 1.9313562018690000e-04
7 96 16 1.8177592465379999e-04
7 96 17 1.7050924777900001e-04
7 96 18 1.6173057747710000e-04
7 96 19 1.5346206440820001e-04
7 96 20 1.4853449312190000e-04
7 96 21 1.4295572139690001e-04
7 96 22 1.3817246791180001e-04
7 96 23 1.3407009881050001e-04
7 96 24 1.2924065029280000e-04
7 96 25 1.2702591096700001e-04
7 96 26 1.2240926439710000e-04
7 96 27 1.1871941988600001e-04
7 96 28 1.1695017915529999e-04
7 96 29 1.1301646953680000e-04
7 96 30 1.0951415060430000e-04
7 96 31 1.0892238878210000e-04
7 96 32 1.0805382966629999e-04
7 96 33 1.0451737332440000e-04
7 96 34 1.0369915815949999e-04
7 96 35 1.0256719204379999e-04
7 96 36 1.0023287752559999e-04
7 96 37 9.8488994487530259e-05
7 96 38 9.8588268180320506e-05
7 96 39 9.6353332220758205e-05
7 96 40 9.5219731138370046e-05
7 96 41 9.5339391050401279e-05
7 96 42 9.2732609148771117e-05
7 96 43 9.1280411474505598e-05
7 96 44 9.0671126727999513e-05
7 96 45 9.0291173409522317e-05
7 96 46 8.9037310362041400e-05
7 96 47 8.7964856443349982e-05
7 96 48 8.8142958906016369e-05
7 96 49 8.8750690265832098e-05
7 96 50 8.7242613789963411e-05
7 96 51 8.7096319051526688e-05
7 96 52 8.4918039448483504e-05
7 96 53 8.6633790258298601e-05
7 96 54 8.7425893018216433e-05
7 96 55 8.4123955423925814e-05
7 96 56 8.5249901266064122e-05
7 96 57 8.4040486036729948e-05
7 96 58 8.4595537911046921e-05
7 96 59 8.3432268175403728e-05
7 96 60 8.2576281924998473e-05
7 96 61 8.2525640067170964e-05
7 96 62 1.0068686649280000e-04
7 96 63 2.1474222534781435e-32
7 104 0 1.5251649919302401e-02
7 104 1 2.3409750355590001e-03
7 104 2 3.0477228354159002e-03
7 104 3 1.7382670112726999e-03
7 104 4 1.0781902363532999e-03
7 104 5 7.5926427310429997e-04
7 104 6 6.0394579515620004e-04
7 104 7 4.9827134983379995e-04
7 104 8 4.2827330900450000e-04
7 104 9 3.6947552497520000e-04
7 104 10 3.3006989090290001e-04
7 104 11 3.0051183358030000e-04
7 104 12 2.7969890181380001e-04
7 104 13 2.5376717254970002e-04
7 104 14 2.4286606048209999e-04
7 104 15 2.2329308458199999e-04
7 104 16 2.1688004724820001e-04
7 104 17 2.0423604479100001e-04
7 104 18 1.9405359953410001e-04
7 104 19 1.8540985942889999e-04
7 104 20 1.7845600242499999e-04
7 104 21 1.7078123173130001e-04
7 104 22 1.6661132563389999e-04
7 104 23 1.5881865565149999e-04
7 104 24 1.5657300746189999e-04
7 104 25 1.5119598315210001e-04
7 104 26 1.4650236985189999e-04
7 104 27 1.4303323388569999e-04
7 104 28 1.3942932159569999e-04
7 104 29 1.3498231547459999e-04
7 104 30 1.3565634054330000e-04
7 104 31 1.3192597067210001e-04
7 104 32 1.2748706343640001e-04
7 104 33 1.2663573990520001e-04
7 104 34 1.2611040739249999e-04
7 104 35 1.2278080915020001e-04
7 104 36 1.2188701414480000e-04
7 104 37 1.1949900552379999e-04
7 104 38 1.1794461162839999e-04
7 104 39 1.1535263700440000e-04
7 104 40 1.1325130621790000e-04
7 104 41 1.1394750577580000e-04
7 104 42 1.1210605023520001e-04
7 104 43 1.1316607721690000e-04
7 104 44 1.0935350918600000e-04
7 104 45 1.0771809905950000e-04
7 104 46 1.0942354225000000e-04
7 104 47 1.0716832459420000e-04
7 104 48 1.0617168719330000e-04
7 104 49 1.0530507736499999e-04
7 104 50 1.0431580642619999e-04
7 104 51 1.0351480461830001e-04
7 104 52 1.0288594234310000e-04
7 104 53 1.0251948079040000e-04
7 104 54 1.0262351513820000e-04
7 104 55 1.0269433566020000e-04
7 104 56 1.0214463533930000e-04
7 104 57 1.0026000703709999e-04
7 104 58 1.0092662763690000e-04
7 104 59 1.0003107572350000e-04
7 104 60 9.7399444719155036e-05
7 104 61 1.0077147352460000e-04
7 104 62 1.2030805060210000e-04
7 104 63 2.5538029925433374e-32
10 0 0 3.1795068120905438e-05
10 0 1 1.6218455379957236e-05
10 0 2 1.5806716312243838e-05
10 0 3 1.6218329889294355e-05
10 0 4 1.5813196177211936e-05
10 0 5 1.5782775807103837e-05
10 0 6 1.6135634973996950e-05
10 0 7 1.5833826060011331e-05
10 0 8 1.6097752847066709e-05
10 0 9 1.5963488977381100e-05
10 0 10 1.5667075892160406e-05
10 0 11 1.5984983044909399e-05
10 0 12 1.5967366441962763e-05
10 0 13 1.5953161529682843e-05
10 0 14 1.5959340967876086e-05
10 0 15 1.6055104919944475e-05
10 0 16 1.5888597810692944e-05
10 0 17 1.6033604776557813e-05
10 0 18 1.5860724014168684e-05
10 0 19 1.5891740696011254e-05
10 0 20 1.5565753397771853e-05
10 0 21 1.5902828767217845e-05
10 0 22 1.5767882330120594e-05
10 0 23 1.5710685666368949e-05
10 0 24 1.6121171572144255e-05
10 0 25 1.5735302359200287e-05
10 0 26 1.5933910326341975e-05
10 0 27 1.6019581826130999e-05
10 0 28 1.5986962564949435e-05
10 0 29 1.6089791688808929e-05
10 0 30 1.6028831734496180e-05
10 0 31 1.5862282925864741e-05
10 0 32 1.6137589632395736e-05
10 0 33 1.5784813368726948e-05
10 0 34 1.5877557424925527e-05
10 0 35 1.5953632821643677e-05
10 0 36 1.6178922516450281e-05
10 0 37 1.6175902247930532e-05
10 0 38 1.5917172731058993e-05
10 0 39 1.6322457445883535e-05
10 0 40 1.5603195217806892e-05
10 0 41 1.6197190401032771e-05
10 0 42 1.5898402841064020e-05
10 0 43 1.5839118873226355e-05
10 0 44 1.6192036218393495e-05
10 0 45 1.6103147018557310e-05
10 0 46 1.5910183814765867e-05
10 0 47 1.5847414572485169e-05
10 0 48 1.6122359971116492e-05
10 0 49 1.5832257686159791e-05
10 0 50 1.5909554540639980e-05
10 0 51 1.5984911620619943e-05
10 0 52 1.6151013151298757e-05
10 0 53 1.5791753748559805e-05
10 0 54 1.6029125938176502e-05
10 0 55 1.6110276280828876e-05
10 0 56 1.6111338940543054e-05
10 0 57 1.6084723726699220e-05
10 0 58 1.5925030627970525e-05
10 0 59 1.6131848625846341e-05
10 0 60 1.6237180024664932e-05
10 0 61 1.6111778472669149e-05
10 0 62 1.5903339249338569e-05
10 0 63 1.8340246245956349e-33
10 8 0 4.4561455813575560e-05
10 8 1 1.8272036337159427e-05
10 8 2 1.7661604161955611e-05
10 8 3 1.6819718999006609e-05
10 8 4 1.6380235219637210e-05
10 8 5 1.6296449453945085e-05
10 8 6 1.6103275138753006e-05
10 8 7 1.6170561705667415e-05
10 8 8 1.6056186764610145e-05
10 8 9 1.5893414371480462e-05
10 8 10 1.5785587556665511e-05
10 8 11 1.5944198757520833e-05
10 8 12 1.5885604612622529e-05
10 8 13 1.6136440930784034e-05
10 8 14 1.5732572529872705e-05
10 8 15 1.6083408757089738e-05
10 8 16 1.6050016412737116e-05
10 8 17 1.5903003075256063e-05
10 8 18 1.6106823616910307e-05
10 8 19 1.5971701923195037e-05
10 8 20 1.6047551924292223e-05
10 8 21 1.5892858487212138e-05
10 8 22 1.6074639881588175e-05
10 8 23 1.5892877971996598e-05
10 8 24 1.5910856191104385e-05
10 8 25 1.6178249575210765e-05
10 8 26 1.5830697640932422e-05
10 8 27 1.6141445324682004e-05
10 8 28 1.5840321949473138e-05
10 8 29 1.6389736410602615e-05
10 8 30 1.5865693212979364e-05
10 8 31 1.5889072766340598e-05
10 8 32 1.6034148430075830e-05
10 8 33 1.6015086359218620e-05
10 8 34 1.6171130608513291e-05
10 8 35 1.5900193155417113e-05
10 8 36 1.5943578117241348e-05
10 8 37 1.6018841312600588e-05
10 8 38 1.5711176199353352e-05
10 8 39 1.6013100303430405e-05
10 8 40 1.6010777276916880e-05
10 8 41 1.6265506577335717e-05
10 8 42 1.6187631490585903e-05
10 8 43 1.6174096277863314e-05
10 8 44 1.6025538178730791e-05
10 8 45 1.6075867853609710e-05
10 8 46 1.6103739587998549e-05
10 8 47 1.6198655645483075e-05
10 8 48 1.6179167821171960e-05
10 8 49 1.5798649464877979e-05
10 8 50 1.5923851297760746e-05
10 8 51 1.6007749595121090e-05
10 8 52 1.6118597513758900e-05
10 8 53 1.5901835967543414e-05
10 8 54 1.6235551837860570e-05
10 8 55 1.6345657951842504e-05
10 8 56 1.5999422134519665e-05
10 8 57 1.5764550571576496e-05
10 8 58 1.6268616390015141e-05
10 8 59 1.6051716900932426e-05
10 8 60 1.5891558236978897e-05
10 8 61 1.6121291062259591e-05
10 8 62 1.5800570739341677e-05
10 8 63 1.8355404550395278e-33
10 16 0 1.2662182590123647e-04
10 16 1 3.0025465363610827e-05
10 16 2 2.9492422029050939e-05
10 16 3 2.2935006509225701e-05
10 16 4 1.9952469446042889e-05
10 16 5 1.8359904822999822e-05
10 16 6 1.7704922107380848e-05
10 16 7 1.7549932350682767e-05
10 16 8 1.6809646837722170e-05
10 16 9 1.6597011121018278e-05
10 16 10 1.6256855450342590e-05
10 16 11 1.6718010272462004e-05
10 16 12 1.6757232850297446e-05
10 16 13 1.6329016022862106e-05
10 16 14 1.6593891683841085e-05
10 16 15 1.6419075413454957e-05
10 16 16 1.6194338941403719e-05
10 16 17 1.6374570772780909e-05
10 16 18 1.6227138339739914e-05
10 16 19 1.6259597290345199e-05
10 16 20 1.6246331286580600e-05
10 16 21 1.6425431778971653e-05
10 16 22 1.6399356048039145e-05
10 16 23 1.6130406644876073e-05
10 16 24 1.6338862214430836e-05
10 16 25 1.6349097845264960e-05
10 16 26 1.6253725507997431e-05
10 16 27 1.6200459657998205e-05
10 16 28 1.6579805222233860e-05
10 16 29 1.6371406687315446e-05
10 16 30 1.6490525537991593e-05
10 16 31 1.6231534255898880e-05
10 16 32 1.6070677351842733e-05
10 16 33 1.6129090545091235e-05
10 16 34 1.6617351539065195e-05
10 16 35 1.6461313333328790e-05
10 16 36 1.6308520350554227e-05
10 16 37 1.5942620060510580e-05
10 16 38 1.6093965601552895e-05
10 16 39 1.6266408501670150e-05
10 16 40 1.6328483066589182e-05
10 16 41 1.6281031261157588e-05
10 16 42 1.6355289313007977e-05
10 16 43 1.6181256782660839e-05
10 16 44 1.6567414749471047e-05
10 16 45 1.6222140055511400e-05
10 16 46 1.6246302087677976e-05
10 16 47 1.5949428408438830e-05
10 16 48 1.6320688402078891e-05
10 16 49 1.6311258644162172e-05
10 16 50 1.6232784506999974e-05
10 16 51 1.5927413775936513e-05
10 16 52 1.5989229981285747e-05
10 16 53 1.6275854992536465e-05
10 16 54 1.6012882113661350e-05
10 16 55 1.6127767015580525e-05
10 16 56 1.6108495059476298e-05
10 16 57 1.6075163085295320e-05
10 16 58 1.6067979493186148e-05
10 16 59 1.6186044279186560e-05
10 16 60 1.6200505191442272e-05
10 16 61 1.6328753438605708e-05
10 16 62 1.5991084926446240e-05
10 16 63 1.9045429681986426e-33
10 32 0 8.4385166963799995e-04
10 32 1 1.1253456269240000e-04
10 32 2 1.5565440988469999e-04
10 32 3 7.8857810320732681e-05
10 32 4 5.3117867814538498e-05
10 32 5 4.1504451037132483e-05
10 32 6 3.5508257552108573e-05
10 32 7 3.0995339910052284e-05
10 32 8 2.8321113389927515e-05
10 32 9 2.5801147200296327e-05
10 32 10 2.4875076827817347e-05
10 32 11 2.3516741035574008e-05
10 32 12 2.3031234798008198e-05
10 32 13 2.2061147618384135e-05
10 32 14 2.1916019601540888e-05
10 32 15 2.1217653677838445e-05
10 32 16 2.1099757646021505e-05
10 32 17 2.0452750978548488e-05
10 32 18 2.0070095267752755e-05
10 32 19 2.0025732234319740e-05
10 32 20 1.9887945755560449e-05
10 32 21 1.9242080388111020e-05
10 32 22 1.9210304662739959e-05
10 32 23 1.9015037835867536e-05
10 32 24 1.8959401201218239e-05
10 32 25 1.8878348227203987e-05
10 32 26 1.8707569384973241e-05
10 32 27 1.8755848247659398e-05
10 32 28 1.8589287000727885e-05
10 32 29 1.8379360856314148e-05
10 32 30 1.8476224567399331e-05
10 32 31 1.8456602119089875e-05
10 32 32 1.8338542273726112e-05
10 32 33 1.7771668067119545e-05
10 32 34 1.7955735733705567e-05
10 32 35 1.8065945164577948e-05
10 32 36 1.7811243854526791e-05
10 32 37 1.7796471168947530e-05
10 32 38 1.7767556979221013e-05
10 32 39 1.7557936068757292e-05
10 32 40 1.7665681347573387e-05
10 32 41 1.7690408837342702e-05
10 32 42 1.7625155436115247e-05
10 32 43 1.7434574127974433e-05
10 32 44 1.7601198645980646e-05
10 32 45 1.7357825871695016e-05
10 32 46 1.7693140520202423e-05
10 32 47 1.7585320278298666e-05
10 32 48 1.7424386067705536e-05
10 32 49 1.7702924005116369e-05
10 32 50 1.7225258193818571e-05
10 32 51 1.7420713419726316e-05
10 32 52 1.7300283980988241e-05
10 32 53 1.7177189212387947e-05
10 32 54 1.7429853471799298e-05
10 32 55 1.7178138194959362e-05
10 32 56 1.7446164794389129e-05
10 32 57 1.7569148373053553e-05
10 32 58 1.7129101562196429e-05
10 32 59 1.7249624189628560e-05
10 32 60 1.7499694233137889e-05
10 32 61 1.7423364462048688e-05
10 32 62 1.7507618576173817e-05
10 32 63 2.6037878359494999e-33
10 48 0 2.5116624514851999e-03
10 48 1 3.1935937886399998e-04
10 48 2 4.4930720328640000e-04
10 48 3 2.3286303417879999e-04
10 48 4 1.5268565742120000e-04
10 48 5 1.1145115042320001e-04
10 48 6 8.6358914270976108e-05
10 48 7 7.1504428293573389e-05
10 48 8 6.0508291982159280e-05
10 48 9 5.3906450769283637e-05
10 48 10 4.8023275016720549e-05
10 48 11 4.3317206428947428e-05
10 48 12 4.1107670869740712e-05
10 48 13 3.8420330701647701e-05
10 48 14 3.6016612445084991e-05
10 48 15 3.4127105257778819e-05
10 48 16 3.2730140626745010e-05
10 48 17 3.1740639931251555e-05
10 48 18 2.9956922724080102e-05
10 48 19 2.9339971237064557e-05
10 48 20 2.8443962447516160e-05
10 48 21 2.7389668590829291e-05
10 48 22 2.6916049159800140e-05
10 48 23 2.6673072339956555e-05
10 48 24 2.5854493030798703e-05
10 48 25 2.5566932625081399e-05
10 48 26 2.5010338991588279e-05
10 48 27 2.4261063268267999e-05
10 48 28 2.4953976543323429e-05
10 48 29 2.4616886990830512e-05
10 48 30 2.4022495066465417e-05
10 48 31 2.4045102145860961e-05
10 48 32 2.3791258068447369e-05
10 48 33 2.3851252975535643e-05
10 48 34 2.3451637259506303e-05
10 48 35 2.3086454454608123e-05
10 48 36 2.3256120587566603e-05
10 48 37 2.2657036368224675e-05
10 48 38 2.2957612235313679e-05
10 48 39 2.2620887579167675e-05
10 48 40 2.2210277865528728e-05
10 48 41 2.2585475436246112e-05
10 48 42 2.2670422393162241e-05
10 48 43 2.2622266467163867e-05
10 48 44 2.2393746138484714e-05
10 48 45 2.2329506753355345e-05
10 48 46 2.1718794529702872e-05
10 48 47 2.2030633294380327e-05
10 48 48 2.1386238828682679e-05
10 48 49 2.1611808885685457e-05
10 48 50 2.1910451354617800e-05
10 48 51 2.1747172831886613e-05
10 48 52 2.1550088455845857e-05
10 48 53 2.1203023933324076e-05
10 48 54 2.1746891215028399e-05
10 48 55 2.1217016583568852e-05
10 48 56 2.1345617612467811e-05
10 48 57 2.1464320377690075e-05
10 48 58 2.1513731933686453e-05
10 48 59 2.1583920640697229e-05
10 48 60 2.1612946671611252e-05
10 48 61 2.1824485535246316e-05
10 48 62 2.2015924065842984e-05
10 48 63 4.4793307752458976e-33
10 64 0 5.5708032436980002e-03
10 64 1 7.0673139150890000e-04
10 64 2 1.2082071612800999e-03
10 64 3 5.5372518230500001e-04
10 64 4 3.4971525536339998e-04
10 64 5 2.4896458844860002e-04
10 64 6 1.9202653458560000e-04
10 64 7 1.5220715471950000e-04
10 64 8 1.2936134428899999e-04
10 64 9 1.1066407226600000e-04
10 64 10 9.7427841813153420e-05
10 64 11 8.9741478078304260e-05
10 64 12 8.1508447134024257e-05
10 64 13 7.4410173846033192e-05
10 64 14 7.0534937858217654e-05
10 64 15 6.5934175782328834e-05
10 64 16 6.0998738958513908e-05
10 64 17 5.7609141074576375e-05
10 64 18 5.5515917748570586e-05
10 64 19 5.3128179634433430e-05
10 64 20 5.1479595029017730e-05
10 64 21 4.8684969391209296e-05
10 64 22 4.7994110493905443e-05
10 64 23 4.6136910664764402e-05
10 64 24 4.4409987678540070e-05
10 64 25 4.4586981273657216e-05
10 64 26 4.2883485139272250e-05
10 64 27 4.2340592239563087e-05
10 64 28 4.1748462967664843e-05
10 64 29 4.0795468162525428e-05
10 64 30 3.9521175609726532e-05
10 64 31 3.9489866454491598e-05
10 64 32 3.8923928012233851e-05
10 64 33 3.8766776851839253e-05
10 64 34 3.7473962290785113e-05
10 64 35 3.7474725097208656e-05
10 64 36 3.7238441925768981e-05
10 64 37 3.7303505049562012e-05
10 64 38 3.6445682284482737e-05
10 64 39 3.5681372786211906e-05
10 64 40 3.5715898158939047e-05
10 64 41 3.4778430488792093e-05
10 64 42 3.4526433271780332e-05
10 64 43 3.5041478358324379e-05
10 64 44 3.4827306510400330e-05
10 64 45 3.4155315744539375e-05
10 64 46 3.3401010832324845e-05
10 64 47 3.3392832181270998e-05
10 64 48 3.3771011438756801e-05
10 64 49 3.2801672714822229e-05
10 64 50 3.3290517553396937e-05
10 64 51 3.2647256460171324e-05
10 64 52 3.2206231373726923e-05
10 64 53 3.2157897924709268e-05
10 64 54 3.2120844307195803e-05
10 64 55 3.2257686340893759e-05
10 64 56 3.2107243500596229e-05
10 64 57 3.1842133213959087e-05
10 64 58 3.1884489032062100e-05
10 64 59 3.2154013218204096e-05
10 64 60 3.1795244789244264e-05
10 64 61 3.1448723891321778e-05
10 64 62 3.4386340925464209e-05
10 64 63 8.5725798347595394e-33
10 72 0 7.8884717373688008e-03
10 72 1 1.0143939284993000e-03
10 72 2 1.7735370009573999e-03
10 72 3 8.6270473671909995e-04
10 72 4 5.4069233171860002e-04
10 72 5 3.7834236172469999e-04
10 72 6 2.9339931711199998e-04
10 72 7 2.3319308431550000e-04
10 72 8 1.9518999187530001e-04
10 72 9 1.7065327143250001e-04
10 72 10 1.5116458501500000e-04
10 72 11 1.3924152099919999e-04
10 72 12 1.2516457232270001e-04
10 72 13 1.1703315524600000e-04
10 72 14 1.0758751528400000e-04
10 72 15 1.0043961129450000e-04
10 72 16 9.3378371249013559e-05
10 72 17 8.9192746015605000e-05
10 72 18 8.4644654912095500e-05
10 72 19 7.9978207675268826e-05
10 72 20 7.8161873694380853e-05
10 72 21 7.4920663518591776e-05
10 72 22 7.3179753606214215e-05
10 72 23 6.9171097022826072e-05
10 72 24 6.8255220452717268e-05
10 72 25 6.5886690525736972e-05
10 72 26 6.3644543847676179e-05
10 72 27 6.3709272865798474e-05
10 72 28 6.3004515716264691e-05
10 72 29 6.1280858712270693e-05
10 72 30 5.9796377277806992e-05
10 72 31 5.8259296339630100e-05
10 72 32 5.7516721617438421e-05
10 72 33 5.7970988010207430e-05
10 72 34 5.5549271621165202e-05
10 72 35 5.5564853587916162e-05
10 72 36 5.4321937020055233e-05
10 72 37 5.3859622225950879e-05
10 72 38 5.3520575899379104e-05
10 72 39 5.3059871697183871e-05
10 72 40 5.2047321527675488e-05
10 72 41 5.0870582893130538e-05
10 72 42 5.1038661715483272e-05
10 72 43 4.9936334700903960e-05
10 72 44 5.0081225244036127e-05
10 72 45 4.9417469472989521e-05
10 72 46 4.8632690913004561e-05
10 72 47 4.7409373247335430e-05
10 72 48 4.7451635297841220e-05
10 72 49 4.6708722395679612e-05
10 72 50 4.5864573850997049e-05
10 72 51 4.6124122452935535e-05
10 72 52 4.5715603176351854e-05
10 72 53 4.5417133226563688e-05
10 72 54 4.4496322576761650e-05
10 72 55 4.4514339459347270e-05
10 72 56 4.4100944503876743e-05
10 72 57 4.3307938485133292e-05
10 72 58 4.4348708072881154e-05
10 72 59 4.5180179956197091e-05
10 72 60 4.4136334833690077e-05
10 72 61 4.2979925268493371e-05
10 72 62 5.1678635627505446e-05
10 72 63 1.2106688115065658e-32
10 80 0 1.0817550406567200e-02
10 80 1 1.4210766871072999e-03
10 80 2 2.3126315072608998e-03
10 80 3 1.1808013209509999e-03
10 80 4 7.5527126855219997e-04
10 80 5 5.3364134034799995e-04
10 80 6 4.0531064080199998e-04
10 80 7 3.3021415954369998e-04
10 80 8 2.7598435032580000e-04
10 80 9 2.4333986587689999e-04
10 80 10 2.1805736927490001e-04
10 80 11 1.9527618391710001e-04
10 80 12 1.7977446991730001e-04
10 80 13 1.6637281604000000e-04
10 80 14 1.5458490489199999e-04
10 80 15 1.4598175999330001e-04
10 80 16 1.3696670785779999e-04
10 80 17 1.2729320367239999e-04
10 80 18 1.2384683168709999e-04
10 80 19 1.1893876666050000e-04
10 80 20 1.1332453903210000e-04
10 80 21 1.0759688436620000e-04
10 80 22 1.0489538992330001e-04
10 80 23 1.0049038761710001e-04
10 80 24 9.4917546678162766e-05
10 80 25 9.4542794943627964e-05
10 80 26 9.2338739301426077e-05
10 80 27 8.8889082297164047e-05
10 80 28 8.7431417525947000e-05
10 80 29 8.5716005819807652e-05
10 80 30 8.3273767288127607e-05
10 80 31 8.2132488204666261e-05
10 80 32 7.9794959061618400e-05
10 80 33 8.0265069470251564e-05
10 80 34 7.7772189134772961e-05
10 80 35 7.7675193243693634e-05
10 80 36 7.5668273074271238e-05
10 80 37 7.5367800605331242e-05
10 80 38 7.3695884116316146e-05
10 80 39 7.2850614292654906e-05
10 80 40 7.1224276591307618e-05
10 80 41 7.0385802144733595e-05
10 80 42 7.0620347349996027e-05
10 80 43 6.9060911349087294e-05
10 80 44 6.9226878848079046e-05
10 80 45 6.6766017110107430e-05
10 80 46 6.7762107220043044e-05
10 80 47 6.6424700870801757e-05
10 80 48 6.4554815436109728e-05
10 80 49 6.4379839979537818e-05
10 80 50 6.4327834941269344e-05
10 80 51 6.3665151424508791e-05
10 80 52 6.5071726582206768e-05
10 80 53 6.2641813426647666e-05
10 80 54 6.3000649824138076e-05
10 80 55 6.2095277010929014e-05
10 80 56 6.0488610713388803e-05
10 80 57 6.1701010117276277e-05
10 80 58 6.1013740971378242e-05
10 80 59 6.1928022800479922e-05
10 80 60 6.0245968034907459e-05
10 80 61 5.9963647680750302e-05
10 80 62 7.4800609206305345e-05
10 80 63 1.6784091893892174e-32
10 88 0 1.3987217018888000e-02
10 88 1 1.8379423613517000e-03
10 88 2 2.7935322284901999e-03
10 88 3 1.4608833369052000e-03
10 88 4 9.1403117367110001e-04
10 88 5 6.6394214747290004e-04
10 88 6 5.1066771959200005e-04
10 88 7 4.0353209007940001e-04
10 88 8 3.4809772798499998e-04
10 88 9 3.0172412156919998e-04
10 88 10 2.7001506991670000e-04
10 88 11 2.4660638941559999e-04
10 88 12 2.2438821669020000e-04
10 88 13 2.0982432689250000e-04
10 88 14 1.9270401878829999e-04
10 88 15 1.8366390381340000e-04
10 88 16 1.7120133061700001e-04
10 88 17 1.6134446042320001e-04
10 88 18 1.5600268275479999e-04
10 88 19 1.4617242532409999e-04
10 88 20 1.4093819320389999e-04
10 88 21 1.3766011772780001e-04
10 88 22 1.3269106831330000e-04
10 88 23 1.2454673499349999e-04
10 88 24 1.2291664436310000e-04
10 88 25 1.1925219885149999e-04
10 88 26 1.1758670674530000e-04
10 88 27 1.1068054921820000e-04
10 88 28 1.1030159836490000e-04
10 88 29 1.0716357361860000e-04
10 88 30 1.0460731270920000e-04
10 88 31 1.0465572866020000e-04
10 88 32 1.0017974900780000e-04
10 88 33 9.9249131994415314e-05
10 88 34 9.8917012692258040e-05
10 88 35 9.5769779168867756e-05
10 88 36 9.5667183180980723e-05
10 88 37 9.4410241154946434e-05
10 88 38 9.2227194996341621e-05
10 88 39 9.1279259367781245e-05
10 88 40 9.1555192020173796e-05
10 88 41 8.9410193231926309e-05
10 88 42 8.8528421129422354e-05
10 88 43 8.7527831147771271e-05
10 88 44 8.7508683709355668e-05
10 88 45 8.5902372219034680e-05
10 88 46 8.5285616857627770e-05
10 88 47 8.2972752502961613e-05
10 88 48 8.4103976587704629e-05
10 88 49 8.2424720229204153e-05
10 88 50 8.0865794112614770e-05
10 88 51 8.0360315214705354e-05
10 88 52 8.1378113464382359e-05
10 88 53 7.9189226979607422e-05
10 88 54 8.0379766066530561e-05
10 88 55 8.0650495115125678e-05
10 88 56 8.0457374666814384e-05
10 88 57 7.9557947792073527e-05
10 88 58 7.7915368045591876e-05
10 88 59 7.7892495530895213e-05
10 88 60 7.5907547254796482e-05
10 88 61 7.7582917923634269e-05
10 88 62 9.4830858113557762e-05
10 88 63 2.1071028283223160e-32
10 96 0 1.6379712948826002e-02
10 96 1 2.3939014323684001e-03
10 96 2 3.1668604837607000e-03
10 96 3 1.7957683019657999e-03
10 96 4 1.0659033233772000e-03
10 96 5 7.6155738801579999e-04
10 96 6 5.9361865122569996e-04
10 96 7 4.8322104961659999e-04
10 96 8 4.0738993888409999e-04
10 96 9 3.5224108821130002e-04
10 96 10 3.2246743554509999e-04
10 96 11 2.8430427461889997e-04
10 96 12 2.6339116055140000e-04
10 96 13 2.4556657547030001e-04
10 96 14 2.3219248997729999e-04
10 96 15 2.1831326865330000e-04
10 96 16 2.0499221490939999e-04
10 96 17 1.9368270666760001e-04
10 96 18 1.8494948622340001e-04
10 96 19 1.7726366870649999e-04
10 96 20 1.6900726339620000e-04
10 96 21 1.6117791705530000e-04
10 96 22 1.5415691220390000e-04
10 96 23 1.5242754719880001e-04
10 96 24 1.4677344048440001e-04
10 96 25 1.4371592000420001e-04
10 96 26 1.3658245745809999e-04
10 96 27 1.3365843148480000e-04
10 96 28 1.2935840065490001e-04
10 96 29 1.2818763226630001e-04
10 96 30 1.2612978893659999e-04
10 96 31 1.2301924247679999e-04
10 96 32 1.1886529411380000e-04
10 96 33 1.1810570571459999e-04
10 96 34 1.1737057668310001e-04
10 96 35 1.1318651017560000e-04
10 96 36 1.1283202718410000e-04
10 96 37 1.1213772361530000e-04
10 96 38 1.0879180286800000e-04
10 96 39 1.1062467394609999e-04
10 96 40 1.0584306829329999e-04
10 96 41 1.0774327297400000e-04
10 96 42 1.0694914277510001e-04
10 96 43 1.0643871310450000e-04
10 96 44 1.0245412532880000e-04
10 96 45 1.0338304946650000e-04
10 96 46 1.0113006421910000e-04
10 96 47 1.0014650403939999e-04
10 96 48 9.9984228017451380e-05
10 96 49 9.8986065733012421e-05
10 96 50 9.9863665431762361e-05
10 96 51 9.7337646904202915e-05
10 96 52 9.9710037603221595e-05
10 96 53 9.9245584882814099e-05
10 96 54 9.7594841020344920e-05
10 96 55 9.7326129953704207e-05
10 96 56 9.6256794597187359e-05
10 96 57 9.4964064650702917e-05
10 96 58 9.6285463065132521e-05
10 96 59 9.3732801429296234e-05
10 96 60 9.3955396181181846e-05
10 96 61 9.8000839612761258e-05
10 96 62 1.1689960676800000e-04
10 96 63 2.4983777230192726e-32
10 104 0 1.7156721063350401e-02
10 104 1 2.9461692912758001e-03
10 104 2 3.3816350840082002e-03
10 104 3 2.1578617333101002e-03
10 104 4 1.2278780608695999e-03
10 104 5 8.7017096117629998e-04
10 104 6 6.8434887254410000e-04
10 104 7 5.4596899509139999e-04
10 104 8 4.7268363986040002e-04
10 104 9 4.0824058825099998e-04
10 104 10 3.6379236736320002e-04
10 104 11 3.3394104204260001e-04
10 104 12 2.9961980476400001e-04
10 104 13 2.8398427336660001e-04
10 104 14 2.6378821718600002e-04
10 104 15 2.4867245569529998e-04
10 104 16 2.3708828247590000e-04
10 104 17 2.2772125290239999e-04
10 104 18 2.1304385644550000e-04
10 104 19 2.0427466102960001e-04
10 104 20 1.9681611635600000e-04
10 104 21 1.8858823356930000e-04
10 104 22 1.7919851218940001e-04
10 104 23 1.7722167261110001e-04
10 104 24 1.7306235452840000e-04
10 104 25 1.6313903087549999e-04
10 104 26 1.6090351183109999e-04
10 104 27 1.5855229109279999e-04
10 104 28 1.5612780866109999e-04
10 104 29 1.5093218849750000e-04
10 104 30 1.4656106651729999e-04
10 104 31 1.4056543550160000e-04
10 104 32 1.4038496288720000e-04
10 104 33 1.3872697061700001e-04
10 104 34 1.3647866490730000e-04
10 104 35 1.3286208125740001e-04
10 104 36 1.3401934675439999e-04
10 104 37 1.3174252784519999e-04
10 104 38 1.3233838952629999e-04
10 104 39 1.2515735493189999e-04
10 104 40 1.2626237996050000e-04
10 104 41 1.2486649419420000e-04
10 104 42 1.2306355218360000e-04
10 104 43 1.2306922655410001e-04
10 104 44 1.2052186919990000e-04
10 104 45 1.2074086078040000e-04
10 104 46 1.1863941110090000e-04
10 104 47 1.1794254998970000e-04
10 104 48 1.1966377362330001e-04
10 104 49 1.1750623853860000e-04
10 104 50 1.1549613739010000e-04
10 104 51 1.1692139802739999e-04
10 104 52 1.1538675383130000e-04
10 104 53 1.1430024203640000e-04
10 104 54 1.1367306406040000e-04
10 104 55 1.1345324867720001e-04
10 104 56 1.1514730975850001e-04
10 104 57 1.1211649274960000e-04
10 104 58 1.1313023711870000e-04
10 104 59 1.1245670122470001e-04
10 104 60 1.1239591666320000e-04
10 104 61 1.1671880451910000e-04
10 104 62 1.3422135717800000e-04
10 104 63 2.8523950258728901e-32
13 0 0 3.1728558623493185e-05
13 0 1 1.5873081979367117e-05
13 0 2 1.5936626366192235e-05
13 0 3 1.5703681129690913e-05
13 0 4 1.5589309414183348e-05
13 0 5 1.6108187358688523e-05
13 0 6 1.5855715125590303e-05
13 0 7 1.5799939868500744e-05
13 0 8 1.5815283522790386e-05
13 0 9 1.5847254569363822e-05
13 0 10 1.5815434538682662e-05
13 0 11 1.5838140371173455e-05
13 0 12 1.5944330088361672e-05
13 0 13 1.5960878469665266e-05
13 0 14 1.5999343174711356e-05
13 0 15 1.5867733279847645e-05
13 0 16 1.6031627942171913e-05
13 0 17 1.5922711165617177e-05
13 0 18 1.6104347065417296e-05
13 0 19 1.5988576623951549e-05
13 0 20 1.5907278806923629e-05
13 0 21 1.5608355071308659e-05
13 0 22 1.6003538296484592e-05
13 0 23 1.6140912650021672e-05
13 0 24 1.5911593648411994e-05
13 0 25 1.5778655102419232e-05
13 0 26 1.5971858052219660e-05
13 0 27 1.5813325549331039e-05
13 0 28 1.6056335678412435e-05
13 0 29 1.5625455858644866e-05
13 0 30 1.5891700804274970e-05
13 0 31 1.6103792546120506e-05
13 0 32 1.6040320509719353e-05
13 0 33 1.6056692236924673e-05
13 0 34 1.5890036534965756e-05
13 0 35 1.5932680579087162e-05
13 0 36 1.6216749125524439e-05
13 0 37 1.6044447986685858e-05
13 0 38 1.6206364584319552e-05
13 0 39 1.5862224732840022e-05
13 0 40 1.5980550405579759e-05
13 0 41 1.6163563838222261e-05
13 0 42 1.6095728509027752e-05
13 0 43 1.5998670413701321e-05
13 0 44 1.6269294667216012e-05
13 0 45 1.5873407560327760e-05
13 0 46 1.6005246826323967e-05
13 0 47 1.5909739976167736e-05
13 0 48 1.6040363816650067e-05
13 0 49 1.6085994278527447e-05
13 0 50 1.5695057377297640e-05
13 0 51 1.5964963366977762e-05
13 0 52 1.6160076143342710e-05
13 0 53 1.6386116051609795e-05
13 0 54 1.6320401311379428e-05
13 0 55 1.6114745607443281e-05
13 0 56 1.6048973903941521e-05
13 0 57 1.5915736904403145e-05
13 0 58 1.5972550597911128e-05
13 0 59 1.6107994424439210e-05
13 0 60 1.6063086789333151e-05
13 0 61 1.5891316232265848e-05
13 0 62 1.5843743993220961e-05
13 0 63 1.8255714180326026e-33
13 8 0 4.7804047391767233e-05
13 8 1 1.8419147042200377e-05
13 8 2 1.7780980928626022e-05
13 8 3 1.6886521689917452e-05
13 8 4 1.6557448181388572e-05
13 8 5 1.6416445374865680e-05
13 8 6 1.6337287528447313e-05
13 8 7 1.5982880418466569e-05
13 8 8 1.6078027649290746e-05
13 8 9 1.5907257534007221e-05
13 8 10 1.6105737252433005e-05
13 8 11 1.5749013150547401e-05
13 8 12 1.5895675014687313e-05
13 8 13 1.5795353753493397e-05
13 8 14 1.5932144749185039e-05
13 8 15 1.6056631039727102e-05
13 8 16 1.5849995115337998e-05
13 8 17 1.5850536265473731e-05
13 8 18 1.5946319132380291e-05
13 8 19 1.6113964251492105e-05
13 8 20 1.6104093087610245e-05
13 8 21 1.5950910452292284e-05
13 8 22 1.5999160378875813e-05
13 8 23 1.6098963367743405e-05
13 8 24 1.5941029800639260e-05
13 8 25 1.6137616223932411e-05
13 8 26 1.5895233291158143e-05
13 8 27 1.5735063465956250e-05
13 8 28 1.6049661484042236e-05
13 8 29 1.5937942364646901e-05
13 8 30 1.5773234798593931e-05
13 8 31 1.6059674499187765e-05
13 8 32 1.6024051731725618e-05
13 8 33 1.6324264330419496e-05
13 8 34 1.6063364967265352e-05
13 8 35 1.5846982090933859e-05
13 8 36 1.5938339800957119e-05
13 8 37 1.6174775265670408e-05
13 8 38 1.5936168466283392e-05
13 8 39 1.6120218401632257e-05
13 8 40 1.6284270207859165e-05
13 8 41 1.5954956448998262e-05
13 8 42 1.6065108427124426e-05
13 8 43 1.5968310695087727e-05
13 8 44 1.6241911253187670e-05
13 8 45 1.6098735884523294e-05
13 8 46 1.5985037898115520e-05
13 8 47 1.6136884117750581e-05
13 8 48 1.6172203950924790e-05
13 8 49 1.6013947573985193e-05
13 8 50 1.5918449061739643e-05
13 8 51 1.6149337190450750e-05
13 8 52 1.6062460137737049e-05
13 8 53 1.6188074299026968e-05
13 8 54 1.5992140951574555e-05
13 8 55 1.5877236034737983e-05
13 8 56 1.6197021462219969e-05
13 8 57 1.6125307520456696e-05
13 8 58 1.6174434598970165e-05
13 8 59 1.6056338672752030e-05
13 8 60 1.6189067321544885e-05
13 8 61 1.6327890376852669e-05
13 8 62 1.6111385953001799e-05
13 8 63 1.8419399519983748e-33
13 16 0 1.6126770769219232e-04
13 16 1 3.2776655758045730e-05
13 16 2 3.3804450671712233e-05
13 16 3 2.4116223763531492e-05
13 16 4 2.0329837504790892e-05
13 16 5 1.8961749430655832e-05
13 16 6 1.7820548338744550e-05
13 16 7 1.7246129756683704e-05
13 16 8 1.7125988909854886e-05
13 16 9 1.6949654778467445e-05
13 16 10 1.6746683728534241e-05
13 16 11 1.6560615809837460e-05
13 16 12 1.6860115196771553e-05
13 16 13 1.6782795621922724e-05
13 16 14 1.6674397679328016e-05
13 16 15 1.6498149583815407e-05
13 16 16 1.6466333519389645e-05
13 16 17 1.6424598469674365e-05
13 16 18 1.6459213238421857e-05
13 16 19 1.6484320856296932e-05
13 16 20 1.6412506509162413e-05
13 16 21 1.6405501065539103e-05
13 16 22 1.6431680948722047e-05
13 16 23 1.6469268954627312e-05
13 16 24 1.6792657653357558e-05
13 16 25 1.6408774726097439e-05
13 16 26 1.6470672373575792e-05
13 16 27 1.6206153835851285e-05
13 16 28 1.6393404385191992e-05
13 16 29 1.6220948255899699e-05
13 16 30 1.6142866836034653e-05
13 16 31 1.6294456032341487e-05
13 16 32 1.6319258576350508e-05
13 16 33 1.5939567051901631e-05
13 16 34 1.6067724178009104e-05
13 16 35 1.6193988186209506e-05
13 16 36 1.6274170828573737e-05
13 16 37 1.6299291141884517e-05
13 16 38 1.6279790774952313e-05
13 16 39 1.6095518194669403e-05
13 16 40 1.6285622154164972e-05
13 16 41 1.6356591449779656e-05
13 16 42 1.6043139662964887e-05
13 16 43 1.6118075101443050e-05
13 16 44 1.6096976688556941e-05
13 16 45 1.6367657662717204e-05
13 16 46 1.6252783539433435e-05
13 16 47 1.6432611483355431e-05
13 16 48 1.6184853440143784e-05
13 16 49 1.6277118917508212e-05
13 16 50 1.6337214694052846e-05
13 16 51 1.5921492067064333e-05
13 16 52 1.6260791397468429e-05
13 16 53 1.6423781459700855e-05
13 16 54 1.6172962505485934e-05
13 16 55 1.6586438193890177e-05
13 16 56 1.6293538305923831e-05
13 16 57 1.6388403812535771e-05
13 16 58 1.6146511946390612e-05
13 16 59 1.6345073898969877e-05
13 16 60 1.6266728411911646e-05
13 16 61 1.6146046052056466e-05
13 16 62 1.6451618977737300e-05
13 16 63 1.9552553093714809e-33
13 32 0 1.0493381489247999e-03
13 32 1 1.3378390998889999e-04
13 32 2 1.9107882496500000e-04
13 32 3 9.9436950163384944e-05
13 32 4 6.7176310816045965e-05
13 32 5 5.0370265120092974e-05
13 32 6 4.2360659021955138e-05
13 32 7 3.6009224396600002e-05
13 32 8 3.2346823225701019e-05
13 32 9 2.9350886004531256e-05
13 32 10 2.7823292848519730e-05
13 32 11 2.5908615145678051e-05
13 32 12 2.5090877026724300e-05
13 32 13 2.3963559892302382e-05
13 32 14 2.3035725759034717e-05
13 32 15 2.2140062769679128e-05
13 32 16 2.1648199881284084e-05
13 32 17 2.1398277040026872e-05
13 32 18 2.1033938208067331e-05
13 32 19 2.0553538113219072e-05
13 32 20 2.0148384590451924e-05
13 32 21 2.0433083806928129e-05
13 32 22 2.0003653160951409e-05
13 32 23 1.9352941559099517e-05
13 32 24 1.9520901860934490e-05
13 32 25 1.9224778305327628e-05
13 32 26 1.8904148218744462e-05
13 32 27 1.8859431761656789e-05
13 32 28 1.8832938476461350e-05
13 32 29 1.9074547271542419e-05
13 32 30 1.8648422171264369e-05
13 32 31 1.8625900808563608e-05
13 32 32 1.8482980262138128e-05
13 32 33 1.8487308819417264e-05
13 32 34 1.8609499491257580e-05
13 32 35 1.8322151704980109e-05
13 32 36 1.8192800623524679e-05
13 32 37 1.7983073393441746e-05
13 32 38 1.8597310274302052e-05
13 32 39 1.7827122258460348e-05
13 32 40 1.8060710801908509e-05
13 32 41 1.8086944213297199e-05
13 32 42 1.7719474021338028e-05
13 32 43 1.8179046497531191e-05
13 32 44 1.8104731823174429e-05
13 32 45 1.7806643193068886e-05
13 32 46 1.7665513626762088e-05
13 32 47 1.7890670259917816e-05
13 32 48 1.7593524784448447e-05
13 32 49 1.7719224900077573e-05
13 32 50 1.7655236647639310e-05
13 32 51 1.7973195266718839e-05
13 32 52 1.7688132706843413e-05
13 32 53 1.7510934571134348e-05
13 32 54 1.7619959022585824e-05
13 32 55 1.7523253465382178e-05
13 32 56 1.7790941139200634e-05
13 32 57 1.7631066033357728e-05
13 32 58 1.7863111678126445e-05
13 32 59 1.7857798156058134e-05
13 32 60 1.7515205282002803e-05
13 32 61 1.8001752063755831e-05
13 32 62 1.7865327256752858e-05
13 32 63 2.8014847767665385e-33
13 48 0 2.9127156619896000e-03
13 48 1 3.7574585435349998e-04
13 48 2 5.8409941293839998e-04
13 48 3 2.7750250746420000e-04
13 48 4 1.8099660775150000e-04
13 48 5 1.2917935395820001e-04
13 48 6 9.8734255045252164e-05
13 48 7 8.1419861062880151e-05
13 48 8 6.8700837035902629e-05
13 48 9 6.0403894686285369e-05
13 48 10 5.3316938305973612e-05
13 48 11 4.8782290306985402e-05
13 48 12 4.4708550976547887e-05
13 48 13 4.0949892708682079e-05
13 48 14 3.9066026671844239e-05
13 48 15 3.6675477239416738e-05
13 48 16 3.5402580342513321e-05
13 48 17 3.3684473877015744e-05
13 48 18 3.2744834545583101e-05
13 48 19 3.1127593749587259e-05
13 48 20 3.0223342903063693e-05
13 48 21 2.9379347492156117e-05
13 48 22 2.8297508334180661e-05
13 48 23 2.8057609018734826e-05
13 48 24 2.7325207257081607e-05
13 48 25 2.7548364690526040e-05
13 48 26 2.6701164653628813e-05
13 48 27 2.5843317269687000e-05
13 48 28 2.5871061715810990e-05
13 48 29 2.6162343003144030e-05
13 48 30 2.5237028482378967e-05
13 48 31 2.5348444895934690e-05
13 48 32 2.4947992959947007e-05
13 48 33 2.4492057784243040e-05
13 48 34 2.3984965810900879e-05
13 48 35 2.4500338252454752e-05
13 48 36 2.4159444445183547e-05
13 48 37 2.4173872046732687e-05
13 48 38 2.3706904412307279e-05
13 48 39 2.3717265645622670e-05
13 48 40 2.3305159275356960e-05
13 48 41 2.3581892117510592e-05
13 48 42 2.3232474326488291e-05
13 48 43 2.3057108878836011e-05
13 48 44 2.3100092379918337e-05
13 48 45 2.2766720182013036e-05
13 48 46 2.2885796225005987e-05
13 48 47 2.2542636816713269e-05
13 48 48 2.2638778125020837e-05
13 48 49 2.2573501777945439e-05
13 48 50 2.2318911081604890e-05
13 48 51 2.2226499048889195e-05
13 48 52 2.2206191624055908e-05
13 48 53 2.2086320876979669e-05
13 48 54 2.2458055287649663e-05
13 48 55 2.2031590280658316e-05
13 48 56 2.1972212918330118e-05
13 48 57 2.1667106260078564e-05
13 48 58 2.2148302494775903e-05
13 48 59 2.1647052363973385e-05
13 48 60 2.1697554044750419e-05
13 48 61 2.2070168229116239e-05
13 48 62 2.2505672383379750e-05
13 48 63 4.9115828937084378e-33
13 64 0 6.7303658239495998e-03
13 64 1 8.7384509547689998e-04
13 64 2 1.5319949916443999e-03
13 64 3 7.2973100544059997e-04
13 64 4 4.6517302937129997e-04
13 64 5 3.1926705240250001e-04
13 64 6 2.3918946421449999e-04
13 64 7 1.9120639827530000e-04
13 64 8 1.5920446915310000e-04
13 64 9 1.4154770746290001e-04
13 64 10 1.2250318069180000e-04
13 64 11 1.1316585311290000e-04
13 64 12 1.0124519897120000e-04
13 64 13 9.4733329626401602e-05
13 64 14 8.7485129292668457e-05
13 64 15 8.2309991930342512e-05
13 64 16 7.7615966419664843e-05
13 64 17 7.1876988420175217e-05
13 64 18 6.9370032527326679e-05
13 64 19 6.5394384073085108e-05
13 64 20 6.3322265152241012e-05
13 64 21 6.0777425968274167e-05
13 64 22 5.8326721239835525e-05
13 64 23 5.7274040779739612e-05
13 64 24 5.5522743114788787e-05
13 64 25 5.5000650829038667e-05
13 64 26 5.3056641825799141e-05
13 64 27 5.2283779149190961e-05
13 64 28 5.1486435913958963e-05
13 64 29 5.0449583141528017e-05
13 64 30 4.8835239678916819e-05
13 64 31 4.8569869481462674e-05
13 64 32 4.7687073717009418e-05
13 64 33 4.7541375238203138e-05
13 64 34 4.6973436908494571e-05
13 64 35 4.6169808217572530e-05
13 64 36 4.4714913778571377e-05
13 64 37 4.5158218309965798e-05
13 64 38 4.4502358982369487e-05
13 64 39 4.3098850406858207e-05
13 64 40 4.2503108791592254e-05
13 64 41 4.2306771298763347e-05
13 64 42 4.1202193291080566e-05
13 64 43 4.1155151637157029e-05
13 64 44 4.0070747550369169e-05
13 64 45 3.9915748163523538e-05
13 64 46 3.9632950432907340e-05
13 64 47 3.9466550970436272e-05
13 64 48 3.9265062247466727e-05
13 64 49 3.8726659594381448e-05
13 64 50 3.8536295328420388e-05
13 64 51 3.7809141684051214e-05
13 64 52 3.7916646269421422e-05
13 64 53 3.8099991740417500e-05
13 64 54 3.6810167261494207e-05
13 64 55 3.6996557239174003e-05
13 64 56 3.7297010754897968e-05
13 64 57 3.7226401443704077e-05
13 64 58 3.6609937014296938e-05
13 64 59 3.6697802410410582e-05
13 64 60 3.6555100085799401e-05
13 64 61 3.5387624607945327e-05
13 64 62 4.2431463750788260e-05
13 64 63 9.7333472975459876e-33
13 72 0 9.7445872337112004e-03
13 72 1 1.2749143149633001e-03
13 72 2 2.1235613450013000e-03
13 72 3 1.0827108234919001e-03
13 72 4 6.8287697127179998e-04
13 72 5 4.8246734460789998e-04
13 72 6 3.7159169450789997e-04
13 72 7 2.9169229564940001e-04
13 72 8 2.4611135981649998e-04
13 72 9 2.1044545053170000e-04
13 72 10 1.8903588214419999e-04
13 72 11 1.7242649715050001e-04
13 72 12 1.5618443355980001e-04
13 72 13 1.4705629899050001e-04
13 72 14 1.3406652652759999e-04
13 72 15 1.2730030409019999e-04
13 72 16 1.1919844722900000e-04
13 72 17 1.1205518302260000e-04
13 72 18 1.0702404966420000e-04
13 72 19 9.9591540854926521e-05
13 72 20 9.8078912791970364e-05
13 72 21 9.0781042555283499e-05
13 72 22 9.0870566760993120e-05
13 72 23 8.7547905119412262e-05
13 72 24 8.5462916146692190e-05
13 72 25 8.0664112205024594e-05
13 72 26 7.9851743417525041e-05
13 72 27 7.7237554514575444e-05
13 72 28 7.6536504499865807e-05
13 72 29 7.3813074290984598e-05
13 72 30 7.3002614950572252e-05
13 72 31 7.2038242539958688e-05
13 72 32 7.0637940435554038e-05
13 72 33 6.9530424559709769e-05
13 72 34 6.8847794012620085e-05
13 72 35 6.7545126858101177e-05
13 72 36 6.7954061507586629e-05
13 72 37 6.5544097157462937e-05
13 72 38 6.4367686432672831e-05
13 72 39 6.3837432311233434e-05
13 72 40 6.2936686376226047e-05
13 72 41 6.2231276445808242e-05
13 72 42 6.1361178196146679e-05
13 72 43 5.9225326372577852e-05
13 72 44 6.0064994094176198e-05
13 72 45 5.8526295670436080e-05
13 72 46 5.7779754176154114e-05
13 72 47 5.7000643969773526e-05
13 72 48 5.7713580272845183e-05
13 72 49 5.5626286591702788e-05
13 72 50 5.5220012750111842e-05
13 72 51 5.5250238389759987e-05
13 72 52 5.5151719132890695e-05
13 72 53 5.4433335009109001e-05
13 72 54 5.4570553182415030e-05
13 72 55 5.3919086125233522e-05
13 72 56 5.2854280811277008e-05
13 72 57 5.3045640259287168e-05
13 72 58 5.2823160136262878e-05
13 72 59 5.2294057826021442e-05
13 72 60 5.1830564915604194e-05
13 72 61 5.0045799216367050e-05
13 72 62 6.4875522330665623e-05
13 72 63 1.4556319002214008e-32
13 80 0 1.2799127788464801e-02
13 80 1 1.6852632058185000e-03
13 80 2 2.5822059479600999e-03
13 80 3 1.3866765789155001e-03
13 80 4 8.6520350171509996e-04
13 80 5 6.1098181594289997e-04
13 80 6 4.6437234426259999e-04
13 80 7 3.7872305862600002e-04
13 80 8 3.1700230835820002e-04
13 80 9 2.7391448513060002e-04
13 80 10 2.4547023812249998e-04
13 80 11 2.2055906890380001e-04
13 80 12 2.0242096256069999e-04
13 80 13 1.9093945764669999e-04
13 80 14 1.7887414858019999e-04
13 80 15 1.6411290819369999e-04
13 80 16 1.5541757264780001e-04
13 80 17 1.4694843128320001e-04
13 80 18 1.3807331616950001e-04
13 80 19 1.3359564641769999e-04
13 80 20 1.2508582249150000e-04
13 80 21 1.2188931627920000e-04
13 80 22 1.1685384706070000e-04
13 80 23 1.1207484887590000e-04
13 80 24 1.0766252264590000e-04
13 80 25 1.0604813299310000e-04
13 80 26 1.0197457110680000e-04
13 80 27 1.0080800349050000e-04
13 80 28 9.7494304916561725e-05
13 80 29 9.5580259378552737e-05
13 80 30 9.5050956310954504e-05
13 80 31 9.0347178730222741e-05
13 80 32 9.0150972713409164e-05
13 80 33 8.8337095536940343e-05
13 80 34 8.7815467355998911e-05
13 80 35 8.6150287960781190e-05
13 80 36 8.3982810331837109e-05
13 80 37 8.3202570010936666e-05
13 80 38 8.3635779748573199e-05
13 80 39 8.1160740537770715e-05
13 80 40 8.0589164688023862e-05
13 80 41 7.8821988635852040e-05
13 80 42 7.8883852243242879e-05
13 80 43 7.7645077448674989e-05
13 80 44 7.6660804191583037e-05
13 80 45 7.6465163641306920e-05
13 80 46 7.5347412223179618e-05
13 80 47 7.4517322905922709e-05
13 80 48 7.4590486829035637e-05
13 80 49 7.3499944804580338e-05
13 80 50 7.3196966987470750e-05
13 80 51 7.2818178121345086e-05
13 80 52 7.2962576231307323e-05
13 80 53 7.1699672974540792e-05
13 80 54 7.0519598471559236e-05
13 80 55 6.9847301469518020e-05
13 80 56 6.9472258388832142e-05
13 80 57 7.0487813317229338e-05
13 80 58 6.8976996495703890e-05
13 80 59 6.9151308524828951e-05
13 80 60 6.6851644486709403e-05
13 80 61 6.8703975224205247e-05
13 80 62 8.6454920203500905e-05
13 80 63 1.9000211205857879e-32
13 88 0 1.5958100751805999e-02
13 88 1 2.1811583259244002e-03
13 88 2 3.1742312413191999e-03
13 88 3 1.6998632041560001e-03
13 88 4 1.0243326209176001e-03
13 88 5 7.2227286514019997e-04
13 88 6 5.5398145816410002e-04
13 88 7 4.4963820397380002e-04
13 88 8 3.7879462826749999e-04
13 88 9 3.3181793517480000e-04
13 88 10 2.8960060625890001e-04
13 88 11 2.6603139068989999e-04
13 88 12 2.4057911249489999e-04
13 88 13 2.2085137851009999e-04
13 88 14 2.0819656759880000e-04
13 88 15 1.9511630059639999e-04
13 88 16 1.8374978302160001e-04
13 88 17 1.7408070193630001e-04
13 88 18 1.6462260318870001e-04
13 88 19 1.5938335462480001e-04
13 88 20 1.5126113868760001e-04
13 88 21 1.4622627533040001e-04
13 88 22 1.4110344635050000e-04
13 88 23 1.3444008310719999e-04
13 88 24 1.3133692779279999e-04
13 88 25 1.2733739937870000e-04
13 88 26 1.2387508747370001e-04
13 88 27 1.2046030037440000e-04
13 88 28 1.1830180108160000e-04
13 88 29 1.1249358349669999e-04
13 88 30 1.1359573477630000e-04
13 88 31 1.0998106854879999e-04
13 88 32 1.0774447620680000e-04
13 88 33 1.0572098053990001e-04
13 88 34 1.0465888393620001e-04
13 88 35 1.0288489337169999e-04
13 88 36 1.0196613871810000e-04
13 88 37 9.9821478431569757e-05
13 88 38 9.8291903397417405e-05
13 88 39 9.7072131284806399e-05
13 88 40 9.6688275084985383e-05
13 88 41 9.4871940705675906e-05
13 88 42 9.5141906337650061e-05
13 88 43 9.3634158466127242e-05
13 88 44 9.2831324610776280e-05
13 88 45 9.1956126829636595e-05
13 88 46 8.9306374525215069e-05
13 88 47 9.0001441142862780e-05
13 88 48 8.8287375733582163e-05
13 88 49 8.9156744370705630e-05
13 88 50 8.8116668345384510e-05
13 88 51 8.7817272424773430e-05
13 88 52 8.8034838146350790e-05
13 88 53 8.7382941072842928e-05
13 88 54 8.7906958293705749e-05
13 88 55 8.6813525457369128e-05
13 88 56 8.4602893142021469e-05
13 88 57 8.5840214601881721e-05
13 88 58 8.5765087871884224e-05
13 88 59 8.4254394257447378e-05
13 88 60 8.3658431582127367e-05
13 88 61 8.7715934550062930e-05
13 88 62 1.0511523805100000e-04
13 88 63 2.3697960341161063e-32
13 96 0 1.7371929897830801e-02
13 96 1 2.8295934022223002e-03
13 96 2 3.4196171647260000e-03
13 96 3 2.1465636641142000e-03
13 96 4 1.1490094885259000e-03
13 96 5 8.3054183638830005e-04
13 96 6 6.4392786200640005e-04
13 96 7 5.2266957262450003e-04
13 96 8 4.3952356079309999e-04
13 96 9 3.7609225155700002e-04
13 96 10 3.3514275301649998e-04
13 96 11 3.0922577665430000e-04
13 96 12 2.8025108712570002e-04
13 96 13 2.6227535836470002e-04
13 96 14 2.4058809449900001e-04
13 96 15 2.3466960749259999e-04
13 96 16 2.1266158831209999e-04
13 96 17 2.0270310348980000e-04
13 96 18 1.9100037321300001e-04
13 96 19 1.8643834356189999e-04
13 96 20 1.7366085407300000e-04
13 96 21 1.7017254702680001e-04
13 96 22 1.6237821996510000e-04
13 96 23 1.5749882047250000e-04
13 96 24 1.5402921438140000e-04
13 96 25 1.4835790155700001e-04
13 96 26 1.4516744805440001e-04
13 96 27 1.4113548058929999e-04
13 96 28 1.3934990179510000e-04
13 96 29 1.3425021822930001e-04
13 96 30 1.2988750210359999e-04
13 96 31 1.3095398363960001e-04
13 96 32 1.2818086729850001e-04
13 96 33 1.2520971508499999e-04
13 96 34 1.2347969644400001e-04
13 96 35 1.2210866982640000e-04
13 96 36 1.1925352542320000e-04
13 96 37 1.1613588339770000e-04
13 96 38 1.1584213236520000e-04
13 96 39 1.1432357377590000e-04
13 96 40 1.1448887960290000e-04
13 96 41 1.1204754959250000e-04
13 96 42 1.1190473645390000e-04
13 96 43 1.0832195108210001e-04
13 96 44 1.0744969844960000e-04
13 96 45 1.0542219775100000e-04
13 96 46 1.0532577392419999e-04
13 96 47 1.0587363710880000e-04
13 96 48 1.0558044317790001e-04
13 96 49 1.0371850621870000e-04
13 96 50 1.0408924005310000e-04
13 96 51 1.0303671461290000e-04
13 96 52 1.0381963323830000e-04
13 96 53 1.0243348501710000e-04
13 96 54 1.0220891096840001e-04
13 96 55 1.0194787583960000e-04
13 96 56 1.0156215540330000e-04
13 96 57 1.0331208270550000e-04
13 96 58 9.9594504104306443e-05
13 96 59 9.9927866471734037e-05
13 96 60 9.6937738749897556e-05
13 96 61 1.0373999986430000e-04
13 96 62 1.2026400519930000e-04
13 96 63 2.6807222619716751e-32
13 104 0 1.6887138737588400e-02
13 104 1 3.3952031326629998e-03
13 104 2 3.5406394479297002e-03
13 104 3 2.5345698580138002e-03
13 104 4 1.3302940863711000e-03
13 104 5 9.3193326978339996e-04
13 104 6 7.4621713020010002e-04
13 104 7 6.0705837975870002e-04
13 104 8 4.9721418619869996e-04
13 104 9 4.3690457241590000e-04
13 104 10 3.8182779386230001e-04
13 104 11 3.4847669132749998e-04
13 104 12 3.1808902846000001e-04
13 104 13 2.9434945517240000e-04
13 104 14 2.8248581490949998e-04
13 104 15 2.6354027717399999e-04
13 104 16 2.4859107848449998e-04
13 104 17 2.3228142625790000e-04
13 104 18 2.2304678553290000e-04
13 104 19 2.1224615501730000e-04
13 104 20 2.0478150878439999e-04
13 104 21 1.9599418079480001e-04
13 104 22 1.8933904695700001e-04
13 104 23 1.8430652629139999e-04
13 104 24 1.7783291716740000e-04
13 104 25 1.7252391358830001e-04
13 104 26 1.6652554689089999e-04
13 104 27 1.6384538314520000e-04
13 104 28 1.6065376934820000e-04
13 104 29 1.5865655388680000e-04
13 104 30 1.5100571951240000e-04
13 104 31 1.5179045549320000e-04
13 104 32 1.4734491550590000e-04
13 104 33 1.4629045967240001e-04
13 104 34 1.4073202412120001e-04
13 104 35 1.3796762458360000e-04
13 104 36 1.3694182113490000e-04
13 104 37 1.3516530822080001e-04
13 104 38 1.3621115712870001e-04
13 104 39 1.3416791091289999e-04
13 104 40 1.3279966477399999e-04
13 104 41 1.3017041066220000e-04
13 104 42 1.3114326274380001e-04
13 104 43 1.2599679031700001e-04
13 104 44 1.2462191863359999e-04
13 104 45 1.2717244216599999e-04
13 104 46 1.2459148659070001e-04
13 104 47 1.2428909428680000e-04
13 104 48 1.2145470750710000e-04
13 104 49 1.2305311267590000e-04
13 104 50 1.2209537209119999e-04
13 104 51 1.2062497626350000e-04
13 104 52 1.1960531773079999e-04
13 104 53 1.1956841056940000e-04
13 104 54 1.2120316085060000e-04
13 104 55 1.2016698977370000e-04
13 104 56 1.1857021882030000e-04
13 104 57 1.1936356627180000e-04
13 104 58 1.1760410129840000e-04
13 104 59 1.1675376076410000e-04
13 104 60 1.1825447633600000e-04
13 104 61 1.2366965208790001e-04
13 104 62 1.4105938265540001e-04
13 104 63 3.0060250396360088e-32
19 0 0 3.1677033284156561e-05
19 0 1 1.5752088246562060e-05
19 0 2 1.5905898434090813e-05
19 0 3 1.5877524021301616e-05
19 0 4 1.5934344598712768e-05
19 0 5 1.5993698159782571e-05
19 0 6 1.5741234832943432e-05
19 0 7 1.5534439124394064e-05
19 0 8 1.5728806120255504e-05
19 0 9 1.5866502915683369e-05
19 0 10 1.5888316226173903e-05
19 0 11 1.5646289765821166e-05
19 0 12 1.6012669615042748e-05
19 0 13 1.5700317272911613e-05
19 0 14 1.5837064339147614e-05
19 0 15 1.5998918658925903e-05
19 0 16 1.6131974420623978e-05
19 0 17 1.5633330113689179e-05
19 0 18 1.5784668464740436e-05
19 0 19 1.5824444559242757e-05
19 0 20 1.5860132695264720e-05
19 0 21 1.6049007115846122e-05
19 0 22 1.6014469004633374e-05
19 0 23 1.6096334092895791e-05
19 0 24 1.5802318665696822e-05
19 0 25 1.6201613651005410e-05
19 0 26 1.5828192197966538e-05
19 0 27 1.6166496047028896e-05
19 0 28 1.5988845201349769e-05
19 0 29 1.5874277400455963e-05
19 0 30 1.5785857140230367e-05
19 0 31 1.6065913157315594e-05
19 0 32 1.6108901179334907e-05
19 0 33 1.6131711215338032e-05
19 0 34 1.5926545307121326e-05
19 0 35 1.6121512785893378e-05
19 0 36 1.5917116767929365e-05
19 0 37 1.6097561762082949e-05
19 0 38 1.5884676550804832e-05
19 0 39 1.5995921902686516e-05
19 0 40 1.5973870893013020e-05
19 0 41 1.6315098073951797e-05
19 0 42 1.6116663615887671e-05
19 0 43 1.6121896498946839e-05
19 0 44 1.6129140462806863e-05
19 0 45 1.6183343509154922e-05
19 0 46 1.5968646029220245e-05
19 0 47 1.5901678640246560e-05
19 0 48 1.6051954223279852e-05
19 0 49 1.5904014418710704e-05
19 0 50 1.5977471673213653e-05
19 0 51 1.6177440599750936e-05
19 0 52 1.5726023426281817e-05
19 0 53 1.6312407939179475e-05
19 0 54 1.6163904486649712e-05
19 0 55 1.6031710368937918e-05
19 0 56 1.6032778038012724e-05
19 0 57 1.6104802222853715e-05
19 0 58 1.6085308857304894e-05
19 0 59 1.5918170900526728e-05
19 0 60 1.5942066863163976e-05
19 0 61 1.6261431864184912e-05
19 0 62 1.6390760087429239e-05
19 0 63 1.8339374288307149e-33
19 8 0 5.5060096500587121e-05
19 8 1 1.9066275032506311e-05
19 8 2 1.9289199070924626e-05
19 8 3 1.7075558092337774e-05
19 8 4 1.6759640591768161e-05
19 8 5 1.6112554405174876e-05
19 8 6 1.6082378787506084e-05
19 8 7 1.5972979960515786e-05
19 8 8 1.6324286591202801e-05
19 8 9 1.5938409132263274e-05
19 8 10 1.6004543341299576e-05
19 8 11 1.6139367124381225e-05
19 8 12 1.5809716503224896e-05
19 8 13 1.6037364666799554e-05
19 8 14 1.5988444838631358e-05
19 8 15 1.5850299167933901e-05
19 8 16 1.5979177805982808e-05
19 8 17 1.5990289191004949e-05
19 8 18 1.5761305644109272e-05
19 8 19 1.6202945805346272e-05
19 8 20 1.5929742286412190e-05
19 8 21 1.5891609408654874e-05
19 8 22 1.5980429131629333e-05
19 8 23 1.6089549371443361e-05
19 8 24 1.6011994470036609e-05
19 8 25 1.5907468357070776e-05
19 8 26 1.5895343671567824e-05
19 8 27 1.6110195865334981e-05
19 8 28 1.5875441082944389e-05
19 8 29 1.6098463350639711e-05
19 8 30 1.6116564483439802e-05
19 8 31 1.5919189247102630e-05
19 8 32 1.6067156471055060e-05
19 8 33 1.5835629301487985e-05
19 8 34 1.6213953002031784e-05
19 8 35 1.6068917868126444e-05
19 8 36 1.5955331997775234e-05
19 8 37 1.5923302179121809e-05
19 8 38 1.5771039295971515e-05
19 8 39 1.5945055235959152e-05
19 8 40 1.6197557719809003e-05
19 8 41 1.5940076941824405e-05
19 8 42 1.5869762323188119e-05
19 8 43 1.6107053987850459e-05
19 8 44 1.6073160053273620e-05
19 8 45 1.6355868773322398e-05
19 8 46 1.5895070667092809e-05
19 8 47 1.6165663033468493e-05
19 8 48 1.6011479291275217e-05
19 8 49 1.6039559321703146e-05
19 8 50 1.5925118441517537e-05
19 8 51 1.6217594504990698e-05
19 8 52 1.6121373308948126e-05
19 8 53 1.6075642402331184e-05
19 8 54 1.6155481623931922e-05
19 8 55 1.6269517545679923e-05
19 8 56 1.6085970973058781e-05
19 8 57 1.6116850590721168e-05
19 8 58 1.6102394467880346e-05
19 8 59 1.6359866829762189e-05
19 8 60 1.6226460415056778e-05
19 8 61 1.6005625665693767e-05
19 8 62 1.6274337009635791e-05
19 8 63 1.8798191619038880e-33
19 16 0 2.1584373082414335e-04
19 16 1 3.7346845487052641e-05
19 16 2 4.2366013303622547e-05
19 16 3 2.6819121629917199e-05
19 16 4 2.2253482097176851e-05
19 16 5 1.9913568747734188e-05
19 16 6 1.8683838956295559e-05
19 16 7 1.8204283516518517e-05
19 16 8 1.7626890880205368e-05
19 16 9 1.7503838527761737e-05
19 16 10 1.6950713523516505e-05
19 16 11 1.7097210503086234e-05
19 16 12 1.7103489720070321e-05
19 16 13 1.6938660914290851e-05
19 16 14 1.6846472557903643e-05
19 16 15 1.6823554353314763e-05
19 16 16 1.6625347700231841e-05
19 16 17 1.6736245100981801e-05
19 16 18 1.6822547288354554e-05
19 16 19 1.6893660694494817e-05
19 16 20 1.6513580794344668e-05
19 16 21 1.6560849956616080e-05
19 16 22 1.6578789516668035e-05
19 16 23 1.6612611017508070e-05
19 16 24 1.6754165633459228e-05
19 16 25 1.6611743896409093e-05
19 16 26 1.6427019987092324e-05
19 16 27 1.6556204806263513e-05
19 16 28 1.6388609722365790e-05
19 16 29 1.6401175190032312e-05
19 16 30 1.6394910790566680e-05
19 16 31 1.6268493903134334e-05
19 16 32 1.6310552595419074e-05
19 16 33 1.6495514063556738e-05
19 16 34 1.6370939848400220e-05
19 16 35 1.6114562847669143e-05
19 16 36 1.6156101668416788e-05
19 16 37 1.6536269842472032e-05
19 16 38 1.6370207441623223e-05
19 16 39 1.6448143573015804e-05
19 16 40 1.6336290511749870e-05
19 16 41 1.6361254934381251e-05
19 16 42 1.6382907810784397e-05
19 16 43 1.6542064498716144e-05
19 16 44 1.6618359441256404e-05
19 16 45 1.6248174748985635e-05
19 16 46 1.6291351029863960e-05
19 16 47 1.6252443710131618e-05
19 16 48 1.6498664649450352e-05
19 16 49 1.6551901115340479e-05
19 16 50 1.6435396581703872e-05
19 16 51 1.6442355693207729e-05
19 16 52 1.6228005171593755e-05
19 16 53 1.6015766681922506e-05
19 16 54 1.6335883573333713e-05
19 16 55 1.6120265816169750e-05
19 16 56 1.6450305178419228e-05
19 16 57 1.6532603922626450e-05
19 16 58 1.6384525377102843e-05
19 16 59 1.6550377032164528e-05
19 16 60 1.6439546003069034e-05
19 16 61 1.6331891186469730e-05
19 16 62 1.6370838572597857e-05
19 16 63 1.9936258482262859e-33
19 32 0 1.2564574324380000e-03
19 32 1 1.6623099278569999e-04
19 32 2 2.4137998807879999e-04
19 32 3 1.2866884238080001e-04
19 32 4 8.6841290704599977e-05
19 32 5 6.3409548423038091e-05
19 32 6 5.1188212811320241e-05
19 32 7 4.2277037996958941e-05
19 32 8 3.7872577436111343e-05
19 32 9 3.3620673197850601e-05
19 32 10 3.0564225497505943e-05
19 32 11 2.9249920134596856e-05
19 32 12 2.7305594407324418e-05
19 32 13 2.6050754676213628e-05
19 32 14 2.4778819490327443e-05
19 32 15 2.3780991159729679e-05
19 32 16 2.3000387156996468e-05
19 32 17 2.2375244888691809e-05
19 32 18 2.2136293787488643e-05
19 32 19 2.1559777306929721e-05
19 32 20 2.1105552058645243e-05
19 32 21 2.0649915402692570e-05
19 32 22 2.0293673540497010e-05
19 32 23 2.0308526786561840e-05
19 32 24 2.0070107800195138e-05
19 32 25 1.9501409797894835e-05
19 32 26 1.9790202640403516e-05
19 32 27 1.9195407356065649e-05
19 32 28 1.9150565609532451e-05
19 32 29 1.9278591387898803e-05
19 32 30 1.9084449017701458e-05
19 32 31 1.9279030996228468e-05
19 32 32 1.8520607295559959e-05
19 32 33 1.8806973613294559e-05
19 32 34 1.8856429432849988e-05
19 32 35 1.8314953682350672e-05
19 32 36 1.8190410103687731e-05
19 32 37 1.8544179455025429e-05
19 32 38 1.8627245547767726e-05
19 32 39 1.8028405850997372e-05
19 32 40 1.8519351121181511e-05
19 32 41 1.8492818498672582e-05
19 32 42 1.8448275663831334e-05
19 32 43 1.8605894122256546e-05
19 32 44 1.8539998226525761e-05
19 32 45 1.8230660216085679e-05
19 32 46 1.8306719748300999e-05
19 32 47 1.8315695501641600e-05
19 32 48 1.8146177948653949e-05
19 32 49 1.8373670868444481e-05
19 32 50 1.8257074156870618e-05
19 32 51 1.7876997261989354e-05
19 32 52 1.8200867248759204e-05
19 32 53 1.8317086783301056e-05
19 32 54 1.8116741768449816e-05
19 32 55 1.8251073495460001e-05
19 32 56 1.8047941569099298e-05
19 32 57 1.8085383285785570e-05
19 32 58 1.8166884221195109e-05
19 32 59 1.8461235159319729e-05
19 32 60 1.8088096018545220e-05
19 32 61 1.8057186733569640e-05
19 32 62 1.8366314516969245e-05
19 32 63 3.0455948350585698e-33
19 48 0 3.7871867684147998e-03
19 48 1 4.9010972359139998e-04
19 48 2 8.0774635526469996e-04
19 48 3 3.7259594852630002e-04
19 48 4 2.3198491915299999e-04
19 48 5 1.6021076891950000e-04
19 48 6 1.2080439586439999e-04
19 48 7 9.8065815616056481e-05
19 48 8 8.2655664693846812e-05
19 48 9 6.9403966090942989e-05
19 48 10 6.3228898292111402e-05
19 48 11 5.5924567405653118e-05
19 48 12 5.1701806594528268e-05
19 48 13 4.7724670752299344e-05
19 48 14 4.5283099433747850e-05
19 48 15 4.2364529815690739e-05
19 48 16 3.9523760258039771e-05
19 48 17 3.7915424541671022e-05
19 48 18 3.6353746733185176e-05
19 48 19 3.5732750412931544e-05
19 48 20 3.4436484628949378e-05
19 48 21 3.2939966466013906e-05
19 48 22 3.2454276510802622e-05
19 48 23 3.1906702113169310e-05
19 48 24 3.0881125063951801e-05
19 48 25 3.0411742257792960e-05
19 48 26 2.9963218821415422e-05
19 48 27 2.9228363528704144e-05
19 48 28 2.8633141856382986e-05
19 48 29 2.8674201912460090e-05
19 48 30 2.8285954225190229e-05
19 48 31 2.7899301764694049e-05
19 48 32 2.7305658596571156e-05
19 48 33 2.6925997022154504e-05
19 48 34 2.7319833695700847e-05
19 48 35 2.7000491642052298e-05
19 48 36 2.6332599170070043e-05
19 48 37 2.6328007892838289e-05
19 48 38 2.5989185468201084e-05
19 48 39 2.6109441010124083e-05
19 48 40 2.5270024075634305e-05
19 48 41 2.5218191761561665e-05
19 48 42 2.5461076765604811e-05
19 48 43 2.5092053403985420e-05
19 48 44 2.4277065704232428e-05
19 48 45 2.4963974933391066e-05
19 48 46 2.4627774566512173e-05
19 48 47 2.4658220446882144e-05
19 48 48 2.4234142027598956e-05
19 48 49 2.3676858930429320e-05
19 48 50 2.3816941330605587e-05
19 48 51 2.4131934996551940e-05
19 48 52 2.3355434879528268e-05
19 48 53 2.3557794432491730e-05
19 48 54 2.3590300559313477e-05
19 48 55 2.3568101557449122e-05
19 48 56 2.3212655102078711e-05
19 48 57 2.3607610372954276e-05
19 48 58 2.3577619510762275e-05
19 48 59 2.3186115864649524e-05
19 48 60 2.3259634370437096e-05
19 48 61 2.2963054611999087e-05
19 48 62 2.4215554062688305e-05
19 48 63 5.7487130949501585e-33
19 64 0 8.0399742148768005e-03
19 64 1 1.2081801138964000e-03
19 64 2 1.9311596739898000e-03
19 64 3 1.0296792073945999e-03
19 64 4 6.4157814898930003e-04
19 64 5 4.4659916009990002e-04
19 64 6 3.3323458895599998e-04
19 64 7 2.6060387220529999e-04
19 64 8 2.1796108880320001e-04
19 64 9 1.9243974412890000e-04
19 64 10 1.6524588195889999e-04
19 64 11 1.5134069042490000e-04
19 64 12 1.3776585808870001e-04
19 64 13 1.2836156549850001e-04
19 64 14 1.1718020433370000e-04
19 64 15 1.0863478432610000e-04
19 64 16 1.0398952297380000e-04
19 64 17 9.8157771179293359e-05
19 64 18 9.3796307319604045e-05
19 64 19 8.7380741102795147e-05
19 64 20 8.5387554282073935e-05
19 64 21 8.0657261179466614e-05
19 64 22 7.9175276324695954e-05
19 64 23 7.6324721033686299e-05
19 64 24 7.4939194861002654e-05
19 64 25 7.1883487904511812e-05
19 64 26 7.0713496210545864e-05
19 64 27 6.8662384381381800e-05
19 64 28 6.7443876383688369e-05
19 64 29 6.5804391687493429e-05
19 64 30 6.4517995073881237e-05
19 64 31 6.4868033413427085e-05
19 64 32 6.2694191934625250e-05
19 64 33 6.2024971098436271e-05
19 64 34 5.9837988923069549e-05
19 64 35 5.9601740453188280e-05
19 64 36 5.8111614111644566e-05
19 64 37 5.6487818396876692e-05
19 64 38 5.6105753201795698e-05
19 64 39 5.5142072650821762e-05
19 64 40 5.4404985375286713e-05
19 64 41 5.4083068640450959e-05
19 64 42 5.3320755509610478e-05
19 64 43 5.1253687930318754e-05
19 64 44 5.2035419495402153e-05
19 64 45 5.2014370908200143e-05
19 64 46 5.0022781423575786e-05
19 64 47 4.8488103591271683e-05
19 64 48 4.8260275235223998e-05
19 64 49 4.8046050222841931e-05
19 64 50 4.8932793410481159e-05
19 64 51 4.7899730069309786e-05
19 64 52 4.7640105690356557e-05
19 64 53 4.7430826931877376e-05
19 64 54 4.6867924510379958e-05
19 64 55 4.5619451284642771e-05
19 64 56 4.5934525742286041e-05
19 64 57 4.5522560717974617e-05
19 64 58 4.5787420728002480e-05
19 64 59 4.6138767687747787e-05
19 64 60 4.5750730990551294e-05
19 64 61 4.2637272517752856e-05
19 64 62 5.6296994953553680e-05
19 64 63 1.2849423723837022e-32
19 72 0 1.1722348470552400e-02
19 72 1 1.6416462671376001e-03
19 72 2 2.4032070343405999e-03
19 72 3 1.3365066992824001e-03
19 72 4 8.5029930357179997e-04
19 72 5 5.8160375716349996e-04
19 72 6 4.4203875052840002e-04
19 72 7 3.5040873067229998e-04
19 72 8 2.8901201851190002e-04
19 72 9 2.5767378584179998e-04
19 72 10 2.2888060728999999e-04
19 72 11 2.0683862481290000e-04
19 72 12 1.8580935184639999e-04
19 72 13 1.7007914930660000e-04
19 72 14 1.5779485745830000e-04
19 72 15 1.4456324666210001e-04
19 72 16 1.3735059965599999e-04
19 72 17 1.2961052586570000e-04
19 72 18 1.2335035337220001e-04
19 72 19 1.1608309735950000e-04
19 72 20 1.1245291231760001e-04
19 72 21 1.0736025655700000e-04
19 72 22 1.0472108532300000e-04
19 72 23 1.0095144849770000e-04
19 72 24 9.6578446376161006e-05
19 72 25 9.4955342758802259e-05
19 72 26 9.1220943330292038e-05
19 72 27 8.9425772464411709e-05
19 72 28 8.5955092956095918e-05
19 72 29 8.4776573867016383e-05
19 72 30 8.4471458688956065e-05
19 72 31 8.2284860782247320e-05
19 72 32 8.0277700979239597e-05
19 72 33 8.0071676240599785e-05
19 72 34 7.8261573818535089e-05
19 72 35 7.6631866101084655e-05
19 72 36 7.5737028910426689e-05
19 72 37 7.3764469690514679e-05
19 72 38 7.3644954962064953e-05
19 72 39 7.2631365949614785e-05
19 72 40 7.0368405026804618e-05
19 72 41 7.0013821811376554e-05
19 72 42 6.9452585868641373e-05
19 72 43 6.7501997193606745e-05
19 72 44 6.7593539778135100e-05
19 72 45 6.6715503665121966e-05
19 72 46 6.5290133877235774e-05
19 72 47 6.5853642354033755e-05
19 72 48 6.5563720131034606e-05
19 72 49 6.4069907267737283e-05
19 72 50 6.3932958301522321e-05
19 72 51 6.2637307645645263e-05
19 72 52 6.2712431299293309e-05
19 72 53 6.2219330456108029e-05
19 72 54 6.1532688208004046e-05
19 72 55 6.1013721400888977e-05
19 72 56 6.1210720393927351e-05
19 72 57 6.1095687799112176e-05
19 72 58 6.0155173769779920e-05
19 72 59 6.0826267891524282e-05
19 72 60 5.9142694793412017e-05
19 72 61 5.8363639052948922e-05
19 72 62 7.5781674154939282e-05
19 72 63 1.7169131761862387e-32
19 80 0 1.4844547603777200e-02
19 80 1 2.1570881954964000e-03
19 80 2 3.0322369620744000e-03
19 80 3 1.6558319087627000e-03
19 80 4 1.0023760582279001e-03
19 80 5 6.9720516905909995e-04
19 80 6 5.1806762097009998e-04
19 80 7 4.1419051898330001e-04
19 80 8 3.4193396191699999e-04
19 80 9 3.0086051453969998e-04
19 80 10 2.7279081439060001e-04
19 80 11 2.3996663010859999e-04
19 80 12 2.2225595811959999e-04
19 80 13 2.0624082467760000e-04
19 80 14 1.8897406949650001e-04
19 80 15 1.7775983781230000e-04
19 80 16 1.6572005123030001e-04
19 80 17 1.5361410452270001e-04
19 80 18 1.4664571964030000e-04
19 80 19 1.4087003316490000e-04
19 80 20 1.3639763074539999e-04
19 80 21 1.2825569207620000e-04
19 80 22 1.2454325145149999e-04
19 80 23 1.1943772531280000e-04
19 80 24 1.1567893743470000e-04
19 80 25 1.1288169528430000e-04
19 80 26 1.0930578104759999e-04
19 80 27 1.0670957968050000e-04
19 80 28 1.0403343234640000e-04
19 80 29 1.0127604198840000e-04
19 80 30 9.9333133986411395e-05
19 80 31 9.9155954653491643e-05
19 80 32 9.5986917537509362e-05
19 80 33 9.6568445461814924e-05
19 80 34 9.3913124784562844e-05
19 80 35 9.0631738354814281e-05
19 80 36 8.9839779382102589e-05
19 80 37 8.8119165561050805e-05
19 80 38 8.7205466825467784e-05
19 80 39 8.5775990003264871e-05
19 80 40 8.4797870909099918e-05
19 80 41 8.4668175553943273e-05
19 80 42 8.2643623663899849e-05
19 80 43 8.3273475475773595e-05
19 80 44 8.2143734406510163e-05
19 80 45 8.1032669313833990e-05
19 80 46 7.9771302184586157e-05
19 80 47 7.7956808435211282e-05
19 80 48 7.9885851151897889e-05
19 80 49 7.8345446737338755e-05
19 80 50 7.7915123103981993e-05
19 80 51 7.6697143307716199e-05
19 80 52 7.6129229183804099e-05
19 80 53 7.5253129909012332e-05
19 80 54 7.6361526663162120e-05
19 80 55 7.5297264785531914e-05
19 80 56 7.6137166016591390e-05
19 80 57 7.5381974681608578e-05
19 80 58 7.5375927186551361e-05
19 80 59 7.5689695651566665e-05
19 80 60 7.2217148397796347e-05
19 80 61 7.6450268431594730e-05
19 80 62 9.2231759179633063e-05
19 80 63 2.2036346311845720e-32
19 88 0 1.6624000072211199e-02
19 88 1 2.7467011207302000e-03
19 88 2 3.4636030886779998e-03
19 88 3 2.0742519886763999e-03
19 88 4 1.1391947923869001e-03
19 88 5 8.0919906424340002e-04
19 88 6 6.2762034164719996e-04
19 88 7 4.9481494248250003e-04
19 88 8 4.0713379172229998e-04
19 88 9 3.5136987936870001e-04
19 88 10 3.1876439666590002e-04
19 88 11 2.8646747169769999e-04
19 88 12 2.6056897479690002e-04
19 88 13 2.3972891531720000e-04
19 88 14 2.2095626819690001e-04
19 88 15 2.0830984123749999e-04
19 88 16 1.9046785580650001e-04
19 88 17 1.8543280841270000e-04
19 88 18 1.7687031430380001e-04
19 88 19 1.6872939448640001e-04
19 88 20 1.5888672871569999e-04
19 88 21 1.5241279768110001e-04
19 88 22 1.4619404770110000e-04
19 88 23 1.3910687706870001e-04
19 88 24 1.3663593638509999e-04
19 88 25 1.3430644443079999e-04
19 88 26 1.2807035431430000e-04
19 88 27 1.2777180958709999e-04
19 88 28 1.2131374893390000e-04
19 88 29 1.1810306818180000e-04
19 88 30 1.1895099558489999e-04
19 88 31 1.1491573106100001e-04
19 88 32 1.1272793294300000e-04
19 88 33 1.1084622026100001e-04
19 88 34 1.0857891656440000e-04
19 88 35 1.0865304067480000e-04
19 88 36 1.0590745336500000e-04
19 88 37 1.0418768787340000e-04
19 88 38 1.0348328233820000e-04
19 88 39 1.0275370915930001e-04
19 88 40 9.9583038859817123e-05
19 88 41 9.9967063427627435e-05
19 88 42 9.8373098933584078e-05
19 88 43 9.8308950549765400e-05
19 88 44 9.8202394076471060e-05
19 88 45 9.5986882642356500e-05
19 88 46 9.6611665081526799e-05
19 88 47 9.4973173972659318e-05
19 88 48 9.4104223100672775e-05
19 88 49 9.4033541485851857e-05
19 88 50 9.3280193804893657e-05
19 88 51 9.2147125240800719e-05
19 88 52 9.2405903209059906e-05
19 88 53 9.2383603018751076e-05
19 88 54 9.1861120727575594e-05
19 88 55 9.0895378914731815e-05
19 88 56 9.1235073081871463e-05
19 88 57 9.0882818124297802e-05
19 88 58 9.0937610582422079e-05
19 88 59 8.7644069337206281e-05
19 88 60 8.7261753896455968e-05
19 88 61 9.4324079336330474e-05
19 88 62 1.1011412566740000e-04
19 88 63 2.5538616232930578e-32
19 96 0 1.6522025403378798e-02
19 96 1 3.3958597709430999e-03
19 96 2 3.6546133136357000e-03
19 96 3 2.5730745157770000e-03
19 96 4 1.3487918684966999e-03
19 96 5 9.6386758713739998e-04
19 96 6 7.3933157593510004e-04
19 96 7 5.8367973621399995e-04
19 96 8 4.7690266158539998e-04
19 96 9 4.1881726074979999e-04
19 96 10 3.5643418826490002e-04
19 96 11 3.2959580188460003e-04
19 96 12 3.0487212181870002e-04
19 96 13 2.7530242312050001e-04
19 96 14 2.5230507303459999e-04
19 96 15 2.4217371352369999e-04
19 96 16 2.2703933953750001e-04
19 96 17 2.1493750626420000e-04
19 96 18 2.0635213288219999e-04
19 96 19 1.9592160808559999e-04
19 96 20 1.8557405551380000e-04
19 96 21 1.7807542885290000e-04
19 96 22 1.7227753017080001e-04
19 96 23 1.6451431745559999e-04
19 96 24 1.5944714619000000e-04
19 96 25 1.5643999979060000e-04
19 96 26 1.5300535558259999e-04
19 96 27 1.4851283554670000e-04
19 96 28 1.4148502252190001e-04
19 96 29 1.4269238309680001e-04
19 96 30 1.3790132853189999e-04
19 96 31 1.3371968198450001e-04
19 96 32 1.3168393440610000e-04
19 96 33 1.2920757995149999e-04
19 96 34 1.2637435026659999e-04
19 96 35 1.2762209426150001e-04
19 96 36 1.2424672887890000e-04
19 96 37 1.2579302502129999e-04
19 96 38 1.2206419677850000e-04
19 96 39 1.2054362350930000e-04
19 96 40 1.1811137767890000e-04
19 96 41 1.1749962425480000e-04
19 96 42 1.1475173251100000e-04
19 96 43 1.1551056343740000e-04
19 96 44 1.1334614157090000e-04
19 96 45 1.1146686954990000e-04
19 96 46 1.1210599296800000e-04
19 96 47 1.1116666741100000e-04
19 96 48 1.1148770826230000e-04
19 96 49 1.1151381002600000e-04
19 96 50 1.0912385934060000e-04
19 96 51 1.0982764777750001e-04
19 96 52 1.0828934125300000e-04
19 96 53 1.0835845514450001e-04
19 96 54 1.0673431051020000e-04
19 96 55 1.0750641179660000e-04
19 96 56 1.0779791875640000e-04
19 96 57 1.0649236283850000e-04
19 96 58 1.0842114493740000e-04
19 96 59 1.0576569959610001e-04
19 96 60 1.0672163113050000e-04
19 96 61 1.1279957285110000e-04
19 96 62 1.2781646377629999e-04
19 96 63 2.8699652665444781e-32
19 104 0 1.6559694751028399e-02
19 104 1 3.7843656668639998e-03
19 104 2 3.6659841940240999e-03
19 104 3 2.8604601363174998e-03
19 104 4 1.5199896104237001e-03
19 104 5 1.0708474690540001e-03
19 104 6 8.5694954844070005e-04
19 104 7 6.7736304921319998e-04
19 104 8 5.5805556715190000e-04
19 104 9 4.6857621486270001e-04
19 104 10 4.1586053317359999e-04
19 104 11 3.7625901968700001e-04
19 104 12 3.3967405325380001e-04
19 104 13 3.1373088184159998e-04
19 104 14 2.9529816276809999e-04
19 104 15 2.7364293099579998e-04
19 104 16 2.5649365211930002e-04
19 104 17 2.4700830229680001e-04
19 104 18 2.3360538779480000e-04
19 104 19 2.2462632766619999e-04
19 104 20 2.1510657891149999e-04
19 104 21 2.0704534810949999e-04
19 104 22 1.9973449348209999e-04
19 104 23 1.8892978434599999e-04
19 104 24 1.8441124020300001e-04
19 104 25 1.7691393351829999e-04
19 104 26 1.7745643486070001e-04
19 104 27 1.6952446556460000e-04
19 104 28 1.6560032916340000e-04
19 104 29 1.6166299630150001e-04
19 104 30 1.5901558948610000e-04
19 104 31 1.5617506113290000e-04
19 104 32 1.5301783476740001e-04
19 104 33 1.5185906388560000e-04
19 104 34 1.4647479623919999e-04
19 104 35 1.4554924044070001e-04
19 104 36 1.4232803477280001e-04
19 104 37 1.4238329312379999e-04
19 104 38 1.4113938426799999e-04
19 104 39 1.3885194424089999e-04
19 104 40 1.3588383891740001e-04
19 104 41 1.3528595443390001e-04
19 104 42 1.3346743573460000e-04
19 104 43 1.3455965324180001e-04
19 104 44 1.3037134710150000e-04
19 104 45 1.3086847495230000e-04
19 104 46 1.2957732227670001e-04
19 104 47 1.2871859696109999e-04
19 104 48 1.2775031921290000e-04
19 104 49 1.2688016923310000e-04
19 104 50 1.2803770481329999e-04
19 104 51 1.2332691017920001e-04
19 104 52 1.2625780164400000e-04
19 104 53 1.2594422585300000e-04
19 104 54 1.2407662831580001e-04
19 104 55 1.2373841113490000e-04
19 104 56 1.2374979790020000e-04
19 104 57 1.2397637976810000e-04
19 104 58 1.2483452620909999e-04
19 104 59 1.2177502778280001e-04
19 104 60 1.2298601762869999e-04
19 104 61 1.3196184923320000e-04
19 104 62 1.4333603314610000e-04
19 104 63 3.1158296113510357e-32
