# Tau Act n Variance
# (n=0 represents var_a0_sq)
0.1 0 0 1.1548256038928848e+00
0.1 0 1 1.2882345171365400e-01
0.1 0 2 3.4019180352410798e-02
0.1 0 3 1.3440130335481901e-02
0.1 0 4 7.9221266250262996e-03
0.1 0 5 5.0181818835406001e-03
0.1 0 6 3.6032986344881001e-03
0.1 0 7 2.6357388583400998e-03
0.1 0 8 1.9841955948983001e-03
0.1 0 9 1.6055986662085000e-03
0.1 0 10 1.3014177724043001e-03
0.1 0 11 1.0818267346209001e-03
0.1 0 12 9.3298592831920005e-04
0.1 0 13 8.0040612274649996e-04
0.1 0 14 6.7574509001379996e-04
0.1 0 15 5.9843499444160004e-04
0.1 0 16 5.3802966477099995e-04
0.1 0 17 4.8204906338089999e-04
0.1 0 18 4.3417663526959998e-04
0.1 0 19 3.8994120756359997e-04
0.1 0 20 3.6851242017529997e-04
0.1 0 21 3.2404081061740002e-04
0.1 0 22 3.0653475143539998e-04
0.1 0 23 2.8611562926780001e-04
0.1 0 24 2.6375250949250002e-04
0.1 0 25 2.4743016012390001e-04
0.1 0 26 2.2979089766990001e-04
0.1 0 27 2.1627005611440001e-04
0.1 0 28 2.0404038849199999e-04
0.1 0 29 1.9745119686869999e-04
0.1 0 30 1.8575891347899999e-04
0.1 0 31 1.8005985312019999e-04
0.1 0 32 1.7116450145559999e-04
0.1 0 33 1.6439260440430001e-04
0.1 0 34 1.5608358730150000e-04
0.1 0 35 1.5159902944300000e-04
0.1 0 36 1.4442131396070001e-04
0.1 0 37 1.4175614198070000e-04
0.1 0 38 1.3477605462900000e-04
0.1 0 39 1.3170253558720000e-04
0.1 0 40 1.2846164100159999e-04
0.1 0 41 1.2420233261770000e-04
0.1 0 42 1.1988787715150001e-04
0.1 0 43 1.1815609776680000e-04
0.1 0 44 1.1523255977200000e-04
0.1 0 45 1.1235835048750000e-04
0.1 0 46 1.1005550275679999e-04
0.1 0 47 1.0761978371360000e-04
0.1 0 48 1.0502677134009999e-04
0.1 0 49 1.0351509538940001e-04
0.1 0 50 1.0326038920200000e-04
0.1 0 51 1.0148085561220000e-04
0.1 0 52 9.9874751802021976e-05
0.1 0 53 1.0019139180900000e-04
0.1 0 54 9.8574037571291274e-05
0.1 0 55 9.7018091795548320e-05
0.1 0 56 9.8163128419361857e-05
0.1 0 57 9.8024851619125475e-05
0.1 0 58 9.6323591448897744e-05
0.1 0 59 9.2422162699831801e-05
0.1 0 60 9.4383092461295762e-05
0.1 0 61 9.4602316785699221e-05
0.1 0 62 9.5476643625757961e-05
0.1 0 63 3.1376583606267801e-30
0.1 8 0 1.1255202890855649e+00
0.1 8 1 1.6491472638634791e-01
0.1 8 2 4.2486132959954903e-02
0.1 8 3 1.9419830514041499e-02
0.1 8 4 1.1323206897498500e-02
0.1 8 5 6.7109497783277997e-03
0.1 8 6 4.5806400974324002e-03
0.1 8 7 3.1455666822658998e-03
0.1 8 8 2.3908745070780999e-03
0.1 8 9 1.8225212648836000e-03
0.1 8 10 1.4557936364928000e-03
0.1 8 11 1.1654180747777000e-03
0.1 8 12 9.8600705243980001e-04
0.1 8 13 8.4512895605189998e-04
0.1 8 14 7.2573179390450005e-04
0.1 8 15 6.2651354485529997e-04
0.1 8 16 5.5670600879869996e-04
0.1 8 17 4.9063258894669996e-04
0.1 8 18 4.4145835992630001e-04
0.1 8 19 4.0394482952480003e-04
0.1 8 20 3.6150237720359999e-04
0.1 8 21 3.3866403802050002e-04
0.1 8 22 3.0742067946009998e-04
0.1 8 23 2.9004369996990000e-04
0.1 8 24 2.6489819929870000e-04
0.1 8 25 2.5157996319080000e-04
0.1 8 26 2.3300451234990001e-04
0.1 8 27 2.2151862807819999e-04
0.1 8 28 2.0721041750759999e-04
0.1 8 29 1.9809212217800000e-04
0.1 8 30 1.8548739494700001e-04
0.1 8 31 1.7669436128950000e-04
0.1 8 32 1.6742759547390000e-04
0.1 8 33 1.6190566413680000e-04
0.1 8 34 1.5809464807520001e-04
0.1 8 35 1.4961408488890001e-04
0.1 8 36 1.4568254708900000e-04
0.1 8 37 1.3957279317360001e-04
0.1 8 38 1.3526897234690001e-04
0.1 8 39 1.2988784379639999e-04
0.1 8 40 1.2842534982230000e-04
0.1 8 41 1.2423811699529999e-04
0.1 8 42 1.2178248505600000e-04
0.1 8 43 1.2123087385570000e-04
0.1 8 44 1.1641438018580000e-04
0.1 8 45 1.1327909775360000e-04
0.1 8 46 1.1197047913440000e-04
0.1 8 47 1.0911639728749999e-04
0.1 8 48 1.0624423917890000e-04
0.1 8 49 1.0544072843279999e-04
0.1 8 50 1.0479724397719999e-04
0.1 8 51 1.0171054042340000e-04
0.1 8 52 9.9373619514642981e-05
0.1 8 53 9.9031516973956165e-05
0.1 8 54 9.7138072992932639e-05
0.1 8 55 9.8413171015776242e-05
0.1 8 56 9.6690371472376240e-05
0.1 8 57 9.5263359095759393e-05
0.1 8 58 9.6251167327549803e-05
0.1 8 59 9.5441110189721181e-05
0.1 8 60 9.6859854822511647e-05
0.1 8 61 9.6345560009679755e-05
0.1 8 62 9.5404832766433757e-05
0.1 8 63 3.0785419241214113e-30
0.1 16 0 9.3598248714421683e-01
0.1 16 1 4.0650873981663260e-01
0.1 16 2 1.2032555780523650e-01
0.1 16 3 4.6672239843960801e-02
0.1 16 4 2.4197894509875702e-02
0.1 16 5 1.3926651206469401e-02
0.1 16 6 8.6547002343333995e-03
0.1 16 7 5.6199442713885002e-03
0.1 16 8 3.9972136498052004e-03
0.1 16 9 2.8874775235806002e-03
0.1 16 10 2.2044233491079002e-03
0.1 16 11 1.7025796171767000e-03
0.1 16 12 1.3842471577078001e-03
0.1 16 13 1.1205512023272999e-03
0.1 16 14 9.2713875981220001e-04
0.1 16 15 7.7756858812300003e-04
0.1 16 16 6.6738087048710002e-04
0.1 16 17 5.8247148048900003e-04
0.1 16 18 5.0704511272110005e-04
0.1 16 19 4.4663050533659998e-04
0.1 16 20 4.0512906673019998e-04
0.1 16 21 3.6463726826280001e-04
0.1 16 22 3.3405044836000002e-04
0.1 16 23 3.0758084960460000e-04
0.1 16 24 2.8243927150939998e-04
0.1 16 25 2.6088141571390002e-04
0.1 16 26 2.4200908111399999e-04
0.1 16 27 2.3301105257939999e-04
0.1 16 28 2.1494532199040000e-04
0.1 16 29 2.0493735436679999e-04
0.1 16 30 1.9146564255879999e-04
0.1 16 31 1.8173677671140000e-04
0.1 16 32 1.7319117189240000e-04
0.1 16 33 1.6565047374930000e-04
0.1 16 34 1.6096022906650001e-04
0.1 16 35 1.5244118038260001e-04
0.1 16 36 1.4682542969480001e-04
0.1 16 37 1.4331867456099999e-04
0.1 16 38 1.3837625186909999e-04
0.1 16 39 1.3384668747149999e-04
0.1 16 40 1.3036330810419999e-04
0.1 16 41 1.2543951342569999e-04
0.1 16 42 1.2372997204929999e-04
0.1 16 43 1.2058826448240000e-04
0.1 16 44 1.1714695640880000e-04
0.1 16 45 1.1441782674460000e-04
0.1 16 46 1.1170788781570001e-04
0.1 16 47 1.1033953125820000e-04
0.1 16 48 1.0920195821070000e-04
0.1 16 49 1.0654543749430000e-04
0.1 16 50 1.0289776480790000e-04
0.1 16 51 1.0174273109619999e-04
0.1 16 52 1.0239173928670000e-04
0.1 16 53 1.0211302713110000e-04
0.1 16 54 1.0092215877190000e-04
0.1 16 55 1.0009221899120000e-04
0.1 16 56 9.7326090645038197e-05
0.1 16 57 9.6867619347737395e-05
0.1 16 58 9.7950108711249416e-05
0.1 16 59 9.5030755702367237e-05
0.1 16 60 9.6569841136279121e-05
0.1 16 61 9.6603944841839896e-05
0.1 16 62 9.4797408751519320e-05
0.1 16 63 2.7058135246904209e-30
0.1 32 0 5.6460189709746056e-01
0.1 32 1 6.8725480274843520e-01
0.1 32 2 3.1034907939601930e-01
0.1 32 3 1.4892384843050710e-01
0.1 32 4 8.2473191365302206e-02
0.1 32 5 4.9661060364915098e-02
0.1 32 6 3.1237547541817200e-02
0.1 32 7 2.0816473091810301e-02
0.1 32 8 1.4238548612324400e-02
0.1 32 9 1.0137827023958700e-02
0.1 32 10 7.3038606620597999e-03
0.1 32 11 5.5070222277033001e-03
0.1 32 12 4.0782823824450998e-03
0.1 32 13 3.1610675728367000e-03
0.1 32 14 2.4957854510990998e-03
0.1 32 15 1.9677639954156002e-03
0.1 32 16 1.5592871596212001e-03
0.1 32 17 1.2690886195943999e-03
0.1 32 18 1.0530233169084001e-03
0.1 32 19 8.6718421708060003e-04
0.1 32 20 7.2751611568200000e-04
0.1 32 21 6.2638382903109995e-04
0.1 32 22 5.4040163563540003e-04
0.1 32 23 4.6818456246610002e-04
0.1 32 24 4.1785808795200002e-04
0.1 32 25 3.7393374977680001e-04
0.1 32 26 3.3411870307800001e-04
0.1 32 27 3.0390419670169998e-04
0.1 32 28 2.7939624751189998e-04
0.1 32 29 2.6129129186920001e-04
0.1 32 30 2.3992895739280000e-04
0.1 32 31 2.2601431721229999e-04
0.1 32 32 2.0929542068500001e-04
0.1 32 33 1.9750552788610001e-04
0.1 32 34 1.8586734611080000e-04
0.1 32 35 1.7734415201120000e-04
0.1 32 36 1.7111804684239999e-04
0.1 32 37 1.6317454202390000e-04
0.1 32 38 1.5639647949129999e-04
0.1 32 39 1.5291819181910001e-04
0.1 32 40 1.4503186774800000e-04
0.1 32 41 1.4001382834809999e-04
0.1 32 42 1.3454719087630001e-04
0.1 32 43 1.3288483816700000e-04
0.1 32 44 1.2804960288760001e-04
0.1 32 45 1.2463303151219999e-04
0.1 32 46 1.2246182200090000e-04
0.1 32 47 1.1943247247630000e-04
0.1 32 48 1.1674518405230001e-04
0.1 32 49 1.1411976492999999e-04
0.1 32 50 1.1213694057810000e-04
0.1 32 51 1.1181073103390000e-04
0.1 32 52 1.1056557118700000e-04
0.1 32 53 1.0731345094040000e-04
0.1 32 54 1.0717890191050000e-04
0.1 32 55 1.0645474603100000e-04
0.1 32 56 1.0452293737640000e-04
0.1 32 57 1.0454879380620000e-04
0.1 32 58 1.0365317256119999e-04
0.1 32 59 1.0503927108680000e-04
0.1 32 60 1.0333801504019999e-04
0.1 32 61 1.0185558436360000e-04
0.1 32 62 1.0402405139970000e-04
0.1 32 63 2.0004530062201064e-30
0.1 48 0 3.9376340063955340e-01
0.1 48 1 5.8935414115988527e-01
0.1 48 2 4.4587235459297170e-01
0.1 48 3 2.1987002612838669e-01
0.1 48 4 1.4446973875597549e-01
0.1 48 5 8.8520039258659297e-02
0.1 48 6 6.4705953304496494e-02
0.1 48 7 4.3966649139781599e-02
0.1 48 8 3.2082535330192098e-02
0.1 48 9 2.3747010328748600e-02
0.1 48 10 1.7836431567596300e-02
0.1 48 11 1.3367888940960001e-02
0.1 48 12 1.0244578537609100e-02
0.1 48 13 7.9193174608994995e-03
0.1 48 14 6.1799766755745002e-03
0.1 48 15 4.8728837779288998e-03
0.1 48 16 3.9303453316271997e-03
0.1 48 17 3.0827312173898999e-03
0.1 48 18 2.5463486064797002e-03
0.1 48 19 2.0335146348147998e-03
0.1 48 20 1.6851789669937000e-03
0.1 48 21 1.4036301509851000e-03
0.1 48 22 1.1495788887311001e-03
0.1 48 23 9.7213713188589997e-04
0.1 48 24 8.3180591736999997e-04
0.1 48 25 7.1514557244840003e-04
0.1 48 26 6.2255049303790004e-04
0.1 48 27 5.4320320394449998e-04
0.1 48 28 4.8652685310839999e-04
0.1 48 29 4.2623444128100002e-04
0.1 48 30 3.8270351890240002e-04
0.1 48 31 3.4869955331059998e-04
0.1 48 32 3.2009006036139999e-04
0.1 48 33 2.8879758057780001e-04
0.1 48 34 2.6759343153769999e-04
0.1 48 35 2.4908851058780002e-04
0.1 48 36 2.3196147979680001e-04
0.1 48 37 2.1828885200290000e-04
0.1 48 38 2.0836613375270000e-04
0.1 48 39 1.9402969338069999e-04
0.1 48 40 1.8703880848770001e-04
0.1 48 41 1.7888623637280000e-04
0.1 48 42 1.7250862792270001e-04
0.1 48 43 1.6281679622580001e-04
0.1 48 44 1.5611974748820000e-04
0.1 48 45 1.5245796703369999e-04
0.1 48 46 1.4833848811030001e-04
0.1 48 47 1.4476221617200000e-04
0.1 48 48 1.4060437011430000e-04
0.1 48 49 1.3610676794369999e-04
0.1 48 50 1.3596364665549999e-04
0.1 48 51 1.3296417838799999e-04
0.1 48 52 1.2872131900980001e-04
0.1 48 53 1.2763408722910001e-04
0.1 48 54 1.2718297032360000e-04
0.1 48 55 1.2417902559509999e-04
0.1 48 56 1.2433964319769999e-04
0.1 48 57 1.2390001018400000e-04
0.1 48 58 1.2127225731650000e-04
0.1 48 59 1.2266927285170000e-04
0.1 48 60 1.2073704303380000e-04
0.1 48 61 1.2082150636810000e-04
0.1 48 62 1.1968254470979999e-04
0.1 48 63 2.0017451907530611e-30
0.1 64 0 2.7595158643146100e-01
0.1 64 1 5.6320769476372212e-01
0.1 64 2 4.3033563146140480e-01
0.1 64 3 2.7964339502571889e-01
0.1 64 4 1.8342996149478280e-01
0.1 64 5 1.2537139506619460e-01
0.1 64 6 9.1255292924385001e-02
0.1 64 7 6.6942562271315995e-02
0.1 64 8 5.0517393574065601e-02
0.1 64 9 3.8947078295480400e-02
0.1 64 10 3.0034371956465598e-02
0.1 64 11 2.3277108447451199e-02
0.1 64 12 1.8402776448584800e-02
0.1 64 13 1.4418758385286600e-02
0.1 64 14 1.1765051914422200e-02
0.1 64 15 9.2884260446080003e-03
0.1 64 16 7.4552385581504003e-03
0.1 64 17 5.9971227457740004e-03
0.1 64 18 4.9584703128016001e-03
0.1 64 19 4.0714583297691998e-03
0.1 64 20 3.3214006257356000e-03
0.1 64 21 2.7746757065745002e-03
0.1 64 22 2.2910650487297998e-03
0.1 64 23 1.9274019322296999e-03
0.1 64 24 1.6221344361863001e-03
0.1 64 25 1.3977082987168001e-03
0.1 64 26 1.1916162834736000e-03
0.1 64 27 1.0164338273821001e-03
0.1 64 28 8.8376785409100000e-04
0.1 64 29 7.7002662192429997e-04
0.1 64 30 6.8704000852790005e-04
0.1 64 31 6.0731135885220004e-04
0.1 64 32 5.4217784722369996e-04
0.1 64 33 4.8602550091310002e-04
0.1 64 34 4.3332761419660000e-04
0.1 64 35 4.0173497008930001e-04
0.1 64 36 3.6525428684950001e-04
0.1 64 37 3.3552345055160000e-04
0.1 64 38 3.1105449646710002e-04
0.1 64 39 2.9564811453219999e-04
0.1 64 40 2.7473317838130001e-04
0.1 64 41 2.5603066587500002e-04
0.1 64 42 2.4313969449129999e-04
0.1 64 43 2.3029323650109999e-04
0.1 64 44 2.1934776459010000e-04
0.1 64 45 2.1214068341780001e-04
0.1 64 46 2.0199277457950000e-04
0.1 64 47 1.9608955337440000e-04
0.1 64 48 1.8874734001030001e-04
0.1 64 49 1.8374089881129999e-04
0.1 64 50 1.7668981142750001e-04
0.1 64 51 1.7293703686860001e-04
0.1 64 52 1.6965098654819999e-04
0.1 64 53 1.6647293712989999e-04
0.1 64 54 1.6143712736820000e-04
0.1 64 55 1.6119314197159999e-04
0.1 64 56 1.5873785231300001e-04
0.1 64 57 1.5605749573459999e-04
0.1 64 58 1.5397961346269999e-04
0.1 64 59 1.5518385569820000e-04
0.1 64 60 1.5562467504430001e-04
0.1 64 61 1.5256665279290001e-04
0.1 64 62 1.5150367299970001e-04
0.1 64 63 1.9800388621907003e-30
0.1 72 0 2.5521176468370071e-01
0.1 72 1 5.0744078934960679e-01
0.1 72 2 4.0821381062641088e-01
0.1 72 3 3.0065622081718379e-01
0.1 72 4 2.0007836285844841e-01
0.1 72 5 1.4186511544311900e-01
0.1 72 6 1.0139327135151591e-01
0.1 72 7 7.7758141945002801e-02
0.1 72 8 5.7838668965637399e-02
0.1 72 9 4.5671689871675997e-02
0.1 72 10 3.5456103645599299e-02
0.1 72 11 2.7740678889799999e-02
0.1 72 12 2.2641755249256101e-02
0.1 72 13 1.7988594102437201e-02
0.1 72 14 1.4590849806871600e-02
0.1 72 15 1.1641445779185701e-02
0.1 72 16 9.6415453407067003e-03
0.1 72 17 7.7503069458848004e-03
0.1 72 18 6.4524581061769001e-03
0.1 72 19 5.3186014545596998e-03
0.1 72 20 4.3804022357368001e-03
0.1 72 21 3.6097981630557000e-03
0.1 72 22 3.0885099817077998e-03
0.1 72 23 2.5835277509012999e-03
0.1 72 24 2.1843551443649998e-03
0.1 72 25 1.8594782200920001e-03
0.1 72 26 1.5889361325924999e-03
0.1 72 27 1.3631477241212999e-03
0.1 72 28 1.1821397324317999e-03
0.1 72 29 1.0170964169314001e-03
0.1 72 30 9.0231525516279996e-04
0.1 72 31 8.0339062540859998e-04
0.1 72 32 7.0810780508889998e-04
0.1 72 33 6.3543974574100000e-04
0.1 72 34 5.6819285957430000e-04
0.1 72 35 5.1942819557240002e-04
0.1 72 36 4.6556819741449997e-04
0.1 72 37 4.2836839338190001e-04
0.1 72 38 3.9333147493660000e-04
0.1 72 39 3.6784356230380001e-04
0.1 72 40 3.3615314602910000e-04
0.1 72 41 3.1678684654040001e-04
0.1 72 42 2.9908880165630002e-04
0.1 72 43 2.8324597335059999e-04
0.1 72 44 2.6516775112570001e-04
0.1 72 45 2.5477029677900000e-04
0.1 72 46 2.4368260302500000e-04
0.1 72 47 2.3261485888339999e-04
0.1 72 48 2.2522818318969999e-04
0.1 72 49 2.1649359631540000e-04
0.1 72 50 2.1043694264540001e-04
0.1 72 51 2.0516754080519999e-04
0.1 72 52 2.0135820547500000e-04
0.1 72 53 1.9677628460170000e-04
0.1 72 54 1.9019270818150001e-04
0.1 72 55 1.8984417302279999e-04
0.1 72 56 1.8601049175239999e-04
0.1 72 57 1.8122929245410001e-04
0.1 72 58 1.8080994410090001e-04
0.1 72 59 1.7923013065659999e-04
0.1 72 60 1.7819576850569999e-04
0.1 72 61 1.7732849310870001e-04
0.1 72 62 1.7899658724539999e-04
0.1 72 63 2.0949477767185427e-30
0.1 80 0 2.4764662381606470e-01
0.1 80 1 4.7292703806864128e-01
0.1 80 2 3.9916834173310600e-01
0.1 80 3 2.8802242756771418e-01
0.1 80 4 2.0755635254311960e-01
0.1 80 5 1.5194462714603121e-01
0.1 80 6 1.1074455140528611e-01
0.1 80 7 8.3867032216684803e-02
0.1 80 8 6.5335485607933994e-02
0.1 80 9 5.0388880718951999e-02
0.1 80 10 4.0422433458802802e-02
0.1 80 11 3.2732541275554403e-02
0.1 80 12 2.5910751513729600e-02
0.1 80 13 2.0832728499135301e-02
0.1 80 14 1.7195239731505899e-02
0.1 80 15 1.3934870146471200e-02
0.1 80 16 1.1497036669926901e-02
0.1 80 17 9.6840413071813004e-03
0.1 80 18 7.8595316407259995e-03
0.1 80 19 6.5159670021579996e-03
0.1 80 20 5.4754601738687004e-03
0.1 80 21 4.5738767187341999e-03
0.1 80 22 3.7892070030519998e-03
0.1 80 23 3.2497253980968998e-03
0.1 80 24 2.7583990669815999e-03
0.1 80 25 2.3540572212553002e-03
0.1 80 26 2.0211293279212002e-03
0.1 80 27 1.7259480831851000e-03
0.1 80 28 1.5007592079109000e-03
0.1 80 29 1.3064425251806001e-03
0.1 80 30 1.1461285758393000e-03
0.1 80 31 1.0006363929268001e-03
0.1 80 32 9.0499330886119995e-04
0.1 80 33 8.0815250650180005e-04
0.1 80 34 7.1632339776760005e-04
0.1 80 35 6.4530496024410003e-04
0.1 80 36 5.8876065636620002e-04
0.1 80 37 5.3783691836329999e-04
0.1 80 38 4.9570150934679996e-04
0.1 80 39 4.5128025102100002e-04
0.1 80 40 4.1860233217310002e-04
0.1 80 41 3.8709193118409999e-04
0.1 80 42 3.6573768937829998e-04
0.1 80 43 3.4620631214609998e-04
0.1 80 44 3.2625588607859999e-04
0.1 80 45 3.0739223260699999e-04
0.1 80 46 2.9501305444300002e-04
0.1 80 47 2.8285317027029999e-04
0.1 80 48 2.6903712813330000e-04
0.1 80 49 2.5953271929269998e-04
0.1 80 50 2.4972751999540003e-04
0.1 80 51 2.4285136237030001e-04
0.1 80 52 2.3535556633879999e-04
0.1 80 53 2.2778690374110000e-04
0.1 80 54 2.2621890673569999e-04
0.1 80 55 2.2128175385279999e-04
0.1 80 56 2.1536264070910001e-04
0.1 80 57 2.1398548943449999e-04
0.1 80 58 2.0987056503420001e-04
0.1 80 59 2.1015088658190000e-04
0.1 80 60 2.0664452617460001e-04
0.1 80 61 2.0921168177790000e-04
0.1 80 62 2.0842815794140001e-04
0.1 80 63 2.2417523507555988e-30
0.1 88 0 2.3646343853677301e-01
0.1 88 1 4.2652051439325062e-01
0.1 88 2 3.9769821823495072e-01
0.1 88 3 2.9302489626902090e-01
0.1 88 4 2.1226842730250259e-01
0.1 88 5 1.5862553353180020e-01
0.1 88 6 1.2006317468689190e-01
0.1 88 7 9.2318811665550504e-02
0.1 88 8 7.1242303066007706e-02
0.1 88 9 5.6740159868608600e-02
0.1 88 10 4.4847605887926502e-02
0.1 88 11 3.6343022781885601e-02
0.1 88 12 2.9510681701737498e-02
0.1 88 13 2.4020001327443599e-02
0.1 88 14 1.9650248581465999e-02
0.1 88 15 1.6397613511917600e-02
0.1 88 16 1.3515104168983900e-02
0.1 88 17 1.1132399369086599e-02
0.1 88 18 9.2615471055703998e-03
0.1 88 19 7.7390556294065996e-03
0.1 88 20 6.5735732412915996e-03
0.1 88 21 5.4928711112726004e-03
0.1 88 22 4.6434235441972999e-03
0.1 88 23 3.9318211635344996e-03
0.1 88 24 3.3976328360754001e-03
0.1 88 25 2.8799545527369999e-03
0.1 88 26 2.5092946201470999e-03
0.1 88 27 2.1573953416656002e-03
0.1 88 28 1.8941793846407001e-03
0.1 88 29 1.6178310063293001e-03
0.1 88 30 1.4157084433396000e-03
0.1 88 31 1.2766034110189999e-03
0.1 88 32 1.1245621392209000e-03
0.1 88 33 1.0138709262605000e-03
0.1 88 34 9.0482407870749997e-04
0.1 88 35 8.1478219548609997e-04
0.1 88 36 7.4634006263779996e-04
0.1 88 37 6.6179827843410000e-04
0.1 88 38 5.9745814162100001e-04
0.1 88 39 5.6113573897519997e-04
0.1 88 40 5.2159186306420004e-04
0.1 88 41 4.8491905633379998e-04
0.1 88 42 4.4948433362690003e-04
0.1 88 43 4.1823959742580001e-04
0.1 88 44 3.9581810697920000e-04
0.1 88 45 3.7389546095679998e-04
0.1 88 46 3.5613955905140001e-04
0.1 88 47 3.3341783389250000e-04
0.1 88 48 3.2267415395939998e-04
0.1 88 49 3.0925833943580002e-04
0.1 88 50 3.0089979074769999e-04
0.1 88 51 2.8960848835910002e-04
0.1 88 52 2.8144805251650000e-04
0.1 88 53 2.6963673162999998e-04
0.1 88 54 2.6683392413570000e-04
0.1 88 55 2.5943491160069999e-04
0.1 88 56 2.5673133701750001e-04
0.1 88 57 2.5382558008410001e-04
0.1 88 58 2.4790529585099998e-04
0.1 88 59 2.4845033743879999e-04
0.1 88 60 2.5408752037200000e-04
0.1 88 61 2.4635498198410000e-04
0.1 88 62 2.4532828117660002e-04
0.1 88 63 2.3498333156614976e-30
0.1 96 0 2.2021496716314909e-01
0.1 96 1 4.0920070103086670e-01
0.1 96 2 3.9014299051584800e-01
0.1 96 3 2.9314817163209078e-01
0.1 96 4 2.1788825477303900e-01
0.1 96 5 1.6587234254789829e-01
0.1 96 6 1.2705524697658141e-01
0.1 96 7 9.7664880057125494e-02
0.1 96 8 7.6185253989967200e-02
0.1 96 9 6.0750426384465400e-02
0.1 96 10 4.8881645335912001e-02
0.1 96 11 3.9870512584866603e-02
0.1 96 12 3.2688630199732498e-02
0.1 96 13 2.7134583461541802e-02
0.1 96 14 2.2298345505613899e-02
0.1 96 15 1.8505229831051000e-02
0.1 96 16 1.5262733853798199e-02
0.1 96 17 1.2830884986690600e-02
0.1 96 18 1.0812877597371401e-02
0.1 96 19 9.1973823198378997e-03
0.1 96 20 7.6725563117203003e-03
0.1 96 21 6.5172884732524004e-03
0.1 96 22 5.5018439186997996e-03
0.1 96 23 4.7203607672832004e-03
0.1 96 24 4.0500935816059997e-03
0.1 96 25 3.4484147681391000e-03
0.1 96 26 2.9711385947474001e-03
0.1 96 27 2.5782215652736000e-03
0.1 96 28 2.2317301131332002e-03
0.1 96 29 1.9917044368125999e-03
0.1 96 30 1.7493528082870001e-03
0.1 96 31 1.5429434807105000e-03
0.1 96 32 1.3753514128624000e-03
0.1 96 33 1.2134995044958000e-03
0.1 96 34 1.0803144068923000e-03
0.1 96 35 9.8592508763289998e-04
0.1 96 36 8.8622853000770003e-04
0.1 96 37 8.1228936264900002e-04
0.1 96 38 7.3513087098039996e-04
0.1 96 39 6.7508195013769997e-04
0.1 96 40 6.2300092172029998e-04
0.1 96 41 5.7457075237740002e-04
0.1 96 42 5.4258731825920000e-04
0.1 96 43 5.1072081219440005e-04
0.1 96 44 4.7535173186520000e-04
0.1 96 45 4.4662359644810000e-04
0.1 96 46 4.2883406814260002e-04
0.1 96 47 3.9990226227990000e-04
0.1 96 48 3.8583607375239999e-04
0.1 96 49 3.7339161288239999e-04
0.1 96 50 3.5526240317879999e-04
0.1 96 51 3.4303122050120002e-04
0.1 96 52 3.3323027226859998e-04
0.1 96 53 3.2409688098070002e-04
0.1 96 54 3.1299337393609998e-04
0.1 96 55 3.1189565937390001e-04
0.1 96 56 3.0435287713010003e-04
0.1 96 57 3.0206891161299999e-04
0.1 96 58 2.9493634398449999e-04
0.1 96 59 2.9415379192679998e-04
0.1 96 60 2.9523119424720000e-04
0.1 96 61 2.9396698431399999e-04
0.1 96 62 2.8629821568350002e-04
0.1 96 63 2.4496329611987163e-30
0.1 104 0 2.0788697078604371e-01
0.1 104 1 4.1074581421068168e-01
0.1 104 2 3.7264786219739637e-01
0.1 104 3 2.8830709463169613e-01
0.1 104 4 2.1932025569251620e-01
0.1 104 5 1.6790414054595840e-01
0.1 104 6 1.3297749083246341e-01
0.1 104 7 1.0238070219442420e-01
0.1 104 8 8.2303166197486205e-02
0.1 104 9 6.4938390592814504e-02
0.1 104 10 5.3037203007434003e-02
0.1 104 11 4.3242682558778799e-02
0.1 104 12 3.5692304359463203e-02
0.1 104 13 2.9339730250293301e-02
0.1 104 14 2.4586390305325799e-02
0.1 104 15 2.0778688372501498e-02
0.1 104 16 1.7037300751819900e-02
0.1 104 17 1.4731527945910200e-02
0.1 104 18 1.2233696384001199e-02
0.1 104 19 1.0373564063175701e-02
0.1 104 20 8.7306574862021993e-03
0.1 104 21 7.5799746525544000e-03
0.1 104 22 6.3960358891827001e-03
0.1 104 23 5.4964509702588003e-03
0.1 104 24 4.6749181217473996e-03
0.1 104 25 4.0186601971776998e-03
0.1 104 26 3.5116909307166999e-03
0.1 104 27 3.0681340838862002e-03
0.1 104 28 2.6439578712766998e-03
0.1 104 29 2.3526400936767999e-03
0.1 104 30 2.0536905539619002e-03
0.1 104 31 1.7793556871230000e-03
0.1 104 32 1.5996913756351999e-03
0.1 104 33 1.4476808527648999e-03
0.1 104 34 1.2945209242001001e-03
0.1 104 35 1.1638942927046001e-03
0.1 104 36 1.0385391682272999e-03
0.1 104 37 9.4294203557040003e-04
0.1 104 38 8.7750722549280002e-04
0.1 104 39 8.0886637551049996e-04
0.1 104 40 7.3504869136800004e-04
0.1 104 41 6.8084969614629997e-04
0.1 104 42 6.4026658598689997e-04
0.1 104 43 5.9538098898949995e-04
0.1 104 44 5.6001641688039998e-04
0.1 104 45 5.2878988671420000e-04
0.1 104 46 5.0979288576029997e-04
0.1 104 47 4.8386513809059998e-04
0.1 104 48 4.5129961550270003e-04
0.1 104 49 4.3218176702829999e-04
0.1 104 50 4.2363308838689999e-04
0.1 104 51 3.9867342490230003e-04
0.1 104 52 3.8565406800840000e-04
0.1 104 53 3.7952388475799998e-04
0.1 104 54 3.7249259662460002e-04
0.1 104 55 3.6292957847590000e-04
0.1 104 56 3.5341575249690001e-04
0.1 104 57 3.4785918807870003e-04
0.1 104 58 3.4701163444649999e-04
0.1 104 59 3.4784983604329998e-04
0.1 104 60 3.4228864739659998e-04
0.1 104 61 3.3770584834940000e-04
0.1 104 62 3.3648869839480002e-04
0.1 104 63 2.5190392733856639e-30
1 0 0 1.1712614207358123e+00
1 0 1 1.0292412789870890e-01
1 0 2 2.6641564694376001e-02
1 0 3 1.3908746725235500e-02
1 0 4 7.7060019369236997e-03
1 0 5 5.1193368945086004e-03
1 0 6 3.5616020853439000e-03
1 0 7 2.5619422982289001e-03
1 0 8 1.9760253185243000e-03
1 0 9 1.5958207929278000e-03
1 0 10 1.3001896719008000e-03
1 0 11 1.0727452429855999e-03
1 0 12 9.2172096791649999e-04
1 0 13 7.8301599770180005e-04
1 0 14 6.7215191272629999e-04
1 0 15 6.1393465102160003e-04
1 0 16 5.4022319790680005e-04
1 0 17 4.6989448860399998e-04
1 0 18 4.3328903919669998e-04
1 0 19 3.9394576074999998e-04
1 0 20 3.5884470145749998e-04
1 0 21 3.2800514349129998e-04
1 0 22 2.9938230223959999e-04
1 0 23 2.7972076106379999e-04
1 0 24 2.6049422858840000e-04
1 0 25 2.4731846635340002e-04
1 0 26 2.3052518927390000e-04
1 0 27 2.1916850182089999e-04
1 0 28 2.0789931871180000e-04
1 0 29 1.9640150547919999e-04
1 0 30 1.8268658246930000e-04
1 0 31 1.7728390650339999e-04
1 0 32 1.7058336511620000e-04
1 0 33 1.5972093576620001e-04
1 0 34 1.5479213426679999e-04
1 0 35 1.5130069030640001e-04
1 0 36 1.4514634047460001e-04
1 0 37 1.3871843138500001e-04
1 0 38 1.3665751630650001e-04
1 0 39 1.3322099661790000e-04
1 0 40 1.2726237447530000e-04
1 0 41 1.2461113374830001e-04
1 0 42 1.2064486478830000e-04
1 0 43 1.1934661843870000e-04
1 0 44 1.1339851888710000e-04
1 0 45 1.1412351340440000e-04
1 0 46 1.0798275584220000e-04
1 0 47 1.0930587542880001e-04
1 0 48 1.0742591827950000e-04
1 0 49 1.0583474177210001e-04
1 0 50 1.0444721420560001e-04
1 0 51 1.0310718004560000e-04
1 0 52 9.9802457581562258e-05
1 0 53 9.9417045163234914e-05
1 0 54 9.8737281020824084e-05
1 0 55 9.8403289778401361e-05
1 0 56 9.7230004607807004e-05
1 0 57 9.5290703390947407e-05
1 0 58 9.6247865345671803e-05
1 0 59 9.5030422694711877e-05
1 0 60 9.5536631571555879e-05
1 0 61 9.4354250536155500e-05
1 0 62 9.4826198946911899e-05
1 0 63 3.1803066436506153e-30
1 8 0 1.0399029429978786e+00
1 8 1 2.7332643238249221e-01
1 8 2 7.8274167278065299e-02
1 8 3 3.3566583156066698e-02
1 8 4 1.6502309077291999e-02
1 8 5 9.6408384614204007e-03
1 8 6 6.3530202099424003e-03
1 8 7 4.2838845151989000e-03
1 8 8 2.9959819720677002e-03
1 8 9 2.2294481576315998e-03
1 8 10 1.7097442051906000e-03
1 8 11 1.3574982802977999e-03
1 8 12 1.1115535282462999e-03
1 8 13 9.2157013880889995e-04
1 8 14 7.6433322647699998e-04
1 8 15 6.6540386656780001e-04
1 8 16 5.7851654391179999e-04
1 8 17 5.1609599176609996e-04
1 8 18 4.6855245053489998e-04
1 8 19 4.1199758666390002e-04
1 8 20 3.7674924727609999e-04
1 8 21 3.4565674122440001e-04
1 8 22 3.1483294028549999e-04
1 8 23 2.8826840073080000e-04
1 8 24 2.6564344925150002e-04
1 8 25 2.5086751646029998e-04
1 8 26 2.3729856263750000e-04
1 8 27 2.2135375637540001e-04
1 8 28 2.0855232988770001e-04
1 8 29 1.9718455548600001e-04
1 8 30 1.9052540766600001e-04
1 8 31 1.7724660141500001e-04
1 8 32 1.7115803386750001e-04
1 8 33 1.6353474368570000e-04
1 8 34 1.5612390109930000e-04
1 8 35 1.5130290091990001e-04
1 8 36 1.4580133291299999e-04
1 8 37 1.4188868572179999e-04
1 8 38 1.3600240979329999e-04
1 8 39 1.3117825259440001e-04
1 8 40 1.2632784479820001e-04
1 8 41 1.2449309774250001e-04
1 8 42 1.2271203631380000e-04
1 8 43 1.1809130922199999e-04
1 8 44 1.1475791503910001e-04
1 8 45 1.1482548175910001e-04
1 8 46 1.1074002980320000e-04
1 8 47 1.0954496457849999e-04
1 8 48 1.0759642497130000e-04
1 8 49 1.0524412409010000e-04
1 8 50 1.0522849839160001e-04
1 8 51 1.0507711609520001e-04
1 8 52 1.0152230996940000e-04
1 8 53 9.9347732488767757e-05
1 8 54 9.7665875555035463e-05
1 8 55 9.7231582012001640e-05
1 8 56 9.6926563875189203e-05
1 8 57 9.5799870051692458e-05
1 8 58 9.4854834344277461e-05
1 8 59 9.6763151293907166e-05
1 8 60 9.5109924964571543e-05
1 8 61 9.5063401478279300e-05
1 8 62 9.5755854251475622e-05
1 8 63 2.9119816215879691e-30
1 16 0 5.9450134810316213e-01
1 16 1 7.8706196073950407e-01
1 16 2 2.5745702762203110e-01
1 16 3 1.1459442344442820e-01
1 16 4 6.3725610613805703e-02
1 16 5 3.5149638855244497e-02
1 16 6 2.1717937297125199e-02
1 16 7 1.3796563637305500e-02
1 16 8 9.0486408560083997e-03
1 16 9 6.2628850307650001e-03
1 16 10 4.4357046536893001e-03
1 16 11 3.2286088437691002e-03
1 16 12 2.3308082411301000e-03
1 16 13 1.8129514549989000e-03
1 16 14 1.4300850396669000e-03
1 16 15 1.1063024727861000e-03
1 16 16 9.1262631312620003e-04
1 16 17 7.4970038709760002e-04
1 16 18 6.3779078457969999e-04
1 16 19 5.4660349346409998e-04
1 16 20 4.7648456642179998e-04
1 16 21 4.1951732133519999e-04
1 16 22 3.7547028031839998e-04
1 16 23 3.4124476473650002e-04
1 16 24 3.0828211851010001e-04
1 16 25 2.8118029167580001e-04
1 16 26 2.6627461508410002e-04
1 16 27 2.4494759489580002e-04
1 16 28 2.2744348251250000e-04
1 16 29 2.1244308663080001e-04
1 16 30 2.0017175774809999e-04
1 16 31 1.9083334481310001e-04
1 16 32 1.7802797972390000e-04
1 16 33 1.7150867023479999e-04
1 16 34 1.6482181595750000e-04
1 16 35 1.5587994081150001e-04
1 16 36 1.5184876831569999e-04
1 16 37 1.4580024422049999e-04
1 16 38 1.4018746676300000e-04
1 16 39 1.3599660070490001e-04
1 16 40 1.3319424422369999e-04
1 16 41 1.2947003898010001e-04
1 16 42 1.2399736750129999e-04
1 16 43 1.2182188146100000e-04
1 16 44 1.1929071816970000e-04
1 16 45 1.1746066019070000e-04
1 16 46 1.1435008102350000e-04
1 16 47 1.1227516307620000e-04
1 16 48 1.1004626758470000e-04
1 16 49 1.0631164312300000e-04
1 16 50 1.0504281194730000e-04
1 16 51 1.0422280805620000e-04
1 16 52 1.0343778680659999e-04
1 16 53 1.0249061698719999e-04
1 16 54 1.0136346021650000e-04
1 16 55 9.9955127155864357e-05
1 16 56 9.8504377320014498e-05
1 16 57 9.8710704542227126e-05
1 16 58 9.8210578935774561e-05
1 16 59 9.6363715351521561e-05
1 16 60 9.6955679901310839e-05
1 16 61 9.7752169505607245e-05
1 16 62 9.6165503440453983e-05
1 16 63 1.9806394829688724e-30
1 32 0 2.9323120873652941e-01
1 32 1 6.8147658472930983e-01
1 32 2 4.6037142116006968e-01
1 32 3 2.6619353082158070e-01
1 32 4 1.5865625417615761e-01
1 32 5 1.0316203165287770e-01
1 32 6 7.1933541643488197e-02
1 32 7 5.0576441720466499e-02
1 32 8 3.6865366348754203e-02
1 32 9 2.6532192987042100e-02
1 32 10 1.9474988015369000e-02
1 32 11 1.4608881237623900e-02
1 32 12 1.0964587116270999e-02
1 32 13 8.3922626168161998e-03
1 32 14 6.3627984112765998e-03
1 32 15 4.8592178653434001e-03
1 32 16 3.7873455068758999e-03
1 32 17 3.0116400365643001e-03
1 32 18 2.3553417840124998e-03
1 32 19 1.8620491769038999e-03
1 32 20 1.5430424647941000e-03
1 32 21 1.2375679579294000e-03
1 32 22 1.0191555938228001e-03
1 32 23 8.3951509935910004e-04
1 32 24 7.1556844846459996e-04
1 32 25 6.1061172527180003e-04
1 32 26 5.2303664285270005e-04
1 32 27 4.5950818754230001e-04
1 32 28 4.0331126189580002e-04
1 32 29 3.6337157527999999e-04
1 32 30 3.2677299950309999e-04
1 32 31 2.9453771672580001e-04
1 32 32 2.6858060556529998e-04
1 32 33 2.4422707506229998e-04
1 32 34 2.2729619156439999e-04
1 32 35 2.1351320124140001e-04
1 32 36 2.0177602479200000e-04
1 32 37 1.8823338627770001e-04
1 32 38 1.8126625246650001e-04
1 32 39 1.6984521430049999e-04
1 32 40 1.6089271352659999e-04
1 32 41 1.5486084969250000e-04
1 32 42 1.4971126260230000e-04
1 32 43 1.4311264018570001e-04
1 32 44 1.4058295904150001e-04
1 32 45 1.3423470657640001e-04
1 32 46 1.3182049392800000e-04
1 32 47 1.2850608889159999e-04
1 32 48 1.2748435008440000e-04
1 32 49 1.2375290139839999e-04
1 32 50 1.2005313928320000e-04
1 32 51 1.1939768783680000e-04
1 32 52 1.1573791607520000e-04
1 32 53 1.1416849304670001e-04
1 32 54 1.1207976221560000e-04
1 32 55 1.1144193648920000e-04
1 32 56 1.1246882370670000e-04
1 32 57 1.1015675217100000e-04
1 32 58 1.0930369959970000e-04
1 32 59 1.0819378256320000e-04
1 32 60 1.0822744869670000e-04
1 32 61 1.0701749243650001e-04
1 32 62 1.0839409812590000e-04
1 32 63 1.7140094692637738e-30
1 48 0 2.1869755727323559e-01
1 48 1 5.2301199963467548e-01
1 48 2 4.4672163939813447e-01
1 48 3 3.1729707648343952e-01
1 48 4 2.1463234020016320e-01
1 48 5 1.5055362927966359e-01
1 48 6 1.0637192998527620e-01
1 48 7 7.7778201429897095e-02
1 48 8 5.9521652192952801e-02
1 48 9 4.5701802072056402e-02
1 48 10 3.5174950719139897e-02
1 48 11 2.7473158177376202e-02
1 48 12 2.1305190223313501e-02
1 48 13 1.6915225359044599e-02
1 48 14 1.3502037537138700e-02
1 48 15 1.0655445965889600e-02
1 48 16 8.5353230927928004e-03
1 48 17 6.8519418927285997e-03
1 48 18 5.5005522372489997e-03
1 48 19 4.3932157554178002e-03
1 48 20 3.6091715190969000e-03
1 48 21 2.9857794593787998e-03
1 48 22 2.4560705033364002e-03
1 48 23 2.0275835251889001e-03
1 48 24 1.7053065419259000e-03
1 48 25 1.4145661244845001e-03
1 48 26 1.1960991737002000e-03
1 48 27 1.0200310633381000e-03
1 48 28 8.8433970885740002e-04
1 48 29 7.7518890591579996e-04
1 48 30 6.7350295130030001e-04
1 48 31 5.8884845398209996e-04
1 48 32 5.1700945031459998e-04
1 48 33 4.6691748273820002e-04
1 48 34 4.1571986268249998e-04
1 48 35 3.7053940815979998e-04
1 48 36 3.4205997903040002e-04
1 48 37 3.1248671734590002e-04
1 48 38 2.8822103927279998e-04
1 48 39 2.7003336951010002e-04
1 48 40 2.4498100723339999e-04
1 48 41 2.3592621298340000e-04
1 48 42 2.1963547998270000e-04
1 48 43 2.1188433774400000e-04
1 48 44 1.9869133674660000e-04
1 48 45 1.9303324889649999e-04
1 48 46 1.8414349350989999e-04
1 48 47 1.7576459364540000e-04
1 48 48 1.6975723143309999e-04
1 48 49 1.6363163039509999e-04
1 48 50 1.6146285944860001e-04
1 48 51 1.5649737278299999e-04
1 48 52 1.5314143774180000e-04
1 48 53 1.4874721935640001e-04
1 48 54 1.4843953333989999e-04
1 48 55 1.4530147280199999e-04
1 48 56 1.4238109166970001e-04
1 48 57 1.4121037208090001e-04
1 48 58 1.4184477432380000e-04
1 48 59 1.4196701148410000e-04
1 48 60 1.3974189929360001e-04
1 48 61 1.3857915584899999e-04
1 48 62 1.3985344046119999e-04
1 48 63 2.0016361533597191e-30
1 64 0 2.0720432797536581e-01
1 64 1 4.3830400350792120e-01
1 64 2 4.2523965785676049e-01
1 64 3 3.2073813155466918e-01
1 64 4 2.3135923192004840e-01
1 64 5 1.6998834332045570e-01
1 64 6 1.2681701907226051e-01
1 64 7 9.7054295915917493e-02
1 64 8 7.2185041348557799e-02
1 64 9 5.6823608195151899e-02
1 64 10 4.5345417301539001e-02
1 64 11 3.5647994807911698e-02
1 64 12 2.9130344871249901e-02
1 64 13 2.3213221409184401e-02
1 64 14 1.8813402966001900e-02
1 64 15 1.5167709663035000e-02
1 64 16 1.2346901194891300e-02
1 64 17 1.0244906413995100e-02
1 64 18 8.4063043079127004e-03
1 64 19 6.8751374854416998e-03
1 64 20 5.6973402701359002e-03
1 64 21 4.6816354968590998e-03
1 64 22 3.9125990949258000e-03
1 64 23 3.2844497217409999e-03
1 64 24 2.7776002582138000e-03
1 64 25 2.3062091744197998e-03
1 64 26 1.9722692405461000e-03
1 64 27 1.6990712706976001e-03
1 64 28 1.4478700722874000e-03
1 64 29 1.2762515390688999e-03
1 64 30 1.1013806215828001e-03
1 64 31 9.6659104583149999e-04
1 64 32 8.5777726458639999e-04
1 64 33 7.4028729476140003e-04
1 64 34 6.8532300445179998e-04
1 64 35 6.0688856887009999e-04
1 64 36 5.4558648553660000e-04
1 64 37 4.9920218728090001e-04
1 64 38 4.5662582798639998e-04
1 64 39 4.2021909665349998e-04
1 64 40 3.9135534027060002e-04
1 64 41 3.5954525657969999e-04
1 64 42 3.4434290112750002e-04
1 64 43 3.1922827316999998e-04
1 64 44 2.9695539310459998e-04
1 64 45 2.8577875542150003e-04
1 64 46 2.7411711664190001e-04
1 64 47 2.5832090753430002e-04
1 64 48 2.4844575651920001e-04
1 64 49 2.4241876423480001e-04
1 64 50 2.3075159957460000e-04
1 64 51 2.2511133845719999e-04
1 64 52 2.1796165231219999e-04
1 64 53 2.1518810614220001e-04
1 64 54 2.0882266314110000e-04
1 64 55 2.0257989266170000e-04
1 64 56 1.9854586935140001e-04
1 64 57 2.0102959021450000e-04
1 64 58 1.9674241937100000e-04
1 64 59 1.9386104854040000e-04
1 64 60 1.9142934456410000e-04
1 64 61 1.9564064548959999e-04
1 64 62 1.9069427805469999e-04
1 64 63 2.3050154990627167e-30
1 72 0 1.9729397447244990e-01
1 72 1 4.2581053683397868e-01
1 72 2 4.1578982267512471e-01
1 72 3 3.2430704561996798e-01
1 72 4 2.4023737405820361e-01
1 72 5 1.7516534685488611e-01
1 72 6 1.3362923952454109e-01
1 72 7 1.0197804440204100e-01
1 72 8 7.7816195222062096e-02
1 72 9 6.1791426823480503e-02
1 72 10 4.8471228757092200e-02
1 72 11 3.9653216983180299e-02
1 72 12 3.1965530627925197e-02
1 72 13 2.5688412978831201e-02
1 72 14 2.0924562472983299e-02
1 72 15 1.7061242703934401e-02
1 72 16 1.3947356534236800e-02
1 72 17 1.1474293085426499e-02
1 72 18 9.5436677812858004e-03
1 72 19 7.9875954940800999e-03
1 72 20 6.5856072952254997e-03
1 72 21 5.5182890579989000e-03
1 72 22 4.6037908487557002e-03
1 72 23 3.8447996177027001e-03
1 72 24 3.2804754278395001e-03
1 72 25 2.7965351686689999e-03
1 72 26 2.3456591288055998e-03
1 72 27 2.0335551287575001e-03
1 72 28 1.7477068057680000e-03
1 72 29 1.5417118039334000e-03
1 72 30 1.3176491076467001e-03
1 72 31 1.1664822339843999e-03
1 72 32 1.0407119836876001e-03
1 72 33 9.2409834425690005e-04
1 72 34 8.1280197980930003e-04
1 72 35 7.3263203533809995e-04
1 72 36 6.6781620888730004e-04
1 72 37 6.0075902483500002e-04
1 72 38 5.5840969059999998e-04
1 72 39 5.0608999544069996e-04
1 72 40 4.7310126581890001e-04
1 72 41 4.3218764507529998e-04
1 72 42 4.0999792216190001e-04
1 72 43 3.8041913890400001e-04
1 72 44 3.6149337789580000e-04
1 72 45 3.4516916816890002e-04
1 72 46 3.2169038799019999e-04
1 72 47 3.0780786502120002e-04
1 72 48 2.9613523870780000e-04
1 72 49 2.8368911972060002e-04
1 72 50 2.7641274948539998e-04
1 72 51 2.6743886851000003e-04
1 72 52 2.6234498995140001e-04
1 72 53 2.5539443598690000e-04
1 72 54 2.4568698967700003e-04
1 72 55 2.4553257034860002e-04
1 72 56 2.3696256457710001e-04
1 72 57 2.3736943184709999e-04
1 72 58 2.3178839911040000e-04
1 72 59 2.3065661235959999e-04
1 72 60 2.3103064909050001e-04
1 72 61 2.3185164217979999e-04
1 72 62 2.2497571194969999e-04
1 72 63 2.4219434237292675e-30
1 80 0 1.9840180314924510e-01
1 80 1 4.2179886373509440e-01
1 80 2 4.1754473788707103e-01
1 80 3 3.2438425541177701e-01
1 80 4 2.3814785520712869e-01
1 80 5 1.8173490777891169e-01
1 80 6 1.3594676264240141e-01
1 80 7 1.0447473288089081e-01
1 80 8 8.0857491756593805e-02
1 80 9 6.4108332859773201e-02
1 80 10 5.1252343956111203e-02
1 80 11 4.1297728834584803e-02
1 80 12 3.3076953448182601e-02
1 80 13 2.7694514418700501e-02
1 80 14 2.1946933914365301e-02
1 80 15 1.8094325580096601e-02
1 80 16 1.5377909596242899e-02
1 80 17 1.2411414206071100e-02
1 80 18 1.0433803479122299e-02
1 80 19 8.6890689605515006e-03
1 80 20 7.1489702633974004e-03
1 80 21 6.0549840560085002e-03
1 80 22 5.0703381177354002e-03
1 80 23 4.2592439569950000e-03
1 80 24 3.6267218097166000e-03
1 80 25 3.0741305541999000e-03
1 80 26 2.6721873127105002e-03
1 80 27 2.2593710875617999e-03
1 80 28 2.0157969040007998e-03
1 80 29 1.7116081820280000e-03
1 80 30 1.5015769492831000e-03
1 80 31 1.3261459700742999e-03
1 80 32 1.1912535374087999e-03
1 80 33 1.0483920851690001e-03
1 80 34 9.2311295992070002e-04
1 80 35 8.4006975103890005e-04
1 80 36 7.7043331091750003e-04
1 80 37 7.0293526590160002e-04
1 80 38 6.3937459138810001e-04
1 80 39 5.9072333239389998e-04
1 80 40 5.3459260612160003e-04
1 80 41 5.0334825419609997e-04
1 80 42 4.7642022265159998e-04
1 80 43 4.4037318664530000e-04
1 80 44 4.2127292355330001e-04
1 80 45 3.9717562232400000e-04
1 80 46 3.7895521533920002e-04
1 80 47 3.5452067385549998e-04
1 80 48 3.4582008807790000e-04
1 80 49 3.3366807423299997e-04
1 80 50 3.2154702223220001e-04
1 80 51 3.0727707644900002e-04
1 80 52 2.9958679977360001e-04
1 80 53 2.9143130066230000e-04
1 80 54 2.8354985945670000e-04
1 80 55 2.8664889293919998e-04
1 80 56 2.7632912566230003e-04
1 80 57 2.7148125073880001e-04
1 80 58 2.7289828537180002e-04
1 80 59 2.6639272806489999e-04
1 80 60 2.6738534227400002e-04
1 80 61 2.6673094772010000e-04
1 80 62 2.6021834183120000e-04
1 80 63 2.4956617430130722e-30
1 88 0 1.9248618619455471e-01
1 88 1 4.2404299243846050e-01
1 88 2 4.1788912094088509e-01
1 88 3 3.3084801829841082e-01
1 88 4 2.4244669951157130e-01
1 88 5 1.8603116889983060e-01
1 88 6 1.3901496883983930e-01
1 88 7 1.0691173341411910e-01
1 88 8 8.4052125879880896e-02
1 88 9 6.7855318019825500e-02
1 88 10 5.3366166694138899e-02
1 88 11 4.3365041735237697e-02
1 88 12 3.5513734026806597e-02
1 88 13 2.8826728471521498e-02
1 88 14 2.3510183854126100e-02
1 88 15 1.9751826681474099e-02
1 88 16 1.6229776270993701e-02
1 88 17 1.3433270672450400e-02
1 88 18 1.1312950949930100e-02
1 88 19 9.2676206754305004e-03
1 88 20 7.7632309564888997e-03
1 88 21 6.4837201158317002e-03
1 88 22 5.5788272446420997e-03
1 88 23 4.6133708467634999e-03
1 88 24 3.9722473858033996e-03
1 88 25 3.4072574702208999e-03
1 88 26 2.9150263861199999e-03
1 88 27 2.5420508764655001e-03
1 88 28 2.2388077099818999e-03
1 88 29 1.9221033490920000e-03
1 88 30 1.6971305216159000e-03
1 88 31 1.4809588184383001e-03
1 88 32 1.3217602530669001e-03
1 88 33 1.1727602506908001e-03
1 88 34 1.0661918337539001e-03
1 88 35 9.4531299123880004e-04
1 88 36 8.6326247310809995e-04
1 88 37 7.8032858720759998e-04
1 88 38 7.2331840273190005e-04
1 88 39 6.6527818671349996e-04
1 88 40 6.2157989349569999e-04
1 88 41 5.8218855225399999e-04
1 88 42 5.4314293813229996e-04
1 88 43 5.0651024498320001e-04
1 88 44 4.7504107586090002e-04
1 88 45 4.5123788838359998e-04
1 88 46 4.3512374617099998e-04
1 88 47 4.0750216944910000e-04
1 88 48 3.9157672990349998e-04
1 88 49 3.7992307204230002e-04
1 88 50 3.6555808277420002e-04
1 88 51 3.5654385621690002e-04
1 88 52 3.4312845514220002e-04
1 88 53 3.3824662209779998e-04
1 88 54 3.2602977460560002e-04
1 88 55 3.2192855917590000e-04
1 88 56 3.1636474352239998e-04
1 88 57 3.1218761421119998e-04
1 88 58 3.0752987798039999e-04
1 88 59 3.1284079530939998e-04
1 88 60 3.0864438486220001e-04
1 88 61 3.0298834823780000e-04
1 88 62 2.9930214956109998e-04
1 88 63 2.6336802665461574e-30
1 96 0 1.9452427051716970e-01
1 96 1 4.2331057738711830e-01
1 96 2 4.2224052325156991e-01
1 96 3 3.3651824982030559e-01
1 96 4 2.4727659660231491e-01
1 96 5 1.8727952718508170e-01
1 96 6 1.4028004848613099e-01
1 96 7 1.0867500038957589e-01
1 96 8 8.6888175820273195e-02
1 96 9 6.9081836307343603e-02
1 96 10 5.4920398371770103e-02
1 96 11 4.5115064147966601e-02
1 96 12 3.7043238522314198e-02
1 96 13 3.0482425781692302e-02
1 96 14 2.4897755291323199e-02
1 96 15 2.0356003788548901e-02
1 96 16 1.7059176774096400e-02
1 96 17 1.4325616871529400e-02
1 96 18 1.1794762180808400e-02
1 96 19 9.8240084692540995e-03
1 96 20 8.3960184505458002e-03
1 96 21 7.0133801302861001e-03
1 96 22 5.8973114806136996e-03
1 96 23 5.0770972655679999e-03
1 96 24 4.3057993336603996e-03
1 96 25 3.6728942556340000e-03
1 96 26 3.1565435052055999e-03
1 96 27 2.7631760573466001e-03
1 96 28 2.3933807638090998e-03
1 96 29 2.1164520090337000e-03
1 96 30 1.8329999823224999e-03
1 96 31 1.6247681996410001e-03
1 96 32 1.4495232626155000e-03
1 96 33 1.3053425080673000e-03
1 96 34 1.1633027422472001e-03
1 96 35 1.0451264064016000e-03
1 96 36 9.6132928219300000e-04
1 96 37 8.7749092323049995e-04
1 96 38 8.1199168303630002e-04
1 96 39 7.3183372609299995e-04
1 96 40 6.9506413619300003e-04
1 96 41 6.5323359081219997e-04
1 96 42 6.0736823619039998e-04
1 96 43 5.6745742110170000e-04
1 96 44 5.4582439183469998e-04
1 96 45 5.1892056983650001e-04
1 96 46 4.9653470870189998e-04
1 96 47 4.6149984052930000e-04
1 96 48 4.4058387683000003e-04
1 96 49 4.2588083818619998e-04
1 96 50 4.1562257274579999e-04
1 96 51 3.9995191371630000e-04
1 96 52 3.9616432173760001e-04
1 96 53 3.7698173843359999e-04
1 96 54 3.7723587933030000e-04
1 96 55 3.6360116116140000e-04
1 96 56 3.6280627778219999e-04
1 96 57 3.5325700150050002e-04
1 96 58 3.5558856746780002e-04
1 96 59 3.4680858480820001e-04
1 96 60 3.4626610395740000e-04
1 96 61 3.4439571156549999e-04
1 96 62 3.3395329286300002e-04
1 96 63 2.6837340778504061e-30
1 104 0 1.9668558472309941e-01
1 104 1 4.2733658910586148e-01
1 104 2 4.2713646126083521e-01
1 104 3 3.4078282868810489e-01
1 104 4 2.5135419486170441e-01
1 104 5 1.8742460771321090e-01
1 104 6 1.4461619445485410e-01
1 104 7 1.1355504664924709e-01
1 104 8 8.8468730956521704e-02
1 104 9 7.0703249546727798e-02
1 104 10 5.6936910512627698e-02
1 104 11 4.5940210451386597e-02
1 104 12 3.8225354569023103e-02
1 104 13 3.1635950603186497e-02
1 104 14 2.5724449336102299e-02
1 104 15 2.1595455250360399e-02
1 104 16 1.7767455836345300e-02
1 104 17 1.4866687202785700e-02
1 104 18 1.2420476217130100e-02
1 104 19 1.0250563216759399e-02
1 104 20 8.7042354301648008e-03
1 104 21 7.3195956048061001e-03
1 104 22 6.1699477778517997e-03
1 104 23 5.3029747436610999e-03
1 104 24 4.6137294660142996e-03
1 104 25 3.8943274913238002e-03
1 104 26 3.4341359716171999e-03
1 104 27 2.9377328740024999e-03
1 104 28 2.5639876859045998e-03
1 104 29 2.2619868661051998e-03
1 104 30 1.9910907947295999e-03
1 104 31 1.7645549683641001e-03
1 104 32 1.5888451544161001e-03
1 104 33 1.4131445047658999e-03
1 104 34 1.2765222058427001e-03
1 104 35 1.1668945721605001e-03
1 104 36 1.0507551746523000e-03
1 104 37 9.6045295819990005e-04
1 104 38 8.9616263094390003e-04
1 104 39 8.1884671291519999e-04
1 104 40 7.5227296728180002e-04
1 104 41 7.1985178097659999e-04
1 104 42 6.7703461606600005e-04
1 104 43 6.2601898309939995e-04
1 104 44 5.9917549895370005e-04
1 104 45 5.6034751184209995e-04
1 104 46 5.4962960798510003e-04
1 104 47 5.2266291321950004e-04
1 104 48 4.9627581479489997e-04
1 104 49 4.7957566113379998e-04
1 104 50 4.5636176349779999e-04
1 104 51 4.4952261632749999e-04
1 104 52 4.3528841409760000e-04
1 104 53 4.3528567196599998e-04
1 104 54 4.1910001384250000e-04
1 104 55 4.0977665911409998e-04
1 104 56 3.9904846271799998e-04
1 104 57 3.9956826479820002e-04
1 104 58 4.0079730297489999e-04
1 104 59 3.8818978829290002e-04
1 104 60 3.9279659732440001e-04
1 104 61 3.8288220173279998e-04
1 104 62 3.7301237789930000e-04
1 104 63 2.7489424090322323e-30
4 0 0 1.1726354119183915e+00
4 0 1 9.3172005394565799e-02
4 0 2 3.4154612432664197e-02
4 0 3 1.3544836617373700e-02
4 0 4 7.8591421083150995e-03
4 0 5 5.1596011492927004e-03
4 0 6 3.5414902995478999e-03
4 0 7 2.6092060642000001e-03
4 0 8 2.0219307315339002e-03
4 0 9 1.5904964264939999e-03
4 0 10 1.2933126443140999e-03
4 0 11 1.0772939115785999e-03
4 0 12 9.2587640658629996e-04
4 0 13 8.0006421909790005e-04
4 0 14 6.9494340765780004e-04
4 0 15 6.0257962436729995e-04
4 0 16 5.2571450822329997e-04
4 0 17 4.8349622451029998e-04
4 0 18 4.3192103031459999e-04
4 0 19 3.9610575279639998e-04
4 0 20 3.6145378645410000e-04
4 0 21 3.2279269072459999e-04
4 0 22 3.1234189555560000e-04
4 0 23 2.8065598786000001e-04
4 0 24 2.5615449103400000e-04
4 0 25 2.4532058964999999e-04
4 0 26 2.2991933428709999e-04
4 0 27 2.1489818588590000e-04
4 0 28 2.0424256871419999e-04
4 0 29 1.9573608640219999e-04
4 0 30 1.8259266813510001e-04
4 0 31 1.7809932252400000e-04
4 0 32 1.6423141190049999e-04
4 0 33 1.6157952874870001e-04
4 0 34 1.5869365908290000e-04
4 0 35 1.4932108743730000e-04
4 0 36 1.4481689979370000e-04
4 0 37 1.3923115961580001e-04
4 0 38 1.3608872174029999e-04
4 0 39 1.3201512040710001e-04
4 0 40 1.2836910181979999e-04
4 0 41 1.2429946339120000e-04
4 0 42 1.2208027634800001e-04
4 0 43 1.1661291722570000e-04
4 0 44 1.1502137147130000e-04
4 0 45 1.1296120879980001e-04
4 0 46 1.0946136775680000e-04
4 0 47 1.0850474624090000e-04
4 0 48 1.0627304852910000e-04
4 0 49 1.0545539924230000e-04
4 0 50 1.0513596318069999e-04
4 0 51 1.0202196626459999e-04
4 0 52 9.9820992121257561e-05
4 0 53 9.9573758477763862e-05
4 0 54 9.9050386791764343e-05
4 0 55 9.7630090395974559e-05
4 0 56 9.5923818560707480e-05
4 0 57 9.7018522074840294e-05
4 0 58 9.6230911127018917e-05
4 0 59 9.5120463486625040e-05
4 0 60 9.5567577875824193e-05
4 0 61 9.5733927159932203e-05
4 0 62 9.3739580210143878e-05
4 0 63 3.1556833803263212e-30
4 8 0 6.1173514382757210e-01
4 8 1 7.3673515468973028e-01
4 8 2 2.7728177489106848e-01
4 8 3 1.2509207227475411e-01
4 8 4 6.0632677686756002e-02
4 8 5 3.4337128969026597e-02
4 8 6 1.9638847816499900e-02
4 8 7 1.2032191904380299e-02
4 8 8 7.7788542824233997e-03
4 8 9 5.1659691328124003e-03
4 8 10 3.5168901282707000e-03
4 8 11 2.5250952666760001e-03
4 8 12 1.8441529439462000e-03
4 8 13 1.3982427339505000e-03
4 8 14 1.1177776619776000e-03
4 8 15 8.8090505588999995e-04
4 8 16 7.3494117758749996e-04
4 8 17 6.2413716682819999e-04
4 8 18 5.4034688545650004e-04
4 8 19 4.5965101525880002e-04
4 8 20 4.0999490413410000e-04
4 8 21 3.6956850293550002e-04
4 8 22 3.3636145780480001e-04
4 8 23 3.0402387046540001e-04
4 8 24 2.8176612974850000e-04
4 8 25 2.6206481755720000e-04
4 8 26 2.4571679013840001e-04
4 8 27 2.2759961311100000e-04
4 8 28 2.1630262083520001e-04
4 8 29 2.0402977345950000e-04
4 8 30 1.9104803038260000e-04
4 8 31 1.8244141450529999e-04
4 8 32 1.7374407065889999e-04
4 8 33 1.6244550233740000e-04
4 8 34 1.5968869857170000e-04
4 8 35 1.5256728073099999e-04
4 8 36 1.4789125237190000e-04
4 8 37 1.4108136295249999e-04
4 8 38 1.3726805053030001e-04
4 8 39 1.3363666328440000e-04
4 8 40 1.2848389575649999e-04
4 8 41 1.2480774861230000e-04
4 8 42 1.2144542894190000e-04
4 8 43 1.1779888086749999e-04
4 8 44 1.1757748871850000e-04
4 8 45 1.1170922932900000e-04
4 8 46 1.1181081948249999e-04
4 8 47 1.1036234660360000e-04
4 8 48 1.0765773917930001e-04
4 8 49 1.0610329587870000e-04
4 8 50 1.0407584638539999e-04
4 8 51 1.0171317330720001e-04
4 8 52 1.0171058668039999e-04
4 8 53 1.0116565679440001e-04
4 8 54 9.8047225027103022e-05
4 8 55 9.8305164094033326e-05
4 8 56 9.7354027138401040e-05
4 8 57 9.6974990689549585e-05
4 8 58 9.6333582690309076e-05
4 8 59 9.5621945555511003e-05
4 8 60 9.5769194150722664e-05
4 8 61 9.6994455514012753e-05
4 8 62 9.5798065489516676e-05
4 8 63 1.9366593081262108e-30
4 16 0 2.7111937659320640e-01
4 16 1 6.9514149447877371e-01
4 16 2 4.8040546946220658e-01
4 16 3 2.8598736830882021e-01
4 16 4 1.7353777623832620e-01
4 16 5 1.0550219688926039e-01
4 16 6 7.2840239821949496e-02
4 16 7 4.9858121547109398e-02
4 16 8 3.3819409480724899e-02
4 16 9 2.4312162924494299e-02
4 16 10 1.7228438826273802e-02
4 16 11 1.2484456391481101e-02
4 16 12 8.9312862560706995e-03
4 16 13 6.5421856642779996e-03
4 16 14 4.7562511749298002e-03
4 16 15 3.4852191401741001e-03
4 16 16 2.7052822809582001e-03
4 16 17 2.0579193851478000e-03
4 16 18 1.5987969994132000e-03
4 16 19 1.2449673899710999e-03
4 16 20 1.0011049756097001e-03
4 16 21 8.1392747268100002e-04
4 16 22 6.6358522110030003e-04
4 16 23 5.5882034926679996e-04
4 16 24 4.7582316505649999e-04
4 16 25 4.1582534534580001e-04
4 16 26 3.6384976577100002e-04
4 16 27 3.1838532125530000e-04
4 16 28 2.8607005958900000e-04
4 16 29 2.6235592627630000e-04
4 16 30 2.3982757337919999e-04
4 16 31 2.1775844948300000e-04
4 16 32 2.0593340754860001e-04
4 16 33 1.9224734304130000e-04
4 16 34 1.8033824200359999e-04
4 16 35 1.7267708450790001e-04
4 16 36 1.6240109697260001e-04
4 16 37 1.5588579101350001e-04
4 16 38 1.4828304566750000e-04
4 16 39 1.4282472802020001e-04
4 16 40 1.3899883093069999e-04
4 16 41 1.3440207189059999e-04
4 16 42 1.2924837558830001e-04
4 16 43 1.2474501770960001e-04
4 16 44 1.2378161165360000e-04
4 16 45 1.2020723274390000e-04
4 16 46 1.1753499583160001e-04
4 16 47 1.1459611455760000e-04
4 16 48 1.1168481118930000e-04
4 16 49 1.1163498215070000e-04
4 16 50 1.0818820007760000e-04
4 16 51 1.0733333634040000e-04
4 16 52 1.0557669094650000e-04
4 16 53 1.0482592798110000e-04
4 16 54 1.0399995865239999e-04
4 16 55 1.0266950853280001e-04
4 16 56 1.0132631564639999e-04
4 16 57 1.0107169804489999e-04
4 16 58 9.8923614205266753e-05
4 16 59 1.0101750564690000e-04
4 16 60 9.9503386724825204e-05
4 16 61 9.8692818582871541e-05
4 16 62 9.7979898311640519e-05
4 16 63 1.6043446625877904e-30
4 32 0 2.2048998918936619e-01
4 32 1 5.2205670578489161e-01
4 32 2 4.9139232748293221e-01
4 32 3 3.3664404269872122e-01
4 32 4 2.2770443312193750e-01
4 32 5 1.5569156448893989e-01
4 32 6 1.0765864101429160e-01
4 32 7 7.9332723031803803e-02
4 32 8 5.8048950890767101e-02
4 32 9 4.3130533626891898e-02
4 32 10 3.2510228325776797e-02
4 32 11 2.4750168868152501e-02
4 32 12 1.8963529770737900e-02
4 32 13 1.4258613153913200e-02
4 32 14 1.1163837096677500e-02
4 32 15 8.5850379401304997e-03
4 32 16 6.5819920444350997e-03
4 32 17 5.1789299649337003e-03
4 32 18 4.0347063281103998e-03
4 32 19 3.2605573878319999e-03
4 32 20 2.5478658577507999e-03
4 32 21 2.0610314934890999e-03
4 32 22 1.6806142399427000e-03
4 32 23 1.3908737094224001e-03
4 32 24 1.1418809328694001e-03
4 32 25 9.6082610853550005e-04
4 32 26 8.0196550318800003e-04
4 32 27 6.8256261879719995e-04
4 32 28 5.8326265813729995e-04
4 32 29 5.1712449250220004e-04
4 32 30 4.5043797205459999e-04
4 32 31 4.0228112490960002e-04
4 32 32 3.6016959746620002e-04
4 32 33 3.2395856434570000e-04
4 32 34 2.9476288651319999e-04
4 32 35 2.7131961828550001e-04
4 32 36 2.5107996732759999e-04
4 32 37 2.3320274537889999e-04
4 32 38 2.1636583250520000e-04
4 32 39 2.0489922182170001e-04
4 32 40 1.9110251662140000e-04
4 32 41 1.8334572319250001e-04
4 32 42 1.7687237072909999e-04
4 32 43 1.6508686890799999e-04
4 32 44 1.5878309648929999e-04
4 32 45 1.5412763149719999e-04
4 32 46 1.4828105016279999e-04
4 32 47 1.4314783431010000e-04
4 32 48 1.4192200703960000e-04
4 32 49 1.3669818731539999e-04
4 32 50 1.3409077540310000e-04
4 32 51 1.3179182049119999e-04
4 32 52 1.2780857967379999e-04
4 32 53 1.2563782399840001e-04
4 32 54 1.2460393430649999e-04
4 32 55 1.2268485301490000e-04
4 32 56 1.2071198490710000e-04
4 32 57 1.2014993698620000e-04
4 32 58 1.1966071247900000e-04
4 32 59 1.1693712189860000e-04
4 32 60 1.1821126914430000e-04
4 32 61 1.1702717177070000e-04
4 32 62 1.1679365103910000e-04
4 32 63 1.9863535124735971e-30
4 48 0 2.3086223298873240e-01
4 48 1 5.5205785115916373e-01
4 48 2 4.9925239607736038e-01
4 48 3 3.4633630804068599e-01
4 48 4 2.3533425947172790e-01
4 48 5 1.6511387176369549e-01
4 48 6 1.1729757839557090e-01
4 48 7 8.7490385743350496e-02
4 48 8 6.4248336854136695e-02
4 48 9 4.8461982259923701e-02
4 48 10 3.6908738993925098e-02
4 48 11 2.8130994345022701e-02
4 48 12 2.1718782670554600e-02
4 48 13 1.6435853183881601e-02
4 48 14 1.3007262016095599e-02
4 48 15 9.8345606527536992e-03
4 48 16 7.9373736749756008e-03
4 48 17 6.3068901363150997e-03
4 48 18 5.0004997565868004e-03
4 48 19 3.9618472445901998e-03
4 48 20 3.2319962344100001e-03
4 48 21 2.6115630548905998e-03
4 48 22 2.1574611055859001e-03
4 48 23 1.7894833942215000e-03
4 48 24 1.5140179969893000e-03
4 48 25 1.2872467454155001e-03
4 48 26 1.0816114421188000e-03
4 48 27 9.3737014618559995e-04
4 48 28 8.1713828335619996e-04
4 48 29 7.1955234002130000e-04
4 48 30 6.3700578292319996e-04
4 48 31 5.6643677017700000e-04
4 48 32 5.0373989392839995e-04
4 48 33 4.5659924787359998e-04
4 48 34 4.1723415307769998e-04
4 48 35 3.7996120099260001e-04
4 48 36 3.5216799082820000e-04
4 48 37 3.2301410129850002e-04
4 48 38 2.9721325968590001e-04
4 48 39 2.8047035493310000e-04
4 48 40 2.6312860631450002e-04
4 48 41 2.4341861264620001e-04
4 48 42 2.3444243089590000e-04
4 48 43 2.2236610593219999e-04
4 48 44 2.1438630927160001e-04
4 48 45 2.0394080771109999e-04
4 48 46 1.9689029075300001e-04
4 48 47 1.9360620211309999e-04
4 48 48 1.7908167128140000e-04
4 48 49 1.7379132207740000e-04
4 48 50 1.7349827179250000e-04
4 48 51 1.6725912872900001e-04
4 48 52 1.6532373108349999e-04
4 48 53 1.6034425350549999e-04
4 48 54 1.5819216207849999e-04
4 48 55 1.5400118664900001e-04
4 48 56 1.5436020065490001e-04
4 48 57 1.5071552496779999e-04
4 48 58 1.5005025964669999e-04
4 48 59 1.4860153040010000e-04
4 48 60 1.4642669607429999e-04
4 48 61 1.4801804363890001e-04
4 48 62 1.4107823294480000e-04
4 48 63 2.2071136020400836e-30
4 64 0 2.6362122291598800e-01
4 64 1 5.9933379833009093e-01
4 64 2 5.2906773629379689e-01
4 64 3 3.7795995356038581e-01
4 64 4 2.4555932690825191e-01
4 64 5 1.7286172519886819e-01
4 64 6 1.2472910657039120e-01
4 64 7 9.0956652291509801e-02
4 64 8 6.6884337040399297e-02
4 64 9 4.9838237266832501e-02
4 64 10 3.7773209521097903e-02
4 64 11 2.9368709843402001e-02
4 64 12 2.2160091303915701e-02
4 64 13 1.6976031162642600e-02
4 64 14 1.3488324388536799e-02
4 64 15 1.0336055177093600e-02
4 64 16 8.1216804582447000e-03
4 64 17 6.5005964604575002e-03
4 64 18 5.1875029547536000e-03
4 64 19 4.2457511392763004e-03
4 64 20 3.4248282286731000e-03
4 64 21 2.8458013824246000e-03
4 64 22 2.3795644575701001e-03
4 64 23 1.9810894065469000e-03
4 64 24 1.6876718699274000e-03
4 64 25 1.4349069261631001e-03
4 64 26 1.2366034459363000e-03
4 64 27 1.0817848262604001e-03
4 64 28 9.5475715502919996e-04
4 64 29 8.2392054696940002e-04
4 64 30 7.4771422849390003e-04
4 64 31 6.5909385987520004e-04
4 64 32 6.0658619230549997e-04
4 64 33 5.4773422444159999e-04
4 64 34 4.9659311135839997e-04
4 64 35 4.5451540513159999e-04
4 64 36 4.2336073545999999e-04
4 64 37 3.9515637095499998e-04
4 64 38 3.6435669974369997e-04
4 64 39 3.4203953953859998e-04
4 64 40 3.2640440483830001e-04
4 64 41 3.0221225818699999e-04
4 64 42 2.8885010305030001e-04
4 64 43 2.7350270147339999e-04
4 64 44 2.6586853388570002e-04
4 64 45 2.4916803140469999e-04
4 64 46 2.3955665017640000e-04
4 64 47 2.3256587376640001e-04
4 64 48 2.2373015452530000e-04
4 64 49 2.1812356740680001e-04
4 64 50 2.1218120139400001e-04
4 64 51 2.0346837073750000e-04
4 64 52 1.9953878288989999e-04
4 64 53 1.9761106925440000e-04
4 64 54 1.9308520485230001e-04
4 64 55 1.9221627510219999e-04
4 64 56 1.8629083240400001e-04
4 64 57 1.8406978810350000e-04
4 64 58 1.8202075787490001e-04
4 64 59 1.8197609462870001e-04
4 64 60 1.7666668674630001e-04
4 64 61 1.7496195670580001e-04
4 64 62 1.6669989685190001e-04
4 64 63 2.3706732390483192e-30
4 72 0 2.8978987630268288e-01
4 72 1 6.1605873951560530e-01
4 72 2 5.5874547090450366e-01
4 72 3 3.8209935689951569e-01
4 72 4 2.5781524283550289e-01
4 72 5 1.7716636201233940e-01
4 72 6 1.2746799623598659e-01
4 72 7 9.3223018826176896e-02
4 72 8 6.8943962388635593e-02
4 72 9 5.1650406781916999e-02
4 72 10 3.9336279521491102e-02
4 72 11 2.9817428283510899e-02
4 72 12 2.2803160083991501e-02
4 72 13 1.7534936172139401e-02
4 72 14 1.3529421544027300e-02
4 72 15 1.0641126964760101e-02
4 72 16 8.3875230817636991e-03
4 72 17 6.5686151757374002e-03
4 72 18 5.3794420689562998e-03
4 72 19 4.4242346438039997e-03
4 72 20 3.5953728014621999e-03
4 72 21 2.9459111673839000e-03
4 72 22 2.4601607933534002e-03
4 72 23 2.0637969339436001e-03
4 72 24 1.7903114952922000e-03
4 72 25 1.5392331517810000e-03
4 72 26 1.3260295742241000e-03
4 72 27 1.1709316884061000e-03
4 72 28 1.0227547085928000e-03
4 72 29 9.1028982610780000e-04
4 72 30 8.0249980747469998e-04
4 72 31 7.1727952018000001e-04
4 72 32 6.5160221115799998e-04
4 72 33 6.0297315439289997e-04
4 72 34 5.5122754910180000e-04
4 72 35 5.0405061398470002e-04
4 72 36 4.6807695888920003e-04
4 72 37 4.3222914869909997e-04
4 72 38 4.0023608665680000e-04
4 72 39 3.7531370680020002e-04
4 72 40 3.5179137836099998e-04
4 72 41 3.4115794318490000e-04
4 72 42 3.1844269933410001e-04
4 72 43 2.9927223922269998e-04
4 72 44 2.8834359983999998e-04
4 72 45 2.7822289978090002e-04
4 72 46 2.6733954203459999e-04
4 72 47 2.5765129124289999e-04
4 72 48 2.4651899940760001e-04
4 72 49 2.3815831079660000e-04
4 72 50 2.3592237104880001e-04
4 72 51 2.2668846097820001e-04
4 72 52 2.1869643206400000e-04
4 72 53 2.1798479806279999e-04
4 72 54 2.1600996784030001e-04
4 72 55 2.0991191295330000e-04
4 72 56 2.0667994911930000e-04
4 72 57 2.0219865638820001e-04
4 72 58 2.0018260925959999e-04
4 72 59 2.0050376035960000e-04
4 72 60 1.9285741918980001e-04
4 72 61 1.8858604890390000e-04
4 72 62 1.8427333014539999e-04
4 72 63 2.4099161361278256e-30
4 80 0 3.1061809880568991e-01
4 80 1 6.4661977668451276e-01
4 80 2 5.7696142188965460e-01
4 80 3 3.9611262302345102e-01
4 80 4 2.7023119144046831e-01
4 80 5 1.8632633745003160e-01
4 80 6 1.3110534109449989e-01
4 80 7 9.6963221281541195e-02
4 80 8 7.1535880278372599e-02
4 80 9 5.3664888611431302e-02
4 80 10 4.0440238486678097e-02
4 80 11 3.0694118603759001e-02
4 80 12 2.3708381444492398e-02
4 80 13 1.8348606476685701e-02
4 80 14 1.4084297563423699e-02
4 80 15 1.1325912537031000e-02
4 80 16 9.0569426351235008e-03
4 80 17 7.1403093992952003e-03
4 80 18 5.6976087887879003e-03
4 80 19 4.6107108487150996e-03
4 80 20 3.8186232455990001e-03
4 80 21 3.1645121792412000e-03
4 80 22 2.6886644709400000e-03
4 80 23 2.2904867468547998e-03
4 80 24 1.9807948121689000e-03
4 80 25 1.6626226568835999e-03
4 80 26 1.4365917962637000e-03
4 80 27 1.2676566128457000e-03
4 80 28 1.1241895775518001e-03
4 80 29 9.9853457682090000e-04
4 80 30 8.9489742770679996e-04
4 80 31 8.0311869552039997e-04
4 80 32 7.3141316051699996e-04
4 80 33 6.5691538374070002e-04
4 80 34 6.0712489944450001e-04
4 80 35 5.6472358603870004e-04
4 80 36 5.2904125297999996e-04
4 80 37 4.8383178813729999e-04
4 80 38 4.5623582035740000e-04
4 80 39 4.2764116286780001e-04
4 80 40 4.0806221578549998e-04
4 80 41 3.8311000436420001e-04
4 80 42 3.6599546663159999e-04
4 80 43 3.4401271955540000e-04
4 80 44 3.3069693954479999e-04
4 80 45 3.1609056469510002e-04
4 80 46 3.0569278074720000e-04
4 80 47 2.9330945211430000e-04
4 80 48 2.8919208518289998e-04
4 80 49 2.7687732051120002e-04
4 80 50 2.6913944504240001e-04
4 80 51 2.5821323324329998e-04
4 80 52 2.5147632019530001e-04
4 80 53 2.4890569592629999e-04
4 80 54 2.4780075992020001e-04
4 80 55 2.4286948110170000e-04
4 80 56 2.3541618573689999e-04
4 80 57 2.3270945363369999e-04
4 80 58 2.2973167770000001e-04
4 80 59 2.2828266965939999e-04
4 80 60 2.2118489698950001e-04
4 80 61 2.1196864557320000e-04
4 80 62 2.1470153819030000e-04
4 80 63 2.5318264646580442e-30
4 88 0 3.4528076437040328e-01
4 88 1 6.6581371964637837e-01
4 88 2 6.1235129037383129e-01
4 88 3 4.1765599370268708e-01
4 88 4 2.8143170634865972e-01
4 88 5 1.9239763471719459e-01
4 88 6 1.3839256781626941e-01
4 88 7 9.9818316203098806e-02
4 88 8 7.3505418266678793e-02
4 88 9 5.4948168716002201e-02
4 88 10 4.1487899652624498e-02
4 88 11 3.1733140158978899e-02
4 88 12 2.4159361257121401e-02
4 88 13 1.8810892085901899e-02
4 88 14 1.4353158129144800e-02
4 88 15 1.1382867404618999e-02
4 88 16 9.0883074227987998e-03
4 88 17 7.3172768434966000e-03
4 88 18 5.9514982629985998e-03
4 88 19 4.8157964444882004e-03
4 88 20 4.0365740423611001e-03
4 88 21 3.3585264484850999e-03
4 88 22 2.8244061279769999e-03
4 88 23 2.4112295657514001e-03
4 88 24 2.0844781751117002e-03
4 88 25 1.7938263429067001e-03
4 88 26 1.5651470692983000e-03
4 88 27 1.3932596966170000e-03
4 88 28 1.2288724017020000e-03
4 88 29 1.1006975860171000e-03
4 88 30 9.8612301730959992e-04
4 88 31 9.0286391966500003e-04
4 88 32 8.1699348568270002e-04
4 88 33 7.4656939152509998e-04
4 88 34 6.9349244038540000e-04
4 88 35 6.4567679785320004e-04
4 88 36 5.9548751284780005e-04
4 88 37 5.5330114993669996e-04
4 88 38 5.1351503745610005e-04
4 88 39 4.9413770756279998e-04
4 88 40 4.6826893868399998e-04
4 88 41 4.3755921843790000e-04
4 88 42 4.2170199852119999e-04
4 88 43 4.0230187928380000e-04
4 88 44 3.8530429824570000e-04
4 88 45 3.7163857899240001e-04
4 88 46 3.5853560608119998e-04
4 88 47 3.4671065098890001e-04
4 88 48 3.3295163976760001e-04
4 88 49 3.2602765674969998e-04
4 88 50 3.2233274321440001e-04
4 88 51 3.1152632849749999e-04
4 88 52 3.0096446254309999e-04
4 88 53 2.9761948160969998e-04
4 88 54 2.8870699386500002e-04
4 88 55 2.8726508398219997e-04
4 88 56 2.7939980950090001e-04
4 88 57 2.7344813887560001e-04
4 88 58 2.6914505332900000e-04
4 88 59 2.6814688403890000e-04
4 88 60 2.6409796355150001e-04
4 88 61 2.5614223252569998e-04
4 88 62 2.6988062324410000e-04
4 88 63 2.7081061218769613e-30
4 96 0 3.6275463381397161e-01
4 96 1 7.0762639263849414e-01
4 96 2 6.4136662263003441e-01
4 96 3 4.4497700112020622e-01
4 96 4 2.9447949067475188e-01
4 96 5 2.0688409514146369e-01
4 96 6 1.4478655863134129e-01
4 96 7 1.0499632054351560e-01
4 96 8 7.7299037112929694e-02
4 96 9 5.7554832636357203e-02
4 96 10 4.4138219463207999e-02
4 96 11 3.3239704253594599e-02
4 96 12 2.5620988882193801e-02
4 96 13 1.9659068636369698e-02
4 96 14 1.5506224527278499e-02
4 96 15 1.2073011483671100e-02
4 96 16 9.6692940766499001e-03
4 96 17 7.7768868533069002e-03
4 96 18 6.3247505545431003e-03
4 96 19 5.1931209278691000e-03
4 96 20 4.3485145456782998e-03
4 96 21 3.6310335996701001e-03
4 96 22 3.0881596273550000e-03
4 96 23 2.6295171425825999e-03
4 96 24 2.2487033739612000e-03
4 96 25 1.9734618917325998e-03
4 96 26 1.7188644857393999e-03
4 96 27 1.5230424989474999e-03
4 96 28 1.3635209656794999e-03
4 96 29 1.2186221723138001e-03
4 96 30 1.0855409511760000e-03
4 96 31 9.9373560076300004e-04
4 96 32 9.0574920585479997e-04
4 96 33 8.5430066415359996e-04
4 96 34 7.9150348940990002e-04
4 96 35 7.3495808768109998e-04
4 96 36 6.8608720399649997e-04
4 96 37 6.3482736499990001e-04
4 96 38 6.0493460298339998e-04
4 96 39 5.6860421867439999e-04
4 96 40 5.4506222083650004e-04
4 96 41 5.2008113428249998e-04
4 96 42 5.0069702655449995e-04
4 96 43 4.6625587220000000e-04
4 96 44 4.5298053861170002e-04
4 96 45 4.3474935413830002e-04
4 96 46 4.2733955652209999e-04
4 96 47 4.1394866226370002e-04
4 96 48 3.9879602838590000e-04
4 96 49 3.8831983578390002e-04
4 96 50 3.7929330345119999e-04
4 96 51 3.6873590980599999e-04
4 96 52 3.6641470182869999e-04
4 96 53 3.5784196356990000e-04
4 96 54 3.5403100329029998e-04
4 96 55 3.4454137750380000e-04
4 96 56 3.4078721006669999e-04
4 96 57 3.3655278946850001e-04
4 96 58 3.2920094016509999e-04
4 96 59 3.2659367987299999e-04
4 96 60 3.1698274720860000e-04
4 96 61 3.1105564146900001e-04
4 96 62 3.3665412367800000e-04
4 96 63 2.7813924664138448e-30
4 104 0 3.8607099906167291e-01
4 104 1 7.1907123137179885e-01
4 104 2 6.8185996547451466e-01
4 104 3 4.6355138821646391e-01
4 104 4 3.1202757253204721e-01
4 104 5 2.1613306177774269e-01
4 104 6 1.5418106434822360e-01
4 104 7 1.1213519579420381e-01
4 104 8 8.3083737404000199e-02
4 104 9 6.2181183664329898e-02
4 104 10 4.7537678601109100e-02
4 104 11 3.5756311942701201e-02
4 104 12 2.7749302567759399e-02
4 104 13 2.1660112686624901e-02
4 104 14 1.7017501363756800e-02
4 104 15 1.3283852299509199e-02
4 104 16 1.0629159622123499e-02
4 104 17 8.7118524787277007e-03
4 104 18 6.9387934909741003e-03
4 104 19 5.7358724132598000e-03
4 104 20 4.8438210738701998e-03
4 104 21 4.0629319311187998e-03
4 104 22 3.4474227459910002e-03
4 104 23 2.9256376110447001e-03
4 104 24 2.5042221314945999e-03
4 104 25 2.1965738019646998e-03
4 104 26 1.9291726275705999e-03
4 104 27 1.7017483916658999e-03
4 104 28 1.5232611588436001e-03
4 104 29 1.3744395084697000e-03
4 104 30 1.2544866482993001e-03
4 104 31 1.1549643991518000e-03
4 104 32 1.0452380636818001e-03
4 104 33 9.6445509469080004e-04
4 104 34 8.9708975728239999e-04
4 104 35 8.4034947378339999e-04
4 104 36 7.7900170653829996e-04
4 104 37 7.3338935995920001e-04
4 104 38 6.9085432810090004e-04
4 104 39 6.6186734998769996e-04
4 104 40 6.2331063264369998e-04
4 104 41 6.0570676055130002e-04
4 104 42 5.7449137032369998e-04
4 104 43 5.4681593992290001e-04
4 104 44 5.3224329197989995e-04
4 104 45 5.1368485452070001e-04
4 104 46 5.0375059199520001e-04
4 104 47 4.9008496800870000e-04
4 104 48 4.6533816395530000e-04
4 104 49 4.6368194736440000e-04
4 104 50 4.4771000140130001e-04
4 104 51 4.4495352758140000e-04
4 104 52 4.3532589621890001e-04
4 104 53 4.2224204946339998e-04
4 104 54 4.1836983939910001e-04
4 104 55 4.1189304230009998e-04
4 104 56 4.0301619762550002e-04
4 104 57 4.0310082570920000e-04
4 104 58 3.9812053838260002e-04
4 104 59 3.8808004755490002e-04
4 104 60 3.8441898569559999e-04
4 104 61 3.8121955952559998e-04
4 104 62 4.2023550185049999e-04
4 104 63 2.9807476903037652e-30
7 0 0 1.1677291300335937e+00
7 0 1 1.0232722405828830e-01
7 0 2 3.3614951598432898e-02
7 0 3 1.3964990866738400e-02
7 0 4 8.1303707332186000e-03
7 0 5 5.1698923183039003e-03
7 0 6 3.5785884309023001e-03
7 0 7 2.6416870957079001e-03
7 0 8 2.0527750083837002e-03
7 0 9 1.6105152913535000e-03
7 0 10 1.2913575718606000e-03
7 0 11 1.0870118552296999e-03
7 0 12 9.1675897955900004e-04
7 0 13 8.0516426334980001e-04
7 0 14 6.9022662464510002e-04
7 0 15 5.9872627232770005e-04
7 0 16 5.3867066778410003e-04
7 0 17 4.8016571178899998e-04
7 0 18 4.2931776768990001e-04
7 0 19 3.9587848338200002e-04
7 0 20 3.5525117885850001e-04
7 0 21 3.3637236850140001e-04
7 0 22 3.0893362004799998e-04
7 0 23 2.8250022973670002e-04
7 0 24 2.5682400729459999e-04
7 0 25 2.4471134671289998e-04
7 0 26 2.3174942963410000e-04
7 0 27 2.1580663458219999e-04
7 0 28 2.0406329022649999e-04
7 0 29 1.9095671237389999e-04
7 0 30 1.8487728498290000e-04
7 0 31 1.7605715273159999e-04
7 0 32 1.6759953985040000e-04
7 0 33 1.6116989171780001e-04
7 0 34 1.5521544732289999e-04
7 0 35 1.5022353558430000e-04
7 0 36 1.4493144069529999e-04
7 0 37 1.3965596757249999e-04
7 0 38 1.3532512331679999e-04
7 0 39 1.2934485084630001e-04
7 0 40 1.2869022661350001e-04
7 0 41 1.2342493009210001e-04
7 0 42 1.2256632552380001e-04
7 0 43 1.1846165153010000e-04
7 0 44 1.1602018682990000e-04
7 0 45 1.1502256644500001e-04
7 0 46 1.1026641557099999e-04
7 0 47 1.0719526994880000e-04
7 0 48 1.0506758193060000e-04
7 0 49 1.0607101176950000e-04
7 0 50 1.0202224795330000e-04
7 0 51 1.0113847833710000e-04
7 0 52 1.0068547052830000e-04
7 0 53 9.9913238009588875e-05
7 0 54 9.7720116008011661e-05
7 0 55 9.7984493183007199e-05
7 0 56 9.7419288680297518e-05
7 0 57 9.7563914679818555e-05
7 0 58 9.6218326105155201e-05
7 0 59 9.4925097969904003e-05
7 0 60 9.4411325771803957e-05
7 0 61 9.4529169838951323e-05
7 0 62 9.5265602682716481e-05
7 0 63 3.1523097367443442e-30
7 8 0 3.6321041300746121e-01
7 8 1 8.5965255931016937e-01
7 8 2 4.1383025516752719e-01
7 8 3 2.1122633672427540e-01
7 8 4 1.1523812879385061e-01
7 8 5 7.0459894023462005e-02
7 8 6 4.1936533319186300e-02
7 8 7 2.6470197119899602e-02
7 8 8 1.7263576063087299e-02
7 8 9 1.1118764526629099e-02
7 8 10 7.3536970737394999e-03
7 8 11 4.9546140346110002e-03
7 8 12 3.4633997401113999e-03
7 8 13 2.4424034444766002e-03
7 8 14 1.8013907185054001e-03
7 8 15 1.3312276116421000e-03
7 8 16 1.0508207608075999e-03
7 8 17 8.1930548753990004e-04
7 8 18 6.8018155878269999e-04
7 8 19 5.6052352820040003e-04
7 8 20 4.8206914746079998e-04
7 8 21 4.2148789420120002e-04
7 8 22 3.7030267670500001e-04
7 8 23 3.3556977721179999e-04
7 8 24 3.0157504763410000e-04
7 8 25 2.7697320534539999e-04
7 8 26 2.5685961098689998e-04
7 8 27 2.3563255512649999e-04
7 8 28 2.2394538983120001e-04
7 8 29 2.0720547161939999e-04
7 8 30 1.9454328532419999e-04
7 8 31 1.8342148541710001e-04
7 8 32 1.7769371892619999e-04
7 8 33 1.6970579785289999e-04
7 8 34 1.6078531423289999e-04
7 8 35 1.5399412816580001e-04
7 8 36 1.4998969854330000e-04
7 8 37 1.4369099882730001e-04
7 8 38 1.3535513530690000e-04
7 8 39 1.3339148329160000e-04
7 8 40 1.2901136877310000e-04
7 8 41 1.2619855880720000e-04
7 8 42 1.2416999685999999e-04
7 8 43 1.1875675111300000e-04
7 8 44 1.1797306183320000e-04
7 8 45 1.1471520465350000e-04
7 8 46 1.1311128005350000e-04
7 8 47 1.1106662904630000e-04
7 8 48 1.0667359532980000e-04
7 8 49 1.0700667341680000e-04
7 8 50 1.0478822357310000e-04
7 8 51 1.0331258244340000e-04
7 8 52 1.0113266471120000e-04
7 8 53 1.0191481746279999e-04
7 8 54 1.0034996393319999e-04
7 8 55 9.7485665860557060e-05
7 8 56 9.7890288631829239e-05
7 8 57 9.8448252624932925e-05
7 8 58 9.7198898868945639e-05
7 8 59 9.6652526663545439e-05
7 8 60 9.5406460904925297e-05
7 8 61 9.3541397021068193e-05
7 8 62 9.5623398261955874e-05
7 8 63 1.7002073221808768e-30
7 16 0 2.4399322608549329e-01
7 16 1 6.0888842338063287e-01
7 16 2 5.2534873663650594e-01
7 16 3 3.0393688041583011e-01
7 16 4 2.0118233011112899e-01
7 16 5 1.2695053748361071e-01
7 16 6 8.4324431265802094e-02
7 16 7 5.8337076693912499e-02
7 16 8 4.1371836372988198e-02
7 16 9 2.9601477239578299e-02
7 16 10 2.1011770031614401e-02
7 16 11 1.5578862596532701e-02
7 16 12 1.1064216118775699e-02
7 16 13 8.1094142390435997e-03
7 16 14 6.0694414723453998e-03
7 16 15 4.4714656838876999e-03
7 16 16 3.3673510834781001e-03
7 16 17 2.5224214894284001e-03
7 16 18 1.9600028555135998e-03
7 16 19 1.5184978270642001e-03
7 16 20 1.2011414306032999e-03
7 16 21 9.4806912559559995e-04
7 16 22 7.7450846167309996e-04
7 16 23 6.5040747444089996e-04
7 16 24 5.5555485445359998e-04
7 16 25 4.5924427521310001e-04
7 16 26 4.0421067089610002e-04
7 16 27 3.5247277405420002e-04
7 16 28 3.0775969494189998e-04
7 16 29 2.7804116011979999e-04
7 16 30 2.5794529560379999e-04
7 16 31 2.3046437771339999e-04
7 16 32 2.1342144557840001e-04
7 16 33 2.0083668192040000e-04
7 16 34 1.8843248015629999e-04
7 16 35 1.7774975293880001e-04
7 16 36 1.6817573963719999e-04
7 16 37 1.5768468481179999e-04
7 16 38 1.5332696493120001e-04
7 16 39 1.4512890056960000e-04
7 16 40 1.4059998507150000e-04
7 16 41 1.3696638732949999e-04
7 16 42 1.3321340318740000e-04
7 16 43 1.2810487112879999e-04
7 16 44 1.2454509938510000e-04
7 16 45 1.1900939395759999e-04
7 16 46 1.1868136506850000e-04
7 16 47 1.1655617173410000e-04
7 16 48 1.1189402252460001e-04
7 16 49 1.1006920486010000e-04
7 16 50 1.0854063183750001e-04
7 16 51 1.0709441318920001e-04
7 16 52 1.0507814832119999e-04
7 16 53 1.0542469246740000e-04
7 16 54 1.0436524383060001e-04
7 16 55 1.0297421234260000e-04
7 16 56 1.0209699837030000e-04
7 16 57 1.0274087745159999e-04
7 16 58 1.0097868443939999e-04
7 16 59 1.0154205113600000e-04
7 16 60 9.8658172832924258e-05
7 16 61 9.9061831752654184e-05
7 16 62 1.0014359900480001e-04
7 16 63 1.6799649958505087e-30
7 32 0 2.5268376376777291e-01
7 32 1 5.8719673230813629e-01
7 32 2 5.0973009797542057e-01
7 32 3 3.3442030646078302e-01
7 32 4 2.1962550768909431e-01
7 32 5 1.4902071912561810e-01
7 32 6 1.0414100716269360e-01
7 32 7 7.2629747856858495e-02
7 32 8 5.2401955524477503e-02
7 32 9 3.8379667069176802e-02
7 32 10 2.8551423955909101e-02
7 32 11 2.0818724257142499e-02
7 32 12 1.5577991094536500e-02
7 32 13 1.1811722038557401e-02
7 32 14 8.8031960063273997e-03
7 32 15 6.5666029679161001e-03
7 32 16 5.2377512653993003e-03
7 32 17 4.0151943573157999e-03
7 32 18 3.1959786554844002e-03
7 32 19 2.5214329835627999e-03
7 32 20 2.0116551288650998e-03
7 32 21 1.6334064030157000e-03
7 32 22 1.3338662865653001e-03
7 32 23 1.1162398341911001e-03
7 32 24 9.2754841118789996e-04
7 32 25 7.9032140163580000e-04
7 32 26 6.7501365903479995e-04
7 32 27 5.8539196267159998e-04
7 32 28 5.0901088087250000e-04
7 32 29 4.5269198242030002e-04
7 32 30 4.0726332410450001e-04
7 32 31 3.6395099148219998e-04
7 32 32 3.2905334492169998e-04
7 32 33 3.0001639498190001e-04
7 32 34 2.7570057286439999e-04
7 32 35 2.5402416721869998e-04
7 32 36 2.3683860520429999e-04
7 32 37 2.1698683974199999e-04
7 32 38 2.0745627390590001e-04
7 32 39 1.9733212860700001e-04
7 32 40 1.8300203983780000e-04
7 32 41 1.7565755921130000e-04
7 32 42 1.6981210052360000e-04
7 32 43 1.6211062649130000e-04
7 32 44 1.5574298351490000e-04
7 32 45 1.4851554942330001e-04
7 32 46 1.4510657794059999e-04
7 32 47 1.4098333190799999e-04
7 32 48 1.3525196435349999e-04
7 32 49 1.3237692888739999e-04
7 32 50 1.2996302162219999e-04
7 32 51 1.2716507384239999e-04
7 32 52 1.2262838692929999e-04
7 32 53 1.2155968112460001e-04
7 32 54 1.2041555622530000e-04
7 32 55 1.1891663242929999e-04
7 32 56 1.1839386059970000e-04
7 32 57 1.1635771702450001e-04
7 32 58 1.1468386482800000e-04
7 32 59 1.1453099730650000e-04
7 32 60 1.1670069146700000e-04
7 32 61 1.1358717769070000e-04
7 32 62 1.1122721920230000e-04
7 32 63 1.9811662474025599e-30
7 48 0 3.1055282589900041e-01
7 48 1 6.4385383096297588e-01
7 48 2 5.4493179479246301e-01
7 48 3 3.4976873502948941e-01
7 48 4 2.2939587260073069e-01
7 48 5 1.5601257154255810e-01
7 48 6 1.0722520356464910e-01
7 48 7 7.6001094515958295e-02
7 48 8 5.3811061235616103e-02
7 48 9 3.8907888881704600e-02
7 48 10 2.8523606278059700e-02
7 48 11 2.1113298147374199e-02
7 48 12 1.5582449454262900e-02
7 48 13 1.1678140096447400e-02
7 48 14 8.7625872310692996e-03
7 48 15 6.7010937034067998e-03
7 48 16 5.2643829630057998e-03
7 48 17 4.1495527759994001e-03
7 48 18 3.2737316671554999e-03
7 48 19 2.6632719182830000e-03
7 48 20 2.1583765557523001e-03
7 48 21 1.7622829264637000e-03
7 48 22 1.4891332883835999e-03
7 48 23 1.2292406823324999e-03
7 48 24 1.0551672975768001e-03
7 48 25 9.1908866851450003e-04
7 48 26 7.9868515627809999e-04
7 48 27 6.9882278475020003e-04
7 48 28 6.1396910745559999e-04
7 48 29 5.3699269749060002e-04
7 48 30 4.8145336342030000e-04
7 48 31 4.4074123559439997e-04
7 48 32 3.9924229430809998e-04
7 48 33 3.6518456184769999e-04
7 48 34 3.3158134612910000e-04
7 48 35 3.0580395258259998e-04
7 48 36 2.8364089307940003e-04
7 48 37 2.6870276095070002e-04
7 48 38 2.4675311602189999e-04
7 48 39 2.3593684445189999e-04
7 48 40 2.2440044979649999e-04
7 48 41 2.1249405266950000e-04
7 48 42 2.0314826403799999e-04
7 48 43 1.9375506986780001e-04
7 48 44 1.8635522650120001e-04
7 48 45 1.7977075847220000e-04
7 48 46 1.7340932819160000e-04
7 48 47 1.6518026867970000e-04
7 48 48 1.6020916771100001e-04
7 48 49 1.5863935768870000e-04
7 48 50 1.5386641731920001e-04
7 48 51 1.4866468493640001e-04
7 48 52 1.4793194375920001e-04
7 48 53 1.4229085959750000e-04
7 48 54 1.4206891066599999e-04
7 48 55 1.3603781313989999e-04
7 48 56 1.3754605620480001e-04
7 48 57 1.3492593276200000e-04
7 48 58 1.3444814234760000e-04
7 48 59 1.3379180029350000e-04
7 48 60 1.2983873680060001e-04
7 48 61 1.2590605755100000e-04
7 48 62 1.2155691605500000e-04
7 48 63 2.1739682208524129e-30
7 64 0 3.7450126709478621e-01
7 64 1 7.0235320875748208e-01
7 64 2 5.9858115657057054e-01
7 64 3 3.8650949965324188e-01
7 64 4 2.5369915933587300e-01
7 64 5 1.6837723276243721e-01
7 64 6 1.1399384278394140e-01
7 64 7 8.1646553301438801e-02
7 64 8 5.7759263354854498e-02
7 64 9 4.2372215048536201e-02
7 64 10 2.9954768639847300e-02
7 64 11 2.2502204666696900e-02
7 64 12 1.6821411069287501e-02
7 64 13 1.2588159589702601e-02
7 64 14 9.5421837639564008e-03
7 64 15 7.5142364628175001e-03
7 64 16 5.8479872307180998e-03
7 64 17 4.6215129209680999e-03
7 64 18 3.7112694036205000e-03
7 64 19 3.0267384396959998e-03
7 64 20 2.4734675169343998e-03
7 64 21 2.0575899897668001e-03
7 64 22 1.7627996106939999e-03
7 64 23 1.4897047474719000e-03
7 64 24 1.2949297873248999e-03
7 64 25 1.1171099290561001e-03
7 64 26 9.7261135575430000e-04
7 64 27 8.6711006127319998e-04
7 64 28 7.7252258109560001e-04
7 64 29 6.9644130460349998e-04
7 64 30 6.2070057348889999e-04
7 64 31 5.6780628735740005e-04
7 64 32 5.2553983136969997e-04
7 64 33 4.8086208756330001e-04
7 64 34 4.4170469872150000e-04
7 64 35 4.1387765128970001e-04
7 64 36 3.8584182181350000e-04
7 64 37 3.5962716019269998e-04
7 64 38 3.4007235426750001e-04
7 64 39 3.1995036205699999e-04
7 64 40 3.0367636597300002e-04
7 64 41 2.8832345502300002e-04
7 64 42 2.7879880529850000e-04
7 64 43 2.6432062833339998e-04
7 64 44 2.5221060052480003e-04
7 64 45 2.4330659919109999e-04
7 64 46 2.3515287854340000e-04
7 64 47 2.2607377353180000e-04
7 64 48 2.2074177683959999e-04
7 64 49 2.1819445622750001e-04
7 64 50 2.0907429789880001e-04
7 64 51 2.0668037404910001e-04
7 64 52 1.9891540662709999e-04
7 64 53 1.9408212233659999e-04
7 64 54 1.8966314854299999e-04
7 64 55 1.8839377817529999e-04
7 64 56 1.8715159176909999e-04
7 64 57 1.8385455420260000e-04
7 64 58 1.8159043908419999e-04
7 64 59 1.7903973413760000e-04
7 64 60 1.7433151868839999e-04
7 64 61 1.6834984988350001e-04
7 64 62 1.7423916340850000e-04
7 64 63 2.4108914278106763e-30
7 72 0 4.1237659041711899e-01
7 72 1 7.4470664195643643e-01
7 72 2 6.3332230974930437e-01
7 72 3 4.1504707076888930e-01
7 72 4 2.6491475721858820e-01
7 72 5 1.8183547130167249e-01
7 72 6 1.2161394194018990e-01
7 72 7 8.5354100319320295e-02
7 72 8 5.9566624394875901e-02
7 72 9 4.3185853953135601e-02
7 72 10 3.1419024682157001e-02
7 72 11 2.3234105959306299e-02
7 72 12 1.7241642566855502e-02
7 72 13 1.3149738633707501e-02
7 72 14 1.0066265768730801e-02
7 72 15 7.9062041380772007e-03
7 72 16 6.1291107205178998e-03
7 72 17 4.9642020302127004e-03
7 72 18 3.9592855933240001e-03
7 72 19 3.2306154466590999e-03
7 72 20 2.7325999100935999e-03
7 72 21 2.2463095785007999e-03
7 72 22 1.8824255000734001e-03
7 72 23 1.6490752969037000e-03
7 72 24 1.4302010336903999e-03
7 72 25 1.2410653506679001e-03
7 72 26 1.1099597769460999e-03
7 72 27 9.8254370885009993e-04
7 72 28 8.7396069264169998e-04
7 72 29 7.9732882840839996e-04
7 72 30 7.2010417047600002e-04
7 72 31 6.5687513474869995e-04
7 72 32 6.0260843432330001e-04
7 72 33 5.5872900960650005e-04
7 72 34 5.2134987128770003e-04
7 72 35 4.8847297859010001e-04
7 72 36 4.5791555874560001e-04
7 72 37 4.3752485081190000e-04
7 72 38 4.0730365949430002e-04
7 72 39 3.8424022096830002e-04
7 72 40 3.7288065132109999e-04
7 72 41 3.5133355089360000e-04
7 72 42 3.3401674456650000e-04
7 72 43 3.2352977151289998e-04
7 72 44 3.1158146571769998e-04
7 72 45 3.0431323402789999e-04
7 72 46 2.9334229198160002e-04
7 72 47 2.8820800404030003e-04
7 72 48 2.7885606474960001e-04
7 72 49 2.7086773488010002e-04
7 72 50 2.6298150094240000e-04
7 72 51 2.5782613803270002e-04
7 72 52 2.5310641341660001e-04
7 72 53 2.4991780103200001e-04
7 72 54 2.4564912902130001e-04
7 72 55 2.3973412011909999e-04
7 72 56 2.3907420897830001e-04
7 72 57 2.3334134869260000e-04
7 72 58 2.2848921905280000e-04
7 72 59 2.2660430126060000e-04
7 72 60 2.2140038060560000e-04
7 72 61 2.1663748720460001e-04
7 72 62 2.4077706688419999e-04
7 72 63 2.5460367697669373e-30
7 80 0 4.5309911486784371e-01
7 80 1 7.7034220891957950e-01
7 80 2 6.9052458636202896e-01
7 80 3 4.4161983440528740e-01
7 80 4 2.8746527416327849e-01
7 80 5 1.9415778616610019e-01
7 80 6 1.3080064478217221e-01
7 80 7 9.0947804503953594e-02
7 80 8 6.4238500933220505e-02
7 80 9 4.6048753183112703e-02
7 80 10 3.3663210744762397e-02
7 80 11 2.4734309839968899e-02
7 80 12 1.8202790814186302e-02
7 80 13 1.4142201906260300e-02
7 80 14 1.0779965271715901e-02
7 80 15 8.3419592367039996e-03
7 80 16 6.6516745696867004e-03
7 80 17 5.3278221689349002e-03
7 80 18 4.3247851857019003e-03
7 80 19 3.4896903468932998e-03
7 80 20 2.9683195902770998e-03
7 80 21 2.4383779722852998e-03
7 80 22 2.1068743636814000e-03
7 80 23 1.8169264368989000e-03
7 80 24 1.5933118179925999e-03
7 80 25 1.3886147946719999e-03
7 80 26 1.2188125851262000e-03
7 80 27 1.0934918776994000e-03
7 80 28 1.0043346516477999e-03
7 80 29 9.0141640501239996e-04
7 80 30 8.1090715236820001e-04
7 80 31 7.4825081914509995e-04
7 80 32 6.9219400263670003e-04
7 80 33 6.5059643634520002e-04
7 80 34 6.2007426378620000e-04
7 80 35 5.7659979257110002e-04
7 80 36 5.4218387228209997e-04
7 80 37 5.1200442912799999e-04
7 80 38 4.8448428119429997e-04
7 80 39 4.6871834514070000e-04
7 80 40 4.5148969317850002e-04
7 80 41 4.3127937322689998e-04
7 80 42 4.1398026205120001e-04
7 80 43 3.9478974970470000e-04
7 80 44 3.8292997068119998e-04
7 80 45 3.7760794903490000e-04
7 80 46 3.6909351797260000e-04
7 80 47 3.5052282716399998e-04
7 80 48 3.3706373241099998e-04
7 80 49 3.3651382669300001e-04
7 80 50 3.3222878556249998e-04
7 80 51 3.2149100691680001e-04
7 80 52 3.2106803545880000e-04
7 80 53 3.1130497496470000e-04
7 80 54 3.0930578183669999e-04
7 80 55 3.0234355597310003e-04
7 80 56 3.0001759150250000e-04
7 80 57 2.9957433381249998e-04
7 80 58 2.9213889688490001e-04
7 80 59 2.8418935524920002e-04
7 80 60 2.7736719515609998e-04
7 80 61 2.8169214202070000e-04
7 80 62 3.2143893466590002e-04
7 80 63 2.6980606762316337e-30
7 88 0 4.8254614027641218e-01
7 88 1 7.7766845408203900e-01
7 88 2 7.3003227816010152e-01
7 88 3 4.7043337992850770e-01
7 88 4 3.0975435964589038e-01
7 88 5 2.0721987738066369e-01
7 88 6 1.4478898146575009e-01
7 88 7 1.0098674241797670e-01
7 88 8 7.1819602094316703e-02
7 88 9 5.3147964293714697e-02
7 88 10 3.7945631411698197e-02
7 88 11 2.8274774022838501e-02
7 88 12 2.1648016018658602e-02
7 88 13 1.6371454353005400e-02
7 88 14 1.2542924039522100e-02
7 88 15 9.5014490536482997e-03
7 88 16 7.6657642617358997e-03
7 88 17 6.1002503709405003e-03
7 88 18 4.9609167979501002e-03
7 88 19 4.0432025880898000e-03
7 88 20 3.3490132273878001e-03
7 88 21 2.8315619660187002e-03
7 88 22 2.4004464892939002e-03
7 88 23 2.0355499239168998e-03
7 88 24 1.7869206203661001e-03
7 88 25 1.5662461676356999e-03
7 88 26 1.3939617143179999e-03
7 88 27 1.2539021599035000e-03
7 88 28 1.1402106865542000e-03
7 88 29 1.0293919457892999e-03
7 88 30 9.4524102869180001e-04
7 88 31 8.6603970115950002e-04
7 88 32 8.0418928015720003e-04
7 88 33 7.5049264700509995e-04
7 88 34 6.9715595494099995e-04
7 88 35 6.6463824426990004e-04
7 88 36 6.2738286599530000e-04
7 88 37 6.0239593399949996e-04
7 88 38 5.6828007107750001e-04
7 88 39 5.4650155911799996e-04
7 88 40 5.2867306850720003e-04
7 88 41 5.0454042415440002e-04
7 88 42 4.8998767521290002e-04
7 88 43 4.6899543304789999e-04
7 88 44 4.5306432648099999e-04
7 88 45 4.4833801137990001e-04
7 88 46 4.3129799928790001e-04
7 88 47 4.2334163129400002e-04
7 88 48 4.1215393289030001e-04
7 88 49 4.0864230740270000e-04
7 88 50 3.9355364674140001e-04
7 88 51 3.8904772495720002e-04
7 88 52 3.8369338576539998e-04
7 88 53 3.7998028104150000e-04
7 88 54 3.7330007189729998e-04
7 88 55 3.7783945562849997e-04
7 88 56 3.6400281176469999e-04
7 88 57 3.5830103831970000e-04
7 88 58 3.5158286155489998e-04
7 88 59 3.4275124072079998e-04
7 88 60 3.3394491580059999e-04
7 88 61 3.4970904801610002e-04
7 88 62 3.9241320755760000e-04
7 88 63 2.9456289033981049e-30
7 96 0 4.9686080644045549e-01
7 96 1 7.7742141769622386e-01
7 96 2 7.4781640566201180e-01
7 96 3 4.8461445807482129e-01
7 96 4 3.2654841818798491e-01
7 96 5 2.2643034082310079e-01
7 96 6 1.5406554670787539e-01
7 96 7 1.1239679641622810e-01
7 96 8 8.0543628689339397e-02
7 96 9 5.9974534472586501e-02
7 96 10 4.5295901707412399e-02
7 96 11 3.3898969322137498e-02
7 96 12 2.5091794679574401e-02
7 96 13 1.9446325479247999e-02
7 96 14 1.4832994792448401e-02
7 96 15 1.1546980420651600e-02
7 96 16 9.0319870950737006e-03
7 96 17 7.1580326997483998e-03
7 96 18 5.7711226817022997e-03
7 96 19 4.7285600682181001e-03
7 96 20 3.9273875682668000e-03
7 96 21 3.3066785040532999e-03
7 96 22 2.7770486140345002e-03
7 96 23 2.4072511592374999e-03
7 96 24 2.0825946364974998e-03
7 96 25 1.8009452293306001e-03
7 96 26 1.6157804696072000e-03
7 96 27 1.4201992387203001e-03
7 96 28 1.2990315022045000e-03
7 96 29 1.1733954673589001e-03
7 96 30 1.0635326531664999e-03
7 96 31 1.0020637842445999e-03
7 96 32 9.1978689188460005e-04
7 96 33 8.5878215514680002e-04
7 96 34 7.9699232809710000e-04
7 96 35 7.6201046028920002e-04
7 96 36 7.2696716066589998e-04
7 96 37 6.8331678007410004e-04
7 96 38 6.5178621035470003e-04
7 96 39 6.1933985642210001e-04
7 96 40 5.9986327411460001e-04
7 96 41 5.7244053802130005e-04
7 96 42 5.5517049598759996e-04
7 96 43 5.3553917470469995e-04
7 96 44 5.1830440371600001e-04
7 96 45 5.0630520229810001e-04
7 96 46 4.9111167422490000e-04
7 96 47 4.8231994216629999e-04
7 96 48 4.7567393763900000e-04
7 96 49 4.5850050562130001e-04
7 96 50 4.5596586449440002e-04
7 96 51 4.4509851540970000e-04
7 96 52 4.2645047956070000e-04
7 96 53 4.2710925167729999e-04
7 96 54 4.2631768308060001e-04
7 96 55 4.2168130939469999e-04
7 96 56 4.1437095688979999e-04
7 96 57 4.0851768823449999e-04
7 96 58 4.0021388852170002e-04
7 96 59 3.8722921542320001e-04
7 96 60 3.9853070003559998e-04
7 96 61 4.1516480162569999e-04
7 96 62 4.3688188940150001e-04
7 96 63 3.1311970265951693e-30
7 104 0 4.9954255346603860e-01
7 104 1 7.6879467214642172e-01
7 104 2 7.4792767778759817e-01
7 104 3 5.0822817042092605e-01
7 104 4 3.4214677504072549e-01
7 104 5 2.3622820756852589e-01
7 104 6 1.6710288607412119e-01
7 104 7 1.2139938391306100e-01
7 104 8 9.0271723116374797e-02
7 104 9 6.6531841742789005e-02
7 104 10 5.1388052157475703e-02
7 104 11 3.9100397288732699e-02
7 104 12 3.0106872605036802e-02
7 104 13 2.3352463751194898e-02
7 104 14 1.8041486788404199e-02
7 104 15 1.4068789517623600e-02
7 104 16 1.1001528857721800e-02
7 104 17 8.6795054702836997e-03
7 104 18 6.9029220311047999e-03
7 104 19 5.6259023031206001e-03
7 104 20 4.6445682951147000e-03
7 104 21 3.8791981245835999e-03
7 104 22 3.2757080376807999e-03
7 104 23 2.8100464477463999e-03
7 104 24 2.3777330236259002e-03
7 104 25 2.1087604889610000e-03
7 104 26 1.8661756378728000e-03
7 104 27 1.6489913422972999e-03
7 104 28 1.4758262280335000e-03
7 104 29 1.3469098408553999e-03
7 104 30 1.2202489278683999e-03
7 104 31 1.1216480127011999e-03
7 104 32 1.0488157361855000e-03
7 104 33 9.7436308855800003e-04
7 104 34 9.0576376259159997e-04
7 104 35 8.6188652005460005e-04
7 104 36 7.9673673518519997e-04
7 104 37 7.5747117507480005e-04
7 104 38 7.2106087194720003e-04
7 104 39 6.9573389403989998e-04
7 104 40 6.7468864510929997e-04
7 104 41 6.4911513222439996e-04
7 104 42 6.2514929639160004e-04
7 104 43 6.0407557952030005e-04
7 104 44 5.7860753948289995e-04
7 104 45 5.6566777912639996e-04
7 104 46 5.5512189134199999e-04
7 104 47 5.4334783078549998e-04
7 104 48 5.2251375898680001e-04
7 104 49 5.1448999047689996e-04
7 104 50 5.1419943238900005e-04
7 104 51 4.9225320515469998e-04
7 104 52 4.9631573309300004e-04
7 104 53 4.8233715979460002e-04
7 104 54 4.7285859202569999e-04
7 104 55 4.7188547498470002e-04
7 104 56 4.6343748625619999e-04
7 104 57 4.6663906270870002e-04
7 104 58 4.4906650606790001e-04
7 104 59 4.4254045683459999e-04
7 104 60 4.3868762313929998e-04
7 104 61 4.6546937668269999e-04
7 104 62 4.8310641685730000e-04
7 104 63 3.2642805428472495e-30
10 0 0 1.1727503694116663e+00
10 0 1 9.6644647056355101e-02
10 0 2 3.0375980882789401e-02
10 0 3 1.3074825599887700e-02
10 0 4 8.2286651664353998e-03
10 0 5 5.0298060818511001e-03
10 0 6 3.5844903051575000e-03
10 0 7 2.6056865942398000e-03
10 0 8 1.9880171676495998e-03
10 0 9 1.5885099677732000e-03
10 0 10 1.3245227144597000e-03
10 0 11 1.0966430610134001e-03
10 0 12 9.1137608998440001e-04
10 0 13 7.8081344980299996e-04
10 0 14 6.9019265214810002e-04
10 0 15 6.0398086367349996e-04
10 0 16 5.4002494005279999e-04
10 0 17 4.7066316880339999e-04
10 0 18 4.3165923010420000e-04
10 0 19 3.9765431148759998e-04
10 0 20 3.6025969397450003e-04
10 0 21 3.2751771463760001e-04
10 0 22 3.0839830149759998e-04
10 0 23 2.8325580946460000e-04
10 0 24 2.6214673114840001e-04
10 0 25 2.5277279331960002e-04
10 0 26 2.3511538495050001e-04
10 0 27 2.1943044362440000e-04
10 0 28 2.0567721329359999e-04
10 0 29 1.9654397344409999e-04
10 0 30 1.8627302970309999e-04
10 0 31 1.7443239612130001e-04
10 0 32 1.7057978398310000e-04
10 0 33 1.6202150801900001e-04
10 0 34 1.5534053872880000e-04
10 0 35 1.4810628179490000e-04
10 0 36 1.4322854650110001e-04
10 0 37 1.3987558685739999e-04
10 0 38 1.3512592247030001e-04
10 0 39 1.3181080831829999e-04
10 0 40 1.2739913252870000e-04
10 0 41 1.2370143719400001e-04
10 0 42 1.1991045146270000e-04
10 0 43 1.1595519198670000e-04
10 0 44 1.1476772105950000e-04
10 0 45 1.1209129967430000e-04
10 0 46 1.1136495233809999e-04
10 0 47 1.0822943176780000e-04
10 0 48 1.0505177642540000e-04
10 0 49 1.0687797465180000e-04
10 0 50 1.0607332574210000e-04
10 0 51 1.0291121886530001e-04
10 0 52 9.9139209675448405e-05
10 0 53 9.8801036022553516e-05
10 0 54 1.0051234643469999e-04
10 0 55 9.7668574003933293e-05
10 0 56 9.7221806074082316e-05
10 0 57 9.6601090794179120e-05
10 0 58 9.4513818872631657e-05
10 0 59 9.5892448926997514e-05
10 0 60 9.4590313721873580e-05
10 0 61 9.4790841257460902e-05
10 0 62 9.4526715896722040e-05
10 0 63 3.1652648764937165e-30
10 8 0 3.0501258524141261e-01
10 8 1 8.1874689466886408e-01
10 8 2 4.6403322167638578e-01
10 8 3 2.5219880856886268e-01
10 8 4 1.3842281854600549e-01
10 8 5 8.5219306703473496e-02
10 8 6 5.1770052993095797e-02
10 8 7 3.3316304015141900e-02
10 8 8 2.2053679246880401e-02
10 8 9 1.4705268154624701e-02
10 8 10 9.6394642199734999e-03
10 8 11 6.5247272618298999e-03
10 8 12 4.4400724772522999e-03
10 8 13 3.1483881498824999e-03
10 8 14 2.2887467812090999e-03
10 8 15 1.6843026736747999e-03
10 8 16 1.2843431894541001e-03
10 8 17 9.7921039692050005e-04
10 8 18 7.8664427961310001e-04
10 8 19 6.3979496487489998e-04
10 8 20 5.3066379801730004e-04
10 8 21 4.6031852336869997e-04
10 8 22 4.0285354307990001e-04
10 8 23 3.5441896074390002e-04
10 8 24 3.1211081535060002e-04
10 8 25 2.8859052883660003e-04
10 8 26 2.6387225428710001e-04
10 8 27 2.4509333731700001e-04
10 8 28 2.2700604176030000e-04
10 8 29 2.1263900821440001e-04
10 8 30 2.0007363131430001e-04
10 8 31 1.8764502186010000e-04
10 8 32 1.8069622885540001e-04
10 8 33 1.6859634895979999e-04
10 8 34 1.6222718624120001e-04
10 8 35 1.5882989400419999e-04
10 8 36 1.4868622180830000e-04
10 8 37 1.4435421107670000e-04
10 8 38 1.3968764604680001e-04
10 8 39 1.3411560332379999e-04
10 8 40 1.3029202069640000e-04
10 8 41 1.2669201258890000e-04
10 8 42 1.2192083969770000e-04
10 8 43 1.1952085884890001e-04
10 8 44 1.1602368395720000e-04
10 8 45 1.1329967327670000e-04
10 8 46 1.1169511018770000e-04
10 8 47 1.1031146933839999e-04
10 8 48 1.0766651359840000e-04
10 8 49 1.0508782134620000e-04
10 8 50 1.0534826752030000e-04
10 8 51 1.0124889781479999e-04
10 8 52 1.0329388881690001e-04
10 8 53 9.9395317794630434e-05
10 8 54 9.9653803146547941e-05
10 8 55 9.8113552442716506e-05
10 8 56 9.8182592189620681e-05
10 8 57 9.6223319597244194e-05
10 8 58 9.5685566674721446e-05
10 8 59 9.7151997031559085e-05
10 8 60 9.6912954065607641e-05
10 8 61 9.6752871596866619e-05
10 8 62 9.7508585020863962e-05
10 8 63 1.6064076351505199e-30
10 16 0 2.4247268740631289e-01
10 16 1 6.3197610922467284e-01
10 16 2 5.0130319353384922e-01
10 16 3 3.2417105300550358e-01
10 16 4 1.9737803950033289e-01
10 16 5 1.3102687415110889e-01
10 16 6 8.6397679960616106e-02
10 16 7 5.9683362421160603e-02
10 16 8 4.1786017398668697e-02
10 16 9 2.9636728192075398e-02
10 16 10 2.1227541076948998e-02
10 16 11 1.5452368203525999e-02
10 16 12 1.1186498685891199e-02
10 16 13 8.0969099849784992e-03
10 16 14 5.8752806958999003e-03
10 16 15 4.3570466315499996e-03
10 16 16 3.3242427549852000e-03
10 16 17 2.4875141802583999e-03
10 16 18 1.8882785548811000e-03
10 16 19 1.4734179486287000e-03
10 16 20 1.1865971776858001e-03
10 16 21 9.5418154147120003e-04
10 16 22 7.6720920298309998e-04
10 16 23 6.5048497809349997e-04
10 16 24 5.3383995727019999e-04
10 16 25 4.6337486015250002e-04
10 16 26 4.0094194900840000e-04
10 16 27 3.4629441848380000e-04
10 16 28 3.0610063404380001e-04
10 16 29 2.7570428236109998e-04
10 16 30 2.5475328162980003e-04
10 16 31 2.3569336203410000e-04
10 16 32 2.1164041532590000e-04
10 16 33 2.0138964290299999e-04
10 16 34 1.8686470237850000e-04
10 16 35 1.7861237569940001e-04
10 16 36 1.6770837555140001e-04
10 16 37 1.6120700031759999e-04
10 16 38 1.5341829597620001e-04
10 16 39 1.4553326253840000e-04
10 16 40 1.4211635387920000e-04
10 16 41 1.3404538697230000e-04
10 16 42 1.3063524864279999e-04
10 16 43 1.2861466297440000e-04
10 16 44 1.2601547318439999e-04
10 16 45 1.1917745173150000e-04
10 16 46 1.1875670034559999e-04
10 16 47 1.1608405611090001e-04
10 16 48 1.1314782571960000e-04
10 16 49 1.1021117427859999e-04
10 16 50 1.0950984054400000e-04
10 16 51 1.0872739326070000e-04
10 16 52 1.0602098831950000e-04
10 16 53 1.0438604235060000e-04
10 16 54 1.0298540764860001e-04
10 16 55 1.0160394246849999e-04
10 16 56 1.0036941472730000e-04
10 16 57 9.9524955788163639e-05
10 16 58 1.0051688757310000e-04
10 16 59 1.0000271506160000e-04
10 16 60 9.8573259163398322e-05
10 16 61 9.9832639466155120e-05
10 16 62 9.8553432972237195e-05
10 16 63 1.7151081792392570e-30
10 32 0 2.9839036449608691e-01
10 32 1 6.4611562202457173e-01
10 32 2 5.2048048685800641e-01
10 32 3 3.2892364511184630e-01
10 32 4 2.0807713946218220e-01
10 32 5 1.3702235333397020e-01
10 32 6 9.4954001100376703e-02
10 32 7 6.4738043351849295e-02
10 32 8 4.6233104069084700e-02
10 32 9 3.2725581529411699e-02
10 32 10 2.3233074310196201e-02
10 32 11 1.6941362047474401e-02
10 32 12 1.2366201109531001e-02
10 32 13 9.1726585074557998e-03
10 32 14 6.7818848416111004e-03
10 32 15 5.2028189766179997e-03
10 32 16 3.9822169362206004e-03
10 32 17 3.1018085337004000e-03
10 32 18 2.4751782918053002e-03
10 32 19 1.9424061171352000e-03
10 32 20 1.5581913373953001e-03
10 32 21 1.2930875140453001e-03
10 32 22 1.0590150998113000e-03
10 32 23 9.0634257975939997e-04
10 32 24 7.5433397096040002e-04
10 32 25 6.4485585080690004e-04
10 32 26 5.6692345600659999e-04
10 32 27 4.9369062572350000e-04
10 32 28 4.3569669877650000e-04
10 32 29 3.9086629608419999e-04
10 32 30 3.5226433891610002e-04
10 32 31 3.2158062671340000e-04
10 32 32 2.9394509720729998e-04
10 32 33 2.6874601927899999e-04
10 32 34 2.5042178180279998e-04
10 32 35 2.3182274126860001e-04
10 32 36 2.1319059155110000e-04
10 32 37 1.9576027223020001e-04
10 32 38 1.9040361176550001e-04
10 32 39 1.7861680682189999e-04
10 32 40 1.7100869204630001e-04
10 32 41 1.6328713657680000e-04
10 32 42 1.5510359907589999e-04
10 32 43 1.4968761535640000e-04
10 32 44 1.4560124564550001e-04
10 32 45 1.4065838040290001e-04
10 32 46 1.3386726668280000e-04
10 32 47 1.3123981543099999e-04
10 32 48 1.2853081839040001e-04
10 32 49 1.2564080506089999e-04
10 32 50 1.2202247243469999e-04
10 32 51 1.2141646088910000e-04
10 32 52 1.1748610988109999e-04
10 32 53 1.1679739090020000e-04
10 32 54 1.1328081567329999e-04
10 32 55 1.1173226068810001e-04
10 32 56 1.1009116885280000e-04
10 32 57 1.1068163778590000e-04
10 32 58 1.1032215882350000e-04
10 32 59 1.0722639628220000e-04
10 32 60 1.0939686783960000e-04
10 32 61 1.0529819707790000e-04
10 32 62 1.0192078258690000e-04
10 32 63 1.9878910730522324e-30
10 48 0 3.6240709089789991e-01
10 48 1 7.0822271909712842e-01
10 48 2 5.6632104739763511e-01
10 48 3 3.6339922564515781e-01
10 48 4 2.2629044381791050e-01
10 48 5 1.5032742441723390e-01
10 48 6 1.0013981610446730e-01
10 48 7 6.9184208250144805e-02
10 48 8 4.8401629437722297e-02
10 48 9 3.3834430419190903e-02
10 48 10 2.4362683835937898e-02
10 48 11 1.7270270829844600e-02
10 48 12 1.2828610059657400e-02
10 48 13 9.6718721162859008e-03
10 48 14 7.2476764131010002e-03
10 48 15 5.4803444167602000e-03
10 48 16 4.3578855999229001e-03
10 48 17 3.3731121484843998e-03
10 48 18 2.6926706401654002e-03
10 48 19 2.2071858576435000e-03
10 48 20 1.8036670559007000e-03
10 48 21 1.4872113756506000e-03
10 48 22 1.2488938321629001e-03
10 48 23 1.0575064269502000e-03
10 48 24 9.0232867651689999e-04
10 48 25 7.8712140660059998e-04
10 48 26 6.9089946965360000e-04
10 48 27 6.1164482784049998e-04
10 48 28 5.5022197205520005e-04
10 48 29 4.8278779000180002e-04
10 48 30 4.4717150378279999e-04
10 48 31 3.9984399470040000e-04
10 48 32 3.6685754264089999e-04
10 48 33 3.3831060304820000e-04
10 48 34 3.0966939294360001e-04
10 48 35 2.8267063703170002e-04
10 48 36 2.7281208395669998e-04
10 48 37 2.5406053988850003e-04
10 48 38 2.3905867572639999e-04
10 48 39 2.2579199662040001e-04
10 48 40 2.1560214197099999e-04
10 48 41 2.0655893769439999e-04
10 48 42 1.9507649598599999e-04
10 48 43 1.8478553867440001e-04
10 48 44 1.7909724672830001e-04
10 48 45 1.7377195392580001e-04
10 48 46 1.6910522466000001e-04
10 48 47 1.6476193228520000e-04
10 48 48 1.5668198778099999e-04
10 48 49 1.5243321164150000e-04
10 48 50 1.4865061635369999e-04
10 48 51 1.4606103330570000e-04
10 48 52 1.4235353995619999e-04
10 48 53 1.3962555002420001e-04
10 48 54 1.3978217489210001e-04
10 48 55 1.3593225652639999e-04
10 48 56 1.3471785577829999e-04
10 48 57 1.3229793929149999e-04
10 48 58 1.3027895990700000e-04
10 48 59 1.2894818638810001e-04
10 48 60 1.2502993342040000e-04
10 48 61 1.2287437110760000e-04
10 48 62 1.2067058391030000e-04
10 48 63 2.2021672878441465e-30
10 64 0 4.5702844822402527e-01
10 64 1 7.6341735336557204e-01
10 64 2 6.5687946582421008e-01
10 64 3 4.1132339689106201e-01
10 64 4 2.6022236212751437e-01
10 64 5 1.6473537706159011e-01
10 64 6 1.1275514771517380e-01
10 64 7 7.5452821634765202e-02
10 64 8 5.1999169068088498e-02
10 64 9 3.6901176758910303e-02
10 64 10 2.6394621953246499e-02
10 64 11 1.9093044793888899e-02
10 64 12 1.4054837592787899e-02
10 64 13 1.0430502877966900e-02
10 64 14 7.9496048272990998e-03
10 64 15 6.2124571890116997e-03
10 64 16 4.8559480202065002e-03
10 64 17 3.8308643449042998e-03
10 64 18 3.0753864858884001e-03
10 64 19 2.5495430684505998e-03
10 64 20 2.1153613162706998e-03
10 64 21 1.8022563592067001e-03
10 64 22 1.5032387974583000e-03
10 64 23 1.3025928502905001e-03
10 64 24 1.1373026540771000e-03
10 64 25 1.0052277684236000e-03
10 64 26 8.9138476766149996e-04
10 64 27 8.0165804539150004e-04
10 64 28 7.2754598306700000e-04
10 64 29 6.5380909549330000e-04
10 64 30 6.0938854108380004e-04
10 64 31 5.6170233652239998e-04
10 64 32 5.1333529002400000e-04
10 64 33 4.8244518359260002e-04
10 64 34 4.5034444974780002e-04
10 64 35 4.1919324748249998e-04
10 64 36 3.9335515948850001e-04
10 64 37 3.7717859709230001e-04
10 64 38 3.5373858223270002e-04
10 64 39 3.4499790482010002e-04
10 64 40 3.3196124083120001e-04
10 64 41 3.1624347447200001e-04
10 64 42 2.9791232886280001e-04
10 64 43 2.8998558041230002e-04
10 64 44 2.8298795043770001e-04
10 64 45 2.7594167029529998e-04
10 64 46 2.6313986521920001e-04
10 64 47 2.5665919689790001e-04
10 64 48 2.4953614258060001e-04
10 64 49 2.4471250527830001e-04
10 64 50 2.4154948984020001e-04
10 64 51 2.3677880275540001e-04
10 64 52 2.3251734310899999e-04
10 64 53 2.2482655587789999e-04
10 64 54 2.2339474762380000e-04
10 64 55 2.2038197745770000e-04
10 64 56 2.1778707028859999e-04
10 64 57 2.1604367900840001e-04
10 64 58 2.1303781236839999e-04
10 64 59 2.0833854291530001e-04
10 64 60 1.9969169019309999e-04
10 64 61 1.9833422536190000e-04
10 64 62 2.2972024291700001e-04
10 64 63 2.4959219134499926e-30
10 72 0 5.0945628914773011e-01
10 72 1 8.0156314774896376e-01
10 72 2 7.0722318242218152e-01
10 72 3 4.3960639042722982e-01
10 72 4 2.8030376911393479e-01
10 72 5 1.8330203345874710e-01
10 72 6 1.2094273406882150e-01
10 72 7 8.2215719668703904e-02
10 72 8 5.6669907357980102e-02
10 72 9 4.0025785158831401e-02
10 72 10 2.8714209600705701e-02
10 72 11 2.0724586490939299e-02
10 72 12 1.5116968104300001e-02
10 72 13 1.1541623615755300e-02
10 72 14 8.7999090990423991e-03
10 72 15 6.7305820748658996e-03
10 72 16 5.2936098838658003e-03
10 72 17 4.1666986366362003e-03
10 72 18 3.4898855146073002e-03
10 72 19 2.8147400604531000e-03
10 72 20 2.3602806596357000e-03
10 72 21 1.9832236311464000e-03
10 72 22 1.6954336539182001e-03
10 72 23 1.4665894840800999e-03
10 72 24 1.2637360583141999e-03
10 72 25 1.1406522650272001e-03
10 72 26 1.0175820010871000e-03
10 72 27 9.2372715028490003e-04
10 72 28 8.3772730816669997e-04
10 72 29 7.6041682988430004e-04
10 72 30 6.9341178219300005e-04
10 72 31 6.4966329448849997e-04
10 72 32 6.0501884033529996e-04
10 72 33 5.6143219613080002e-04
10 72 34 5.3166275387509995e-04
10 72 35 4.9541112096779998e-04
10 72 36 4.8486636627919998e-04
10 72 37 4.4904997164930000e-04
10 72 38 4.3327033305380001e-04
10 72 39 4.1470417032529999e-04
10 72 40 4.0123186527289998e-04
10 72 41 3.9234081254250000e-04
10 72 42 3.7044623347459997e-04
10 72 43 3.5888316404199998e-04
10 72 44 3.4831969298660000e-04
10 72 45 3.4227155203280001e-04
10 72 46 3.3153290041970001e-04
10 72 47 3.2513912024589999e-04
10 72 48 3.1881240766250003e-04
10 72 49 3.1124166328409998e-04
10 72 50 3.0749384432320000e-04
10 72 51 3.0158477993550000e-04
10 72 52 2.8934947480970002e-04
10 72 53 2.9129715625259998e-04
10 72 54 2.8899970246929998e-04
10 72 55 2.8720507134860000e-04
10 72 56 2.8253322330080001e-04
10 72 57 2.7838339884320000e-04
10 72 58 2.7622593635189999e-04
10 72 59 2.6945015525119999e-04
10 72 60 2.6524328637290002e-04
10 72 61 2.6449330140420002e-04
10 72 62 3.1338528079560000e-04
10 72 63 2.7077195920336718e-30
10 80 0 5.3562312790985989e-01
10 80 1 8.1414536221088252e-01
10 80 2 7.4062426549355498e-01
10 80 3 4.7835960265105509e-01
10 80 4 3.0751583930016507e-01
10 80 5 2.0428211642824060e-01
10 80 6 1.3556172672777439e-01
10 80 7 9.4577437933044906e-02
10 80 8 6.6171156288922298e-02
10 80 9 4.7357320749258199e-02
10 80 10 3.3669207753012298e-02
10 80 11 2.4409612844561501e-02
10 80 12 1.8033387175403301e-02
10 80 13 1.3648911132327400e-02
10 80 14 1.0453445132579901e-02
10 80 15 7.9694408248913995e-03
10 80 16 6.2842148642271002e-03
10 80 17 5.0078548657055003e-03
10 80 18 4.0048978691827998e-03
10 80 19 3.2868739954894002e-03
10 80 20 2.7249420074770998e-03
10 80 21 2.2647881378812002e-03
10 80 22 1.9884445921540001e-03
10 80 23 1.7106717168991000e-03
10 80 24 1.4887623567993000e-03
10 80 25 1.3142001580722000e-03
10 80 26 1.1625096282406001e-03
10 80 27 1.0458384129644999e-03
10 80 28 9.5588323851500000e-04
10 80 29 8.8315666914959995e-04
10 80 30 8.0880210219210001e-04
10 80 31 7.5841743861199996e-04
10 80 32 7.0461430721240005e-04
10 80 33 6.5168549772959999e-04
10 80 34 6.1954954686819998e-04
10 80 35 5.8637143618060002e-04
10 80 36 5.6031304550240003e-04
10 80 37 5.3247468575200001e-04
10 80 38 5.0379845687910005e-04
10 80 39 4.9318286731080000e-04
10 80 40 4.7115372029960000e-04
10 80 41 4.5780561930590000e-04
10 80 42 4.3800715262489999e-04
10 80 43 4.2324552220700002e-04
10 80 44 4.0715712424409999e-04
10 80 45 3.9792965136579999e-04
10 80 46 3.9644275656439999e-04
10 80 47 3.8452126929100001e-04
10 80 48 3.7696505464040000e-04
10 80 49 3.6839945339640001e-04
10 80 50 3.6295879034629999e-04
10 80 51 3.5906594772830002e-04
10 80 52 3.4971482418650002e-04
10 80 53 3.5261003623930003e-04
10 80 54 3.4441888494539998e-04
10 80 55 3.4078843834789999e-04
10 80 56 3.3689131135479999e-04
10 80 57 3.3467378096770003e-04
10 80 58 3.2437267040060001e-04
10 80 59 3.1689271854440002e-04
10 80 60 3.0752812696790001e-04
10 80 61 3.2672586610460003e-04
10 80 62 3.6869011494129999e-04
10 80 63 2.9286229984153600e-30
10 88 0 5.5052719526212213e-01
10 88 1 8.1143476380974322e-01
10 88 2 7.6724305259385206e-01
10 88 3 4.9495412116596771e-01
10 88 4 3.2036725494262092e-01
10 88 5 2.2010682253886110e-01
10 88 6 1.5138860605736201e-01
10 88 7 1.0506449471150470e-01
10 88 8 7.5576761328780995e-02
10 88 9 5.6026666523381098e-02
10 88 10 4.0732886497715698e-02
10 88 11 3.0350822914727599e-02
10 88 12 2.2283443723316899e-02
10 88 13 1.6719391453360200e-02
10 88 14 1.2793190841035600e-02
10 88 15 9.7563000661033995e-03
10 88 16 7.5707482792330997e-03
10 88 17 6.0673196422271003e-03
10 88 18 4.8961806989481996e-03
10 88 19 3.9755353856453998e-03
10 88 20 3.2646403444646999e-03
10 88 21 2.7361167727394001e-03
10 88 22 2.3391528936993001e-03
10 88 23 2.0500266901931001e-03
10 88 24 1.7348775796257000e-03
10 88 25 1.5056454197716999e-03
10 88 26 1.3594967203017000e-03
10 88 27 1.2057101313463999e-03
10 88 28 1.0981515505068000e-03
10 88 29 1.0031264349875000e-03
10 88 30 9.4237514988209997e-04
10 88 31 8.6642144717360005e-04
10 88 32 8.0566997216270002e-04
10 88 33 7.5047638457249996e-04
10 88 34 7.1079545054410003e-04
10 88 35 6.6931189753170002e-04
10 88 36 6.4389793793650000e-04
10 88 37 6.0534260469390002e-04
10 88 38 5.7774404545630001e-04
10 88 39 5.6488604503289995e-04
10 88 40 5.3416675744249998e-04
10 88 41 5.1230295320800001e-04
10 88 42 5.0813555638580001e-04
10 88 43 4.8946959370220000e-04
10 88 44 4.7113527947509999e-04
10 88 45 4.5971777483719999e-04
10 88 46 4.4596581022709997e-04
10 88 47 4.3742057055279999e-04
10 88 48 4.3240400926509997e-04
10 88 49 4.2617917235400000e-04
10 88 50 4.1033939135669999e-04
10 88 51 4.0646755971049999e-04
10 88 52 4.0003905707959998e-04
10 88 53 3.9340164132599999e-04
10 88 54 3.9163459941330000e-04
10 88 55 3.8768970460760000e-04
10 88 56 3.7852774092550002e-04
10 88 57 3.7519267268920002e-04
10 88 58 3.7127298927110001e-04
10 88 59 3.6691668648589998e-04
10 88 60 3.5992154516300000e-04
10 88 61 3.8678271111040001e-04
10 88 62 4.0667257196710000e-04
10 88 63 3.1446953754980896e-30
10 96 0 5.5248949317697882e-01
10 96 1 8.0362565648002648e-01
10 96 2 7.7131602853927927e-01
10 96 3 4.9890285046333438e-01
10 96 4 3.3485717839600448e-01
10 96 5 2.3648054718268369e-01
10 96 6 1.6240884898771391e-01
10 96 7 1.1685092496297420e-01
10 96 8 8.4995537199658897e-02
10 96 9 6.3396852638849005e-02
10 96 10 4.7716773913152197e-02
10 96 11 3.5779520283738597e-02
10 96 12 2.6990690973223399e-02
10 96 13 2.0839527809408499e-02
10 96 14 1.5837802152044899e-02
10 96 15 1.2296988822501499e-02
10 96 16 9.5611235737391009e-03
10 96 17 7.5148375978973999e-03
10 96 18 6.0921156354524003e-03
10 96 19 4.7639693196335998e-03
10 96 20 3.9103288217250997e-03
10 96 21 3.2894469205885998e-03
10 96 22 2.8194488909044002e-03
10 96 23 2.4046380092675999e-03
10 96 24 2.0680946248964002e-03
10 96 25 1.8314472126598001e-03
10 96 26 1.6049158470717001e-03
10 96 27 1.4260453218059000e-03
10 96 28 1.2989096197591999e-03
10 96 29 1.1750603515373000e-03
10 96 30 1.0739124846321001e-03
10 96 31 9.8424257130349992e-04
10 96 32 9.1495947985159999e-04
10 96 33 8.6274352787120000e-04
10 96 34 8.1811158554680001e-04
10 96 35 7.6518367790959999e-04
10 96 36 7.2110493426049999e-04
10 96 37 6.8817839560909996e-04
10 96 38 6.5851085097240003e-04
10 96 39 6.3389676319899999e-04
10 96 40 6.0704424726739997e-04
10 96 41 5.7892206511789995e-04
10 96 42 5.6549265992840003e-04
10 96 43 5.5054986053180001e-04
10 96 44 5.2707921631360002e-04
10 96 45 5.2449062574780000e-04
10 96 46 5.0710411236430002e-04
10 96 47 4.8871194924010001e-04
10 96 48 4.8918795725060005e-04
10 96 49 4.7482062634330002e-04
10 96 50 4.6410977178189998e-04
10 96 51 4.5746527473230000e-04
10 96 52 4.4568870969510002e-04
10 96 53 4.4110736443430000e-04
10 96 54 4.4203000473670001e-04
10 96 55 4.3647921084920000e-04
10 96 56 4.1950680949080001e-04
10 96 57 4.2694569850430000e-04
10 96 58 4.1111823460359998e-04
10 96 59 4.0200986387519999e-04
10 96 60 3.9872840895000000e-04
10 96 61 4.3256445774950001e-04
10 96 62 4.4107611014559999e-04
10 96 63 3.2956934446323783e-30
10 104 0 5.3860965577176745e-01
10 104 1 7.9048166966359368e-01
10 104 2 7.8054994451876170e-01
10 104 3 5.0767069992105585e-01
10 104 4 3.4872563221481762e-01
10 104 5 2.4586641607671131e-01
10 104 6 1.7581251741672141e-01
10 104 7 1.2721375113613381e-01
10 104 8 9.5057134898548001e-02
10 104 9 7.0819509797976701e-02
10 104 10 5.3915877656523899e-02
10 104 11 4.1804663710559999e-02
10 104 12 3.2770365677535003e-02
10 104 13 2.4979724653690499e-02
10 104 14 1.9472357110460300e-02
10 104 15 1.5269521468134799e-02
10 104 16 1.2184046215436700e-02
10 104 17 9.3803742724286997e-03
10 104 18 7.4287570023841001e-03
10 104 19 6.0427841259459002e-03
10 104 20 4.8987964361390003e-03
10 104 21 4.0080989404396002e-03
10 104 22 3.3384742813082000e-03
10 104 23 2.8627571818744999e-03
10 104 24 2.4679596702298998e-03
10 104 25 2.1078440930969002e-03
10 104 26 1.8813686710458001e-03
10 104 27 1.6749890696644001e-03
10 104 28 1.4908474630733999e-03
10 104 29 1.3508737266198999e-03
10 104 30 1.2439649284695000e-03
10 104 31 1.1331462980502000e-03
10 104 32 1.0522024273609001e-03
10 104 33 9.8028279264349995e-04
10 104 34 9.1264034873550005e-04
10 104 35 8.7566212197839996e-04
10 104 36 8.2492490864519998e-04
10 104 37 7.7370070696919997e-04
10 104 38 7.3360820134910000e-04
10 104 39 7.1707776312830002e-04
10 104 40 6.8867861965890001e-04
10 104 41 6.5892638328780004e-04
10 104 42 6.3797413786129999e-04
10 104 43 6.1266010707620002e-04
10 104 44 5.9454915050720001e-04
10 104 45 5.8169852008499998e-04
10 104 46 5.6964136367560001e-04
10 104 47 5.5385508964659995e-04
10 104 48 5.3990956233650005e-04
10 104 49 5.3022241498590003e-04
10 104 50 5.2286104740049998e-04
10 104 51 5.1405120547839999e-04
10 104 52 5.0774899256600002e-04
10 104 53 4.9229148055690000e-04
10 104 54 4.9362799454410002e-04
10 104 55 4.8362266545469998e-04
10 104 56 4.7429731105579998e-04
10 104 57 4.6774372466170002e-04
10 104 58 4.5735000840110000e-04
10 104 59 4.5526664572019998e-04
10 104 60 4.5315016764500002e-04
10 104 61 4.9192462862070001e-04
10 104 62 4.8665792930530002e-04
10 104 63 3.4587943560083494e-30
13 0 0 1.1651971994410015e+00
13 0 1 1.1280392723046580e-01
13 0 2 2.9256748743122601e-02
13 0 3 1.3416708608148999e-02
13 0 4 7.9497184798705996e-03
13 0 5 5.0444899804006002e-03
13 0 6 3.5115655129861999e-03
13 0 7 2.5934232858590999e-03
13 0 8 1.9836905922820999e-03
13 0 9 1.5859932885109000e-03
13 0 10 1.3085172710467999e-03
13 0 11 1.0853657697409000e-03
13 0 12 9.2543547244079997e-04
13 0 13 7.8481227193520002e-04
13 0 14 6.9434294971080005e-04
13 0 15 5.9894082963209995e-04
13 0 16 5.3245858169190003e-04
13 0 17 4.7886570617669999e-04
13 0 18 4.2829153117840001e-04
13 0 19 3.9345553904130001e-04
13 0 20 3.6241683300820002e-04
13 0 21 3.3208509718610002e-04
13 0 22 3.0250901850190000e-04
13 0 23 2.8406492550810000e-04
13 0 24 2.6680107270790003e-04
13 0 25 2.4521159141110000e-04
13 0 26 2.2857861410620001e-04
13 0 27 2.1663580165159999e-04
13 0 28 2.0689139564780001e-04
13 0 29 1.9379660207530000e-04
13 0 30 1.8517270999469999e-04
13 0 31 1.7635095253239999e-04
13 0 32 1.6541367226000000e-04
13 0 33 1.6450509218269999e-04
13 0 34 1.5505954143880000e-04
13 0 35 1.4923954587139999e-04
13 0 36 1.4148005695900000e-04
13 0 37 1.4032841160829999e-04
13 0 38 1.3521462348929999e-04
13 0 39 1.3012708311840000e-04
13 0 40 1.2873599799969999e-04
13 0 41 1.2348813870089999e-04
13 0 42 1.1853375686150000e-04
13 0 43 1.1699927564000000e-04
13 0 44 1.1373149421370001e-04
13 0 45 1.1244782959840000e-04
13 0 46 1.1111443252499999e-04
13 0 47 1.0832606397530000e-04
13 0 48 1.0695724323890000e-04
13 0 49 1.0548697362050000e-04
13 0 50 1.0448324891070000e-04
13 0 51 1.0237807905730000e-04
13 0 52 1.0125920817010000e-04
13 0 53 9.9616127333497319e-05
13 0 54 9.8508463807753596e-05
13 0 55 9.6645789320076660e-05
13 0 56 9.8526742842171440e-05
13 0 57 9.5953220303681447e-05
13 0 58 9.5185390463280880e-05
13 0 59 9.5131396833238004e-05
13 0 60 9.4871638615974183e-05
13 0 61 9.4320041074307765e-05
13 0 62 9.4824122454302299e-05
13 0 63 3.1569982181226935e-30
13 8 0 2.8996160485915140e-01
13 8 1 7.4921620104107389e-01
13 8 2 5.0237526057367088e-01
13 8 3 2.7238081658570468e-01
13 8 4 1.5036968875766071e-01
13 8 5 9.4228636992644402e-02
13 8 6 5.8669210733708801e-02
13 8 7 3.8786978089617501e-02
13 8 8 2.5110644424928202e-02
13 8 9 1.7342175354675301e-02
13 8 10 1.1664277021577600e-02
13 8 11 7.7503430754155000e-03
13 8 12 5.4623425529809000e-03
13 8 13 3.7680902785725999e-03
13 8 14 2.7042219168690999e-03
13 8 15 1.9775543328255001e-03
13 8 16 1.4923374698874001e-03
13 8 17 1.1152318369545000e-03
13 8 18 8.9537284640179996e-04
13 8 19 7.1756886698769997e-04
13 8 20 5.8321084777349997e-04
13 8 21 4.9466073742350004e-04
13 8 22 4.2391500803330001e-04
13 8 23 3.7216575657720002e-04
13 8 24 3.2343522147610000e-04
13 8 25 2.9040984549630002e-04
13 8 26 2.7057495179340000e-04
13 8 27 2.4472787593400001e-04
13 8 28 2.3010236250860000e-04
13 8 29 2.1232236719240000e-04
13 8 30 1.9960681957660001e-04
13 8 31 1.9008482207110000e-04
13 8 32 1.7926077233999999e-04
13 8 33 1.6835779324330001e-04
13 8 34 1.6349771136810000e-04
13 8 35 1.5563433378330000e-04
13 8 36 1.4802759092120000e-04
13 8 37 1.4220704349050001e-04
13 8 38 1.3792289984790001e-04
13 8 39 1.3417294316920000e-04
13 8 40 1.3037513041239999e-04
13 8 41 1.2688526304110000e-04
13 8 42 1.2232736321920001e-04
13 8 43 1.1998647303150000e-04
13 8 44 1.1800164718600001e-04
13 8 45 1.1484144684219999e-04
13 8 46 1.1192901142290000e-04
13 8 47 1.1075776221770000e-04
13 8 48 1.0903889841420000e-04
13 8 49 1.0601709910240000e-04
13 8 50 1.0506474496900000e-04
13 8 51 1.0341337059380000e-04
13 8 52 1.0189699878460000e-04
13 8 53 1.0247755499109999e-04
13 8 54 1.0097529813070001e-04
13 8 55 9.9423949207085518e-05
13 8 56 9.8061321666327806e-05
13 8 57 9.8385488162105696e-05
13 8 58 9.8571424926598535e-05
13 8 59 9.7969753184820797e-05
13 8 60 9.7520134583344619e-05
13 8 61 9.4530979619342233e-05
13 8 62 9.5658299435362923e-05
13 8 63 1.5504855637856745e-30
13 16 0 2.6446451799687898e-01
13 16 1 6.3876108169488177e-01
13 16 2 5.0149004527503904e-01
13 16 3 3.1545138520473959e-01
13 16 4 1.9304933413610831e-01
13 16 5 1.2739379927404240e-01
13 16 6 8.3232750705779804e-02
13 16 7 5.7762480130963800e-02
13 16 8 3.9692069757365202e-02
13 16 9 2.8244918025061998e-02
13 16 10 2.0041891445813399e-02
13 16 11 1.4169442818808300e-02
13 16 12 1.0277299059828000e-02
13 16 13 7.4096853778063999e-03
13 16 14 5.3648447837036997e-03
13 16 15 4.0516492837927003e-03
13 16 16 3.0229117032477002e-03
13 16 17 2.2498328598414999e-03
13 16 18 1.7811249357227001e-03
13 16 19 1.3788731747199001e-03
13 16 20 1.1079318028878000e-03
13 16 21 8.7563073641920000e-04
13 16 22 7.2330822656030002e-04
13 16 23 6.0501214799580001e-04
13 16 24 5.1180751870909995e-04
13 16 25 4.4117636113129999e-04
13 16 26 3.8093436295960002e-04
13 16 27 3.4131321025090001e-04
13 16 28 3.0373341299320001e-04
13 16 29 2.6906009459389999e-04
13 16 30 2.4843808410789997e-04
13 16 31 2.2954863363280000e-04
13 16 32 2.1150969186929999e-04
13 16 33 1.9501305175280000e-04
13 16 34 1.8599257391479999e-04
13 16 35 1.7473040038840001e-04
13 16 36 1.6238730756070000e-04
13 16 37 1.5704576387919999e-04
13 16 38 1.5063496563020001e-04
13 16 39 1.4476842657210000e-04
13 16 40 1.4026155723110000e-04
13 16 41 1.3556731880540001e-04
13 16 42 1.2952588315380000e-04
13 16 43 1.2584023285390001e-04
13 16 44 1.2201000134480000e-04
13 16 45 1.1740000529560000e-04
13 16 46 1.1679110589330000e-04
13 16 47 1.1382900730590000e-04
13 16 48 1.1125075967280000e-04
13 16 49 1.0878668277809999e-04
13 16 50 1.0838937218520000e-04
13 16 51 1.0636681251610001e-04
13 16 52 1.0626527947630000e-04
13 16 53 1.0402803054110000e-04
13 16 54 1.0145772222640000e-04
13 16 55 9.9246121973318806e-05
13 16 56 1.0173395386640001e-04
13 16 57 9.9601960636163319e-05
13 16 58 9.8713661154288938e-05
13 16 59 9.8216169529670354e-05
13 16 60 9.7856188769746883e-05
13 16 61 9.7891779924430379e-05
13 16 62 9.6010571009365724e-05
13 16 63 1.7403062493499780e-30
13 32 0 3.3212681263280741e-01
13 32 1 6.8279622499713133e-01
13 32 2 5.2325822803876965e-01
13 32 3 3.3122378691876297e-01
13 32 4 2.0376914508134239e-01
13 32 5 1.3410589311916510e-01
13 32 6 8.7483276116192596e-02
13 32 7 6.0014910413600103e-02
13 32 8 4.1405124317922898e-02
13 32 9 2.8764604756668099e-02
13 32 10 2.0283549532850199e-02
13 32 11 1.4359439639396700e-02
13 32 12 1.0321707285273899e-02
13 32 13 7.6186295847535000e-03
13 32 14 5.6527217267033003e-03
13 32 15 4.3329062972013001e-03
13 32 16 3.3320081692864000e-03
13 32 17 2.5750755673148002e-03
13 32 18 2.0648863943218999e-03
13 32 19 1.6471930333586001e-03
13 32 20 1.3427516723091000e-03
13 32 21 1.0968693690115001e-03
13 32 22 9.2978444836199999e-04
13 32 23 7.7128060148209997e-04
13 32 24 6.7412471292149995e-04
13 32 25 5.7864863545069995e-04
13 32 26 5.0603941094480001e-04
13 32 27 4.4104380564249999e-04
13 32 28 3.9730401971270002e-04
13 32 29 3.5031148144170000e-04
13 32 30 3.1951357481740001e-04
13 32 31 2.9326594123609998e-04
13 32 32 2.6526326090490002e-04
13 32 33 2.4415434589880001e-04
13 32 34 2.2844292753289999e-04
13 32 35 2.1240295527639999e-04
13 32 36 1.9637624088729999e-04
13 32 37 1.9007489511599999e-04
13 32 38 1.7652349756990001e-04
13 32 39 1.7076110442110001e-04
13 32 40 1.6197225962540001e-04
13 32 41 1.5434039585019999e-04
13 32 42 1.4998556065460000e-04
13 32 43 1.4211172812760001e-04
13 32 44 1.3686137094990000e-04
13 32 45 1.3302852616030000e-04
13 32 46 1.2900361002530001e-04
13 32 47 1.2549378788420001e-04
13 32 48 1.2056566578590000e-04
13 32 49 1.1748383733450000e-04
13 32 50 1.1614511649840000e-04
13 32 51 1.1340045367020000e-04
13 32 52 1.1118453778019999e-04
13 32 53 1.1087712383420000e-04
13 32 54 1.0767542194500001e-04
13 32 55 1.0770348307740000e-04
13 32 56 1.0495216437390000e-04
13 32 57 1.0392299791399999e-04
13 32 58 1.0484754882180000e-04
13 32 59 1.0310005347599999e-04
13 32 60 1.0263044372120000e-04
13 32 61 1.0145798754330000e-04
13 32 62 9.5989760220291739e-05
13 32 63 2.0122711503673756e-30
13 48 0 4.1674856432278318e-01
13 48 1 7.3466599208355421e-01
13 48 2 5.9041655657292036e-01
13 48 3 3.6645748232512071e-01
13 48 4 2.2715751327219191e-01
13 48 5 1.4562771746266290e-01
13 48 6 9.5998220180568805e-02
13 48 7 6.3937231900715805e-02
13 48 8 4.4031291984315400e-02
13 48 9 3.0364294884412699e-02
13 48 10 2.1234899169834100e-02
13 48 11 1.5141067205590100e-02
13 48 12 1.0945667863574400e-02
13 48 13 8.2060776425190995e-03
13 48 14 6.1205770236862000e-03
13 48 15 4.7142154318736999e-03
13 48 16 3.7165336160954001e-03
13 48 17 2.9147431410665998e-03
13 48 18 2.3126635735696999e-03
13 48 19 1.9126018344990999e-03
13 48 20 1.5634996848046001e-03
13 48 21 1.3036675220158001e-03
13 48 22 1.1139064496719000e-03
13 48 23 9.5465953894009997e-04
13 48 24 8.3116554169709997e-04
13 48 25 7.1876679542589997e-04
13 48 26 6.4391539615739997e-04
13 48 27 5.7451303953079999e-04
13 48 28 5.0624617024559997e-04
13 48 29 4.6679055078989998e-04
13 48 30 4.2479446350730002e-04
13 48 31 3.8848470011689998e-04
13 48 32 3.5193484276640000e-04
13 48 33 3.3149790056070000e-04
13 48 34 3.0718288104810001e-04
13 48 35 2.8845093083810000e-04
13 48 36 2.6954212421730002e-04
13 48 37 2.5484414926570001e-04
13 48 38 2.4192899736120001e-04
13 48 39 2.2665447021089999e-04
13 48 40 2.1846549476160001e-04
13 48 41 2.0997356809520000e-04
13 48 42 2.0009236895259999e-04
13 48 43 1.8985892893899999e-04
13 48 44 1.8342256825980001e-04
13 48 45 1.7649177843610000e-04
13 48 46 1.6983139434480001e-04
13 48 47 1.6593111639140001e-04
13 48 48 1.6189123252979999e-04
13 48 49 1.5746910309180000e-04
13 48 50 1.5329996017449999e-04
13 48 51 1.5313557824890001e-04
13 48 52 1.4557949989230001e-04
13 48 53 1.4411172116819999e-04
13 48 54 1.4275430087520001e-04
13 48 55 1.3969547970340001e-04
13 48 56 1.3911319364900000e-04
13 48 57 1.3879468081630001e-04
13 48 58 1.3931256532909999e-04
13 48 59 1.3577388228019999e-04
13 48 60 1.2979170344840001e-04
13 48 61 1.2663718039570001e-04
13 48 62 1.3362392420970001e-04
13 48 63 2.2860064264886887e-30
13 64 0 5.1991796206318053e-01
13 64 1 8.0016313693954910e-01
13 64 2 6.9472633668840711e-01
13 64 3 4.2997322369381841e-01
13 64 4 2.6650570155331660e-01
13 64 5 1.7125238612195051e-01
13 64 6 1.1172826545744030e-01
13 64 7 7.4089936860113295e-02
13 64 8 4.9952437921782597e-02
13 64 9 3.4538183369146200e-02
13 64 10 2.3992960129434100e-02
13 64 11 1.7518222985046999e-02
13 64 12 1.2777851632295599e-02
13 64 13 9.4854301129166999e-03
13 64 14 7.2115772740536004e-03
13 64 15 5.6544227864828000e-03
13 64 16 4.4097920995816000e-03
13 64 17 3.4379898347081999e-03
13 64 18 2.8024035378571999e-03
13 64 19 2.3383947604551998e-03
13 64 20 1.9595336864926000e-03
13 64 21 1.6676442672998999e-03
13 64 22 1.4311636032105000e-03
13 64 23 1.2166589182262000e-03
13 64 24 1.0720032334558000e-03
13 64 25 9.7831421681260008e-04
13 64 26 8.5077846553470004e-04
13 64 27 7.7245723965430003e-04
13 64 28 6.9590408320229999e-04
13 64 29 6.4718302463000004e-04
13 64 30 5.9865208588390001e-04
13 64 31 5.5507840638469995e-04
13 64 32 5.2075343410730001e-04
13 64 33 4.9669445583939997e-04
13 64 34 4.5664235475680000e-04
13 64 35 4.3399954709819998e-04
13 64 36 4.1493708351280002e-04
13 64 37 3.9302100913070001e-04
13 64 38 3.7633470119080001e-04
13 64 39 3.5481286648350000e-04
13 64 40 3.4305146423020000e-04
13 64 41 3.3748731860369998e-04
13 64 42 3.2288937122369998e-04
13 64 43 3.1270181590390002e-04
13 64 44 3.0497292105020001e-04
13 64 45 2.9827190618929999e-04
13 64 46 2.9418201422759998e-04
13 64 47 2.8102747883990001e-04
13 64 48 2.7178029621849998e-04
13 64 49 2.6546018295860001e-04
13 64 50 2.6559419446110002e-04
13 64 51 2.6221526888719999e-04
13 64 52 2.6130210890470002e-04
13 64 53 2.5059179996709998e-04
13 64 54 2.4929368939309999e-04
13 64 55 2.5123476391700000e-04
13 64 56 2.4239846134759999e-04
13 64 57 2.4586786531899998e-04
13 64 58 2.3963354291390001e-04
13 64 59 2.3692783463070001e-04
13 64 60 2.2747015041110001e-04
13 64 61 2.2932519592350000e-04
13 64 62 2.7373675804679998e-04
13 64 63 2.6064779287831275e-30
13 72 0 5.7339775007802785e-01
13 72 1 8.1531742677032237e-01
13 72 2 7.4899407961221431e-01
13 72 3 4.6207285923169739e-01
13 72 4 2.9168888764802398e-01
13 72 5 1.9422525627797729e-01
13 72 6 1.2536275996776600e-01
13 72 7 8.3679284145006194e-02
13 72 8 5.7345785728594299e-02
13 72 9 3.9378928571613597e-02
13 72 10 2.8319371732315898e-02
13 72 11 2.0036153132726699e-02
13 72 12 1.4727981643373000e-02
13 72 13 1.0966901161384299e-02
13 72 14 8.1968364178899994e-03
13 72 15 6.4481142695561001e-03
13 72 16 5.0265634204308997e-03
13 72 17 4.0124102120016004e-03
13 72 18 3.2184252270937999e-03
13 72 19 2.6997395602349999e-03
13 72 20 2.1995390807020001e-03
13 72 21 1.8772052630423000e-03
13 72 22 1.6145109027409000e-03
13 72 23 1.4067320107990001e-03
13 72 24 1.2324330184584999e-03
13 72 25 1.0906139630506000e-03
13 72 26 9.7347964877600001e-04
13 72 27 9.0255041244530004e-04
13 72 28 8.1128603847639995e-04
13 72 29 7.3490927878680002e-04
13 72 30 6.9101488791460002e-04
13 72 31 6.5673622209540001e-04
13 72 32 6.0788740943320001e-04
13 72 33 5.6930257138839997e-04
13 72 34 5.3572507938680000e-04
13 72 35 5.0021745989390005e-04
13 72 36 4.8739637619790000e-04
13 72 37 4.6676248001809999e-04
13 72 38 4.4446768180659999e-04
13 72 39 4.2334680231310003e-04
13 72 40 4.0724327984390001e-04
13 72 41 4.0357145954860000e-04
13 72 42 3.8580616490939998e-04
13 72 43 3.7574972625620002e-04
13 72 44 3.7039638739640000e-04
13 72 45 3.5883584387210002e-04
13 72 46 3.4794463982540001e-04
13 72 47 3.4181313297020001e-04
13 72 48 3.3904322247520002e-04
13 72 49 3.2949509101419999e-04
13 72 50 3.2305526630060000e-04
13 72 51 3.1767200801820000e-04
13 72 52 3.1181263352949998e-04
13 72 53 3.1268490751319998e-04
13 72 54 3.0830782900670000e-04
13 72 55 3.0123872601849999e-04
13 72 56 3.0172434698540001e-04
13 72 57 2.9826771281960001e-04
13 72 58 2.9671775489749998e-04
13 72 59 2.8808694568330001e-04
13 72 60 2.8018330445090002e-04
13 72 61 2.9450297538950000e-04
13 72 62 3.3720511456610002e-04
13 72 63 2.8515718269343337e-30
13 80 0 5.8413553309902966e-01
13 80 1 8.2737940759227135e-01
13 80 2 7.7905666198926815e-01
13 80 3 4.8678495224064788e-01
13 80 4 3.1156124524101592e-01
13 80 5 2.1197726513593321e-01
13 80 6 1.4304889840996809e-01
13 80 7 9.6708773952124100e-02
13 80 8 6.9262843608440997e-02
13 80 9 4.8202419741670499e-02
13 80 10 3.4410449208964501e-02
13 80 11 2.5592182335171600e-02
13 80 12 1.8445129899905700e-02
13 80 13 1.3951483378957699e-02
13 80 14 1.0508754317164699e-02
13 80 15 8.0603682932163002e-03
13 80 16 6.2238534979429999e-03
13 80 17 4.9318640320239002e-03
13 80 18 3.9868054682312996e-03
13 80 19 3.2509584707824000e-03
13 80 20 2.6852995553831001e-03
13 80 21 2.2642761304981001e-03
13 80 22 1.9194469412187999e-03
13 80 23 1.6715450880306999e-03
13 80 24 1.4392893908701000e-03
13 80 25 1.3041068783131000e-03
13 80 26 1.1525871870116001e-03
13 80 27 1.0541410582531000e-03
13 80 28 9.4424425125160005e-04
13 80 29 8.6464847052060000e-04
13 80 30 8.0728358715349998e-04
13 80 31 7.3754387000820004e-04
13 80 32 7.0357359772359998e-04
13 80 33 6.5983536161979997e-04
13 80 34 6.1784840466629998e-04
13 80 35 5.8332538332239996e-04
13 80 36 5.6108210186650001e-04
13 80 37 5.3903947921059997e-04
13 80 38 5.1449529214300002e-04
13 80 39 4.9448565497729996e-04
13 80 40 4.6939330804650001e-04
13 80 41 4.6454393514230001e-04
13 80 42 4.4982177589460002e-04
13 80 43 4.3673853853029999e-04
13 80 44 4.1784292716819999e-04
13 80 45 4.1181138979820000e-04
13 80 46 3.9744399868150000e-04
13 80 47 3.9101072567610001e-04
13 80 48 3.8621539750779998e-04
13 80 49 3.7756019878990000e-04
13 80 50 3.6916243117060001e-04
13 80 51 3.6190865874580002e-04
13 80 52 3.5890161522930003e-04
13 80 53 3.6098231702150001e-04
13 80 54 3.5090584131950000e-04
13 80 55 3.4543542539750000e-04
13 80 56 3.4092920781050000e-04
13 80 57 3.3632758736920002e-04
13 80 58 3.3364848437060003e-04
13 80 59 3.2325350050679998e-04
13 80 60 3.1573127062270001e-04
13 80 61 3.4841217554449998e-04
13 80 62 3.6603823792990002e-04
13 80 63 3.0828676422809760e-30
13 88 0 5.7310788331744378e-01
13 88 1 8.3502775803109774e-01
13 88 2 7.8237912875853022e-01
13 88 3 5.0259323809905254e-01
13 88 4 3.3147015702498950e-01
13 88 5 2.2564375349763230e-01
13 88 6 1.5762516334902599e-01
13 88 7 1.1025824837763309e-01
13 88 8 7.8863579810159998e-02
13 88 9 5.8182911094743703e-02
13 88 10 4.3142124591733402e-02
13 88 11 3.1513187507082298e-02
13 88 12 2.3683956772306801e-02
13 88 13 1.8007395215577201e-02
13 88 14 1.3623059441942200e-02
13 88 15 1.0445802855019099e-02
13 88 16 8.1628446988731007e-03
13 88 17 6.3300538010733001e-03
13 88 18 5.0376554651995996e-03
13 88 19 4.0186876882560996e-03
13 88 20 3.3178350400972999e-03
13 88 21 2.7557178748357000e-03
13 88 22 2.3576564196052001e-03
13 88 23 1.9948469456193998e-03
13 88 24 1.7715999612803999e-03
13 88 25 1.5443059493449999e-03
13 88 26 1.3937399015791000e-03
13 88 27 1.2287788944406000e-03
13 88 28 1.1185028211035000e-03
13 88 29 1.0160547316325999e-03
13 88 30 9.3731221272919996e-04
13 88 31 8.6345746516339997e-04
13 88 32 8.1117070638689998e-04
13 88 33 7.6422346008650000e-04
13 88 34 7.1078946109980003e-04
13 88 35 6.8950861051710001e-04
13 88 36 6.4337045509859996e-04
13 88 37 6.0550852684600003e-04
13 88 38 5.8256194283180004e-04
13 88 39 5.6285994152439997e-04
13 88 40 5.4911031678150002e-04
13 88 41 5.2827517149059997e-04
13 88 42 5.0639666552050003e-04
13 88 43 4.9706029024320004e-04
13 88 44 4.8152112237480002e-04
13 88 45 4.6448380654319998e-04
13 88 46 4.5896130928180001e-04
13 88 47 4.4578389735080000e-04
13 88 48 4.3327386132239998e-04
13 88 49 4.3130245431690002e-04
13 88 50 4.2261170687000002e-04
13 88 51 4.0815231703289999e-04
13 88 52 4.0621597080410000e-04
13 88 53 3.9931829991990002e-04
13 88 54 3.9937393421569998e-04
13 88 55 3.9438051664390003e-04
13 88 56 3.8779496695810002e-04
13 88 57 3.8002734074489997e-04
13 88 58 3.7762624346970001e-04
13 88 59 3.6595591470100000e-04
13 88 60 3.6246361610260002e-04
13 88 61 3.9847529960149999e-04
13 88 62 4.0042102250260002e-04
13 88 63 3.2252295184411035e-30
13 96 0 5.6839377774493716e-01
13 96 1 8.2573526588754265e-01
13 96 2 7.9018100835537131e-01
13 96 3 5.0927560066392352e-01
13 96 4 3.4168995203050079e-01
13 96 5 2.3921435564888480e-01
13 96 6 1.6554206517599690e-01
13 96 7 1.2111256064991829e-01
13 96 8 8.9404389791715999e-02
13 96 9 6.5560069676204202e-02
13 96 10 4.9917504257629502e-02
13 96 11 3.7645414096994602e-02
13 96 12 2.9171708292278699e-02
13 96 13 2.2240915180107099e-02
13 96 14 1.7270374679577299e-02
13 96 15 1.3194597747820501e-02
13 96 16 1.0429286834521000e-02
13 96 17 8.0218559889956992e-03
13 96 18 6.2877202708153000e-03
13 96 19 5.1121676695338996e-03
13 96 20 4.1329823392017000e-03
13 96 21 3.4042110524549998e-03
13 96 22 2.8548879148381002e-03
13 96 23 2.4202587878859000e-03
13 96 24 2.0786094647760999e-03
13 96 25 1.8304250813274000e-03
13 96 26 1.6264703544377000e-03
13 96 27 1.4245470443943001e-03
13 96 28 1.2905200631573000e-03
13 96 29 1.1931424619662000e-03
13 96 30 1.0709885883859000e-03
13 96 31 9.8695401489210010e-04
13 96 32 9.1679171486880003e-04
13 96 33 8.7664858438760000e-04
13 96 34 8.0489936486510003e-04
13 96 35 7.6016773183730003e-04
13 96 36 7.1995465490119997e-04
13 96 37 6.9575178472569999e-04
13 96 38 6.5511629068299999e-04
13 96 39 6.3318343664150003e-04
13 96 40 6.1176987411889995e-04
13 96 41 5.8332061344889999e-04
13 96 42 5.6773060444129998e-04
13 96 43 5.4961681603210002e-04
13 96 44 5.3175723691349999e-04
13 96 45 5.2152269978430002e-04
13 96 46 5.0822222778939999e-04
13 96 47 4.9853294385580004e-04
13 96 48 4.8905933428280003e-04
13 96 49 4.7485163928049999e-04
13 96 50 4.7765375877979998e-04
13 96 51 4.5698180717950002e-04
13 96 52 4.5688890307260001e-04
13 96 53 4.5576182832620001e-04
13 96 54 4.3791455673620002e-04
13 96 55 4.3405651617469998e-04
13 96 56 4.3334107935590001e-04
13 96 57 4.2578177276650001e-04
13 96 58 4.1660466078290002e-04
13 96 59 4.0910104028289999e-04
13 96 60 4.1619803066470000e-04
13 96 61 4.4224521469900003e-04
13 96 62 4.3408522311520000e-04
13 96 63 3.3887899941056175e-30
13 104 0 5.5636234999411494e-01
13 104 1 8.1561161796140069e-01
13 104 2 7.9474478835157225e-01
13 104 3 5.0965849256702356e-01
13 104 4 3.5418846418697453e-01
13 104 5 2.4892103316693590e-01
13 104 6 1.7714051274911691e-01
13 104 7 1.3262125855133061e-01
13 104 8 9.5653984257740493e-02
13 104 9 7.3796915963684595e-02
13 104 10 5.5815250121819301e-02
13 104 11 4.3504628541576502e-02
13 104 12 3.4029394426658199e-02
13 104 13 2.6716541246230900e-02
13 104 14 2.0757201906029300e-02
13 104 15 1.6393436825678800e-02
13 104 16 1.2813721072620500e-02
13 104 17 9.8257490801298992e-03
13 104 18 7.9606786104925008e-03
13 104 19 6.2826520321907003e-03
13 104 20 5.1215505872928002e-03
13 104 21 4.2022717897593998e-03
13 104 22 3.4233968272422001e-03
13 104 23 2.8632839669412002e-03
13 104 24 2.5302503751554002e-03
13 104 25 2.1634686972169998e-03
13 104 26 1.8963038687662000e-03
13 104 27 1.6841763679500000e-03
13 104 28 1.4991412056125000e-03
13 104 29 1.3751957801554000e-03
13 104 30 1.2531948280941000e-03
13 104 31 1.1414871558016999e-03
13 104 32 1.0515538696614999e-03
13 104 33 9.7840058358650002e-04
13 104 34 9.3166856757870005e-04
13 104 35 8.6714587566329995e-04
13 104 36 8.1873842731660003e-04
13 104 37 7.8126460631449996e-04
13 104 38 7.4891981163880002e-04
13 104 39 7.1546494131900003e-04
13 104 40 6.7585686412080005e-04
13 104 41 6.5544058327490003e-04
13 104 42 6.4580802982269997e-04
13 104 43 6.2533569198239996e-04
13 104 44 6.0110193549169999e-04
13 104 45 5.8845183102929999e-04
13 104 46 5.7480061609409998e-04
13 104 47 5.6294757915860004e-04
13 104 48 5.4339758839360005e-04
13 104 49 5.3688490932149999e-04
13 104 50 5.2692163240240005e-04
13 104 51 5.1119198215240002e-04
13 104 52 5.0552051076759995e-04
13 104 53 5.0143372482319996e-04
13 104 54 4.9907006567399999e-04
13 104 55 4.8497956135219999e-04
13 104 56 4.8896281506859997e-04
13 104 57 4.7682007668629997e-04
13 104 58 4.6737328410800002e-04
13 104 59 4.6349883702149998e-04
13 104 60 4.6572966194740001e-04
13 104 61 4.9948930718130002e-04
13 104 62 4.8237089981040000e-04
13 104 63 3.5323604417890894e-30
19 0 0 1.1769794401614591e+00
19 0 1 8.9344106224703498e-02
19 0 2 2.8819853161277099e-02
19 0 3 1.4114727434125300e-02
19 0 4 7.7099690795457004e-03
19 0 5 5.0052814045311997e-03
19 0 6 3.5227057425165002e-03
19 0 7 2.6366905237233001e-03
19 0 8 2.0073330801801000e-03
19 0 9 1.5981318945270000e-03
19 0 10 1.2994481140668000e-03
19 0 11 1.0808755645918000e-03
19 0 12 9.1377663546260001e-04
19 0 13 7.9249089132209997e-04
19 0 14 6.9034363887639997e-04
19 0 15 5.9759880923549997e-04
19 0 16 5.3894903688960004e-04
19 0 17 4.8994428914089999e-04
19 0 18 4.3497194673350001e-04
19 0 19 4.0006706694120002e-04
19 0 20 3.5918235885759999e-04
19 0 21 3.2820442499730001e-04
19 0 22 3.0156831953840002e-04
19 0 23 2.7956655599999997e-04
19 0 24 2.6154652162620000e-04
19 0 25 2.4409134551480000e-04
19 0 26 2.2941856038710001e-04
19 0 27 2.2284316707220001e-04
19 0 28 2.0502572322569999e-04
19 0 29 1.9679942453530001e-04
19 0 30 1.8748659097960000e-04
19 0 31 1.7664090121920000e-04
19 0 32 1.6749171933379999e-04
19 0 33 1.6128199708130000e-04
19 0 34 1.5615947119650001e-04
19 0 35 1.4789340173720000e-04
19 0 36 1.4397266592700001e-04
19 0 37 1.4148610556830000e-04
19 0 38 1.3552325000590001e-04
19 0 39 1.2911837609430000e-04
19 0 40 1.2771694459889999e-04
19 0 41 1.2442884504730001e-04
19 0 42 1.2105419285130000e-04
19 0 43 1.1715097700040000e-04
19 0 44 1.1306632206250001e-04
19 0 45 1.1265410793380000e-04
19 0 46 1.1023383665780001e-04
19 0 47 1.0698643784300000e-04
19 0 48 1.0634712368279999e-04
19 0 49 1.0449302376080000e-04
19 0 50 1.0354111397490000e-04
19 0 51 1.0240825946360001e-04
19 0 52 1.0049458260649999e-04
19 0 53 9.9337697024635399e-05
19 0 54 9.9827692139741237e-05
19 0 55 9.6635323221113434e-05
19 0 56 9.6444475795743001e-05
19 0 57 9.5808762135323941e-05
19 0 58 9.7278508736455943e-05
19 0 59 9.4950615385073903e-05
19 0 60 9.3990733878220034e-05
19 0 61 9.5830307878530581e-05
19 0 62 9.6082172429022238e-05
19 0 63 3.1769182818824311e-30
19 8 0 2.9110943827700181e-01
19 8 1 6.9650001014850149e-01
19 8 2 5.2095711445707216e-01
19 8 3 2.7979604997715701e-01
19 8 4 1.6671469897998770e-01
19 8 5 1.0034858217927230e-01
19 8 6 6.1957809638977603e-02
19 8 7 4.0907044101202203e-02
19 8 8 2.7383717614203301e-02
19 8 9 1.8424713044100701e-02
19 8 10 1.2248684787814001e-02
19 8 11 8.4915529365170005e-03
19 8 12 5.8299245748539997e-03
19 8 13 4.1049722221214004e-03
19 8 14 2.8885820795924999e-03
19 8 15 2.1011069945713000e-03
19 8 16 1.5783966091278000e-03
19 8 17 1.1744133666972999e-03
19 8 18 9.2981008437309997e-04
19 8 19 7.4745110594429999e-04
19 8 20 6.0968294568829998e-04
19 8 21 5.0023959540989997e-04
19 8 22 4.2776027004170000e-04
19 8 23 3.7312148579819997e-04
19 8 24 3.3143322797249999e-04
19 8 25 2.9863288791760002e-04
19 8 26 2.7234199648180002e-04
19 8 27 2.5005526089209997e-04
19 8 28 2.2792141811559999e-04
19 8 29 2.1120845742880000e-04
19 8 30 2.0026844646610001e-04
19 8 31 1.8934062861810001e-04
19 8 32 1.7921062026989999e-04
19 8 33 1.6958348226660001e-04
19 8 34 1.6304849535069999e-04
19 8 35 1.5359207937220000e-04
19 8 36 1.4701795239390001e-04
19 8 37 1.4327204704210001e-04
19 8 38 1.3807550360140001e-04
19 8 39 1.3457349928540000e-04
19 8 40 1.2887610203549999e-04
19 8 41 1.2238356792890000e-04
19 8 42 1.2207455962509999e-04
19 8 43 1.1934318317830000e-04
19 8 44 1.1513080044940000e-04
19 8 45 1.1387077700130000e-04
19 8 46 1.1296603368880000e-04
19 8 47 1.1061631348670000e-04
19 8 48 1.0827412747520001e-04
19 8 49 1.0604150153910000e-04
19 8 50 1.0483318753400000e-04
19 8 51 1.0152046519240000e-04
19 8 52 1.0347014194580000e-04
19 8 53 1.0166470129540000e-04
19 8 54 1.0058880472310000e-04
19 8 55 9.8374781589184477e-05
19 8 56 9.8349363576232980e-05
19 8 57 9.7143465730471903e-05
19 8 58 9.6209293979025286e-05
19 8 59 9.5843313615342921e-05
19 8 60 9.6535461253300498e-05
19 8 61 9.6247079381338717e-05
19 8 62 9.4885162467364198e-05
19 8 63 1.5812859175552834e-30
19 16 0 3.0096672893237042e-01
19 16 1 6.6988762004528624e-01
19 16 2 5.0314001014000342e-01
19 16 3 3.0459292219847373e-01
19 16 4 1.8415793268301511e-01
19 16 5 1.1602336055567140e-01
19 16 6 7.5898293562094002e-02
19 16 7 5.1434529770209000e-02
19 16 8 3.4509972119210600e-02
19 16 9 2.3680268800723200e-02
19 16 10 1.6306680001101900e-02
19 16 11 1.1504650277527799e-02
19 16 12 8.1878829523024995e-03
19 16 13 5.8420491097835999e-03
19 16 14 4.2426122594365996e-03
19 16 15 3.1287465651033998e-03
19 16 16 2.3641881195063000e-03
19 16 17 1.7994577865282000e-03
19 16 18 1.4074002702624000e-03
19 16 19 1.1163744690644000e-03
19 16 20 8.8491925635269999e-04
19 16 21 7.3706346558060005e-04
19 16 22 6.1248785201499999e-04
19 16 23 5.1757651842600000e-04
19 16 24 4.4178044899369998e-04
19 16 25 3.8054452292890002e-04
19 16 26 3.4019661213240002e-04
19 16 27 3.0488558531489997e-04
19 16 28 2.7559528681740002e-04
19 16 29 2.5543882494349999e-04
19 16 30 2.2896473432490000e-04
19 16 31 2.1575872112019999e-04
19 16 32 1.9851125750780001e-04
19 16 33 1.8556944853599999e-04
19 16 34 1.7681633113629999e-04
19 16 35 1.6696700335410000e-04
19 16 36 1.5864444668290000e-04
19 16 37 1.5196419957259999e-04
19 16 38 1.4565881025160001e-04
19 16 39 1.4146673596069999e-04
19 16 40 1.3567332668090000e-04
19 16 41 1.3046309995559999e-04
19 16 42 1.2672991670500001e-04
19 16 43 1.2181369116070000e-04
19 16 44 1.1942328069530000e-04
19 16 45 1.1596888268590000e-04
19 16 46 1.1380170432139999e-04
19 16 47 1.0983826364190001e-04
19 16 48 1.1042624164600001e-04
19 16 49 1.0699816032540000e-04
19 16 50 1.0462402820180001e-04
19 16 51 1.0315906576170001e-04
19 16 52 1.0047615205310000e-04
19 16 53 1.0115247136540000e-04
19 16 54 9.7782934838640275e-05
19 16 55 9.8360632471168158e-05
19 16 56 9.6707136019792998e-05
19 16 57 9.5250148929479166e-05
19 16 58 9.6834044288128559e-05
19 16 59 9.5925350948177637e-05
19 16 60 9.5485700232251941e-05
19 16 61 9.4938982069886220e-05
19 16 62 9.3504749131446117e-05
19 16 63 1.7266224027447272e-30
19 32 0 3.9196079649102861e-01
19 32 1 7.1104015026967737e-01
19 32 2 5.4160003125006606e-01
19 32 3 3.2701191314237232e-01
19 32 4 1.9930388139717031e-01
19 32 5 1.2516543944676070e-01
19 32 6 7.9515368783912202e-02
19 32 7 5.2138786297172897e-02
19 32 8 3.4807507810173902e-02
19 32 9 2.3777579809997298e-02
19 32 10 1.6025214442331900e-02
19 32 11 1.1410661645848200e-02
19 32 12 8.1973323935038995e-03
19 32 13 5.8787288131908000e-03
19 32 14 4.4670860161287003e-03
19 32 15 3.3030567575408000e-03
19 32 16 2.5945050804907000e-03
19 32 17 2.0107318520347001e-03
19 32 18 1.5921600011766001e-03
19 32 19 1.2940993605189001e-03
19 32 20 1.0636418525879999e-03
19 32 21 8.9688864471089999e-04
19 32 22 7.4605554292830000e-04
19 32 23 6.3376885858620001e-04
19 32 24 5.5066858264439999e-04
19 32 25 4.8408811444820003e-04
19 32 26 4.2501167476940001e-04
19 32 27 3.8855683148900002e-04
19 32 28 3.4194122312189998e-04
19 32 29 3.1221243376890000e-04
19 32 30 2.8118345683040001e-04
19 32 31 2.6156565431420000e-04
19 32 32 2.3895983482230001e-04
19 32 33 2.2454296754640001e-04
19 32 34 2.0854202824869999e-04
19 32 35 1.9215960800860000e-04
19 32 36 1.8339928981549999e-04
19 32 37 1.7160274890100000e-04
19 32 38 1.6374001607060001e-04
19 32 39 1.5524055279360000e-04
19 32 40 1.4862530372120001e-04
19 32 41 1.4346907423739999e-04
19 32 42 1.3660140342480000e-04
19 32 43 1.3313378084950001e-04
19 32 44 1.2877111993410000e-04
19 32 45 1.2200023825280000e-04
19 32 46 1.2212914447020000e-04
19 32 47 1.1728488132029999e-04
19 32 48 1.1351663499180000e-04
19 32 49 1.1375735517800000e-04
19 32 50 1.0983746663629999e-04
19 32 51 1.0747550386820000e-04
19 32 52 1.0567961772970000e-04
19 32 53 1.0446701204820000e-04
19 32 54 1.0308779592650000e-04
19 32 55 1.0337159641040000e-04
19 32 56 1.0113540847110000e-04
19 32 57 1.0124029495170000e-04
19 32 58 1.0073642298730000e-04
19 32 59 9.8329511513138405e-05
19 32 60 9.9319195172018076e-05
19 32 61 9.4911696074296537e-05
19 32 62 9.1582572785369446e-05
19 32 63 2.0177933454016161e-30
19 48 0 4.7883680723154420e-01
19 48 1 7.8201914291103136e-01
19 48 2 6.2244827434573657e-01
19 48 3 3.8101360040570620e-01
19 48 4 2.3218902219216939e-01
19 48 5 1.4286519208147730e-01
19 48 6 9.0559602065131098e-02
19 48 7 5.9137492443970902e-02
19 48 8 3.9291741077081700e-02
19 48 9 2.6600154261707299e-02
19 48 10 1.8034790991840400e-02
19 48 11 1.3018053765574401e-02
19 48 12 9.3650325532020004e-03
19 48 13 6.8459963543149004e-03
19 48 14 5.1588837158891999e-03
19 48 15 3.9685374292764003e-03
19 48 16 3.1156525931349999e-03
19 48 17 2.4822886383894000e-03
19 48 18 2.0060533843421998e-03
19 48 19 1.6416345556146000e-03
19 48 20 1.3502283716388000e-03
19 48 21 1.1407792215711999e-03
19 48 22 1.0029801873877001e-03
19 48 23 8.6011110727070002e-04
19 48 24 7.5279287202779997e-04
19 48 25 6.7387883369920000e-04
19 48 26 6.0279025190070003e-04
19 48 27 5.3233393820319999e-04
19 48 28 4.9324430596349997e-04
19 48 29 4.5108681403849998e-04
19 48 30 4.1365469443040002e-04
19 48 31 3.8185176588570002e-04
19 48 32 3.5479151365890000e-04
19 48 33 3.3304326803690001e-04
19 48 34 3.1008125017230001e-04
19 48 35 2.9376771570649999e-04
19 48 36 2.7600143966010000e-04
19 48 37 2.6887822425540001e-04
19 48 38 2.5284297660610000e-04
19 48 39 2.3897323402000001e-04
19 48 40 2.3058209426700000e-04
19 48 41 2.2169675290810000e-04
19 48 42 2.1259995641239999e-04
19 48 43 2.0510926000360001e-04
19 48 44 1.9912114791259999e-04
19 48 45 1.9037521147089999e-04
19 48 46 1.8690444172320001e-04
19 48 47 1.8484409968620000e-04
19 48 48 1.7791667704950001e-04
19 48 49 1.7350849468900000e-04
19 48 50 1.7216745597980001e-04
19 48 51 1.6875079962900001e-04
19 48 52 1.6238740699060000e-04
19 48 53 1.6398406718400000e-04
19 48 54 1.6200682079419999e-04
19 48 55 1.5707669371830001e-04
19 48 56 1.5439011028960001e-04
19 48 57 1.5351716772939999e-04
19 48 58 1.5219488967770000e-04
19 48 59 1.4989400353289999e-04
19 48 60 1.4505314627309999e-04
19 48 61 1.3961694466430000e-04
19 48 62 1.5976813058410000e-04
19 48 63 2.2986127650349443e-30
19 64 0 6.2946552438579617e-01
19 64 1 7.9960810924262127e-01
19 64 2 7.6647603766150063e-01
19 64 3 4.3874581833233278e-01
19 64 4 2.8322611714430590e-01
19 64 5 1.7609120586535881e-01
19 64 6 1.1228987947484170e-01
19 64 7 7.3205033912635900e-02
19 64 8 4.8244785714436897e-02
19 64 9 3.2373106522664202e-02
19 64 10 2.2646935546105001e-02
19 64 11 1.5992422813396100e-02
19 64 12 1.1584742530008400e-02
19 64 13 8.6826108923502999e-03
19 64 14 6.4671067394557000e-03
19 64 15 4.9822733712182998e-03
19 64 16 3.8861495750337999e-03
19 64 17 3.1194952756920000e-03
19 64 18 2.5033949033184998e-03
19 64 19 2.1018494491619999e-03
19 64 20 1.7397056441501000e-03
19 64 21 1.4810749133689000e-03
19 64 22 1.2824312200727000e-03
19 64 23 1.1276040879390000e-03
19 64 24 9.8226016074809993e-04
19 64 25 8.8438243082260000e-04
19 64 26 8.0414061951470002e-04
19 64 27 7.3236788941880005e-04
19 64 28 6.7278020426640001e-04
19 64 29 6.2919308359330004e-04
19 64 30 5.7644930267189995e-04
19 64 31 5.4591921876250005e-04
19 64 32 5.1854607687959995e-04
19 64 33 4.8717699877960001e-04
19 64 34 4.6630942359510001e-04
19 64 35 4.3505925804390001e-04
19 64 36 4.2213394373580000e-04
19 64 37 3.9784249164760000e-04
19 64 38 3.8198719024160001e-04
19 64 39 3.7166691879740002e-04
19 64 40 3.5811768636950000e-04
19 64 41 3.4779837885860000e-04
19 64 42 3.3803022888579998e-04
19 64 43 3.2975291182179997e-04
19 64 44 3.2076715468430000e-04
19 64 45 3.1379769459769999e-04
19 64 46 3.0596715558959999e-04
19 64 47 2.9442145762380003e-04
19 64 48 2.9484050878969998e-04
19 64 49 2.9309596257699999e-04
19 64 50 2.8478544261149999e-04
19 64 51 2.8513022384520000e-04
19 64 52 2.7721618063949999e-04
19 64 53 2.7747707704050000e-04
19 64 54 2.7578583907249997e-04
19 64 55 2.6773148013220000e-04
19 64 56 2.6993595478779999e-04
19 64 57 2.6573534891670002e-04
19 64 58 2.6672328323730000e-04
19 64 59 2.5798133730659998e-04
19 64 60 2.4721368307550001e-04
19 64 61 2.6107818554749998e-04
19 64 62 3.0195246191890002e-04
19 64 63 2.8126813226609536e-30
19 72 0 6.3820467075606113e-01
19 72 1 8.3858988064987472e-01
19 72 2 7.9439937064300470e-01
19 72 3 4.7567615045033368e-01
19 72 4 3.0494736971000491e-01
19 72 5 1.9887452145501289e-01
19 72 6 1.3014338778136700e-01
19 72 7 8.6717674830058600e-02
19 72 8 5.9781418253124899e-02
19 72 9 4.2014820953880302e-02
19 72 10 2.8755935832740599e-02
19 72 11 2.0831619990660501e-02
19 72 12 1.5071007949653400e-02
19 72 13 1.0967744513624301e-02
19 72 14 8.2598930609982992e-03
19 72 15 6.3012420070234004e-03
19 72 16 4.9229562105263004e-03
19 72 17 3.8776162972848000e-03
19 72 18 3.1551319701339001e-03
19 72 19 2.5978191568143002e-03
19 72 20 2.1297697129463999e-03
19 72 21 1.8256500082446999e-03
19 72 22 1.5545854697054000e-03
19 72 23 1.3654989800846000e-03
19 72 24 1.1933805998253001e-03
19 72 25 1.0594136912699999e-03
19 72 26 9.6442587875289996e-04
19 72 27 8.6367249048499995e-04
19 72 28 7.9939193488230004e-04
19 72 29 7.3234230487389997e-04
19 72 30 6.8883928548230003e-04
19 72 31 6.3696181855609998e-04
19 72 32 6.0344479326190003e-04
19 72 33 5.6717456219140003e-04
19 72 34 5.3789874469340002e-04
19 72 35 5.0779259199909999e-04
19 72 36 4.8474142735710002e-04
19 72 37 4.5980939668069999e-04
19 72 38 4.5004163080579999e-04
19 72 39 4.3238719370269999e-04
19 72 40 4.1767725367450000e-04
19 72 41 4.0432239370650000e-04
19 72 42 3.9183995301210001e-04
19 72 43 3.7803205577250000e-04
19 72 44 3.6850291678170002e-04
19 72 45 3.5723717912970000e-04
19 72 46 3.4844125249430000e-04
19 72 47 3.4696836141580003e-04
19 72 48 3.4239197678369998e-04
19 72 49 3.3499220669529998e-04
19 72 50 3.2352818142250003e-04
19 72 51 3.1868603164529998e-04
19 72 52 3.2039049924510000e-04
19 72 53 3.0402063695140000e-04
19 72 54 3.0522756246090000e-04
19 72 55 3.0682508412120001e-04
19 72 56 3.0483135162009999e-04
19 72 57 2.9775337711680002e-04
19 72 58 2.9567926048100002e-04
19 72 59 2.9039956111590000e-04
19 72 60 2.8411398897159999e-04
19 72 61 3.0944005810230001e-04
19 72 62 3.2689695136980002e-04
19 72 63 3.0254224844626903e-30
19 80 0 6.3774338711286527e-01
19 80 1 8.4969544886990045e-01
19 80 2 7.9595168460548971e-01
19 80 3 4.8599895737220578e-01
19 80 4 3.2435866133352043e-01
19 80 5 2.1669586019587250e-01
19 80 6 1.4967217415154219e-01
19 80 7 1.0173637110199001e-01
19 80 8 7.2931364600505005e-02
19 80 9 5.1820293667340603e-02
19 80 10 3.7216351092597702e-02
19 80 11 2.7476502226151601e-02
19 80 12 1.9947480226490000e-02
19 80 13 1.4812729665069200e-02
19 80 14 1.1099351958585500e-02
19 80 15 8.4278032003492001e-03
19 80 16 6.4921578511255001e-03
19 80 17 5.1136175362900002e-03
19 80 18 4.0375395393076998e-03
19 80 19 3.2270540899930001e-03
19 80 20 2.6975838625931999e-03
19 80 21 2.2617183623334001e-03
19 80 22 1.8760468264678999e-03
19 80 23 1.6475744951671000e-03
19 80 24 1.4550766832654000e-03
19 80 25 1.2725690109901000e-03
19 80 26 1.1434139731212000e-03
19 80 27 1.0416745593914999e-03
19 80 28 9.2711669335149998e-04
19 80 29 8.5374269043760000e-04
19 80 30 8.0948962095980001e-04
19 80 31 7.4153879159510004e-04
19 80 32 7.0271084998119995e-04
19 80 33 6.5001223242040003e-04
19 80 34 6.2744524983060002e-04
19 80 35 5.8471417629230005e-04
19 80 36 5.5567092628939997e-04
19 80 37 5.4132401708290002e-04
19 80 38 5.1642434128049998e-04
19 80 39 4.9624004862319998e-04
19 80 40 4.7781347129060003e-04
19 80 41 4.5564945238790001e-04
19 80 42 4.4175188926940003e-04
19 80 43 4.3370486225950000e-04
19 80 44 4.2380945812709998e-04
19 80 45 4.1362697253310000e-04
19 80 46 3.9835882219249998e-04
19 80 47 3.8730852457749998e-04
19 80 48 3.8295245161910002e-04
19 80 49 3.7651214822940002e-04
19 80 50 3.7169087377820001e-04
19 80 51 3.6843440105790000e-04
19 80 52 3.6173902896000001e-04
19 80 53 3.5490225154170000e-04
19 80 54 3.4968615182959998e-04
19 80 55 3.4128473728179998e-04
19 80 56 3.4611724746129999e-04
19 80 57 3.3558883402540001e-04
19 80 58 3.3400354428139999e-04
19 80 59 3.2125922721160002e-04
19 80 60 3.2271576403770003e-04
19 80 61 3.5227111545469997e-04
19 80 62 3.5209423184509998e-04
19 80 63 3.1739454196137855e-30
19 88 0 6.2192365824820461e-01
19 88 1 8.4333680270460731e-01
19 88 2 8.1947520524212503e-01
19 88 3 4.9449136940572558e-01
19 88 4 3.3372010355957338e-01
19 88 5 2.3357371927805570e-01
19 88 6 1.6058019329156900e-01
19 88 7 1.1445965479008030e-01
19 88 8 8.1988607012622894e-02
19 88 9 6.1274168399389602e-02
19 88 10 4.5412922613270498e-02
19 88 11 3.4274105515217000e-02
19 88 12 2.5623126515119599e-02
19 88 13 1.9358831221961598e-02
19 88 14 1.4448135635015400e-02
19 88 15 1.1250664490009500e-02
19 88 16 8.5789143434036996e-03
19 88 17 6.6771770832986001e-03
19 88 18 5.2307170908252997e-03
19 88 19 4.1945845805752002e-03
19 88 20 3.4170870744928000e-03
19 88 21 2.7936736747057002e-03
19 88 22 2.3573287354118001e-03
19 88 23 1.9898352102492001e-03
19 88 24 1.7121922111456001e-03
19 88 25 1.5357977570296000e-03
19 88 26 1.3588529032382999e-03
19 88 27 1.2030625544249001e-03
19 88 28 1.1084357637758000e-03
19 88 29 1.0157454773650999e-03
19 88 30 9.1893557589339998e-04
19 88 31 8.5143148445959997e-04
19 88 32 7.9544939866240001e-04
19 88 33 7.5700690909049999e-04
19 88 34 7.1432054645460005e-04
19 88 35 6.6755822413400005e-04
19 88 36 6.3554885523050002e-04
19 88 37 6.0700757697910003e-04
19 88 38 5.8960664985530000e-04
19 88 39 5.6664788873430000e-04
19 88 40 5.4457627877449997e-04
19 88 41 5.2280177232190005e-04
19 88 42 5.0624854293600003e-04
19 88 43 4.8845725747800005e-04
19 88 44 4.8194132979740000e-04
19 88 45 4.7019582953089999e-04
19 88 46 4.5670219114560002e-04
19 88 47 4.4751766885119999e-04
19 88 48 4.3694520082960002e-04
19 88 49 4.2782591682970000e-04
19 88 50 4.2314692411139998e-04
19 88 51 4.1156228243040000e-04
19 88 52 4.0289948713519998e-04
19 88 53 4.0306259403949997e-04
19 88 54 3.9687455482159998e-04
19 88 55 3.8902687612950000e-04
19 88 56 3.8365299791300001e-04
19 88 57 3.8377483971150002e-04
19 88 58 3.7431288942929998e-04
19 88 59 3.6450848204709998e-04
19 88 60 3.7015585028699998e-04
19 88 61 4.0627484510230002e-04
19 88 62 3.8807627064089999e-04
19 88 63 3.3394091260198963e-30
19 96 0 6.1118084052262767e-01
19 96 1 8.3126881354092974e-01
19 96 2 8.2032227713252770e-01
19 96 3 4.9965090802106210e-01
19 96 4 3.4589730718322759e-01
19 96 5 2.4477761292401939e-01
19 96 6 1.7186423318006619e-01
19 96 7 1.2448740031651601e-01
19 96 8 9.1419789296523501e-02
19 96 9 6.8683110184479507e-02
19 96 10 5.2115815446931703e-02
19 96 11 3.9280579981789202e-02
19 96 12 3.0695706284976199e-02
19 96 13 2.3585504990394100e-02
19 96 14 1.8686114444146799e-02
19 96 15 1.4286371169025199e-02
19 96 16 1.0977313365795200e-02
19 96 17 8.5049837603167998e-03
19 96 18 6.7790225995034000e-03
19 96 19 5.3196167020363996e-03
19 96 20 4.3402256637845001e-03
19 96 21 3.5065045465696998e-03
19 96 22 2.9324029325351999e-03
19 96 23 2.4512029501788002e-03
19 96 24 2.1184018745047002e-03
19 96 25 1.8635892369760999e-03
19 96 26 1.6062665002932000e-03
19 96 27 1.4502518847602001e-03
19 96 28 1.3264655933528000e-03
19 96 29 1.1687727880731000e-03
19 96 30 1.0906441989469999e-03
19 96 31 9.8303569329830000e-04
19 96 32 9.2307038472090000e-04
19 96 33 8.6014656965200005e-04
19 96 34 8.0388838221310004e-04
19 96 35 7.6784985703240004e-04
19 96 36 7.3409772007770001e-04
19 96 37 6.8964504868199996e-04
19 96 38 6.6542949316229999e-04
19 96 39 6.3741506787710000e-04
19 96 40 6.1660086667309996e-04
19 96 41 6.0114702283340000e-04
19 96 42 5.7427406843779997e-04
19 96 43 5.5180693564940003e-04
19 96 44 5.3882994950230003e-04
19 96 45 5.2639807929620000e-04
19 96 46 5.1076352728400001e-04
19 96 47 5.0053504926989999e-04
19 96 48 4.8869680460990003e-04
19 96 49 4.7747393925539998e-04
19 96 50 4.7207619431230001e-04
19 96 51 4.7229796245710001e-04
19 96 52 4.5662258191349998e-04
19 96 53 4.5621711522599999e-04
19 96 54 4.4261589122120002e-04
19 96 55 4.3441965959510002e-04
19 96 56 4.3124812324510001e-04
19 96 57 4.2995164439070001e-04
19 96 58 4.1636739825410001e-04
19 96 59 4.0744546908189999e-04
19 96 60 4.2497647964400001e-04
19 96 61 4.5478378313679998e-04
19 96 62 4.3070057818369998e-04
19 96 63 3.5254930899096170e-30
19 104 0 5.6816288607333876e-01
19 104 1 8.4342446265891535e-01
19 104 2 8.0684986349686683e-01
19 104 3 5.2991409851049553e-01
19 104 4 3.5674051584238231e-01
19 104 5 2.4761087835384421e-01
19 104 6 1.8254599419113990e-01
19 104 7 1.3469537681279681e-01
19 104 8 9.9985589481008094e-02
19 104 9 7.6152412019313498e-02
19 104 10 5.8145231873216699e-02
19 104 11 4.5204902399756199e-02
19 104 12 3.6115089237531900e-02
19 104 13 2.8643699098170099e-02
19 104 14 2.2438268365479300e-02
19 104 15 1.7879231981334998e-02
19 104 16 1.4117495067519401e-02
19 104 17 1.0906262661000700e-02
19 104 18 8.7385248574533992e-03
19 104 19 6.9225233981225999e-03
19 104 20 5.5279095305404997e-03
19 104 21 4.4689552933525004e-03
19 104 22 3.6620607537395000e-03
19 104 23 3.0805945163708002e-03
19 104 24 2.6078177991666002e-03
19 104 25 2.2554777493399001e-03
19 104 26 1.9430040906008000e-03
19 104 27 1.7123031191169000e-03
19 104 28 1.5370913919648000e-03
19 104 29 1.4181529449558000e-03
19 104 30 1.2615016981399000e-03
19 104 31 1.1550842904705001e-03
19 104 32 1.0897772733346001e-03
19 104 33 1.0094943965750999e-03
19 104 34 9.3992639775399998e-04
19 104 35 8.8555785168839996e-04
19 104 36 8.3568790074400000e-04
19 104 37 8.0736844539029998e-04
19 104 38 7.6351355641859995e-04
19 104 39 7.3646374719080004e-04
19 104 40 6.9752219928789999e-04
19 104 41 6.8265662895619997e-04
19 104 42 6.4029097982930001e-04
19 104 43 6.2715807188360004e-04
19 104 44 6.0661138434099995e-04
19 104 45 5.9442751484140000e-04
19 104 46 5.8346575001389997e-04
19 104 47 5.6650281596010003e-04
19 104 48 5.4808934814410001e-04
19 104 49 5.4674626995789997e-04
19 104 50 5.2747105143229999e-04
19 104 51 5.3117600753330000e-04
19 104 52 5.1008273662450003e-04
19 104 53 5.0747725307930002e-04
19 104 54 5.0550113705699997e-04
19 104 55 5.0002726859420005e-04
19 104 56 4.9080415854089998e-04
19 104 57 4.8378758370920002e-04
19 104 58 4.7062806420929999e-04
19 104 59 4.7060476016590002e-04
19 104 60 4.8452973288939997e-04
19 104 61 5.0716374696550002e-04
19 104 62 4.8784629790150002e-04
19 104 63 3.6332537240424444e-30
