# Tau Act n Variance
# (n=0 represents var_a0_sq)
0.1 0 0 9.5912511743401641e-01
0.1 0 1 2.8184040353353101e-01
0.1 0 2 1.2334054227525500e-01
0.1 0 3 5.4904659883008300e-02
0.1 0 4 3.1237326313977701e-02
0.1 0 5 2.0220079327772200e-02
0.1 0 6 1.4106698779245700e-02
0.1 0 7 1.0582789818320400e-02
0.1 0 8 8.0859567413393996e-03
0.1 0 9 6.4770016758454001e-03
0.1 0 10 5.2087581159118001e-03
0.1 0 11 4.2957438402435998e-03
0.1 0 12 3.6490360135012002e-03
0.1 0 13 3.1733644927333000e-03
0.1 0 14 2.7458111819483998e-03
0.1 0 15 2.3682833235456001e-03
0.1 0 16 2.1225475561070001e-03
0.1 0 17 1.9005810096813999e-03
0.1 0 18 1.7126169059103000e-03
0.1 0 19 1.5400462466782000e-03
0.1 0 20 1.4174774587092001e-03
0.1 0 21 1.2978442275958001e-03
0.1 0 22 1.1903640855293999e-03
0.1 0 23 1.0999693421139000e-03
0.1 0 24 1.0199778306125000e-03
0.1 0 25 9.3722499661389998e-04
0.1 0 26 8.8126051026140000e-04
0.1 0 27 8.2417239100199995e-04
0.1 0 28 7.7815682857750002e-04
0.1 0 29 7.5140100758600004e-04
0.1 0 30 6.9336240375809997e-04
0.1 0 31 6.7500981397190004e-04
0.1 0 32 6.2808116533209996e-04
0.1 0 33 6.0091671793369996e-04
0.1 0 34 5.7494445084919996e-04
0.1 0 35 5.5642411283330002e-04
0.1 0 36 5.3962625468100000e-04
0.1 0 37 5.1423316138499999e-04
0.1 0 38 5.0632458726519996e-04
0.1 0 39 4.8607565388130000e-04
0.1 0 40 4.6457802633950002e-04
0.1 0 41 4.4813233764560002e-04
0.1 0 42 4.3924660954790002e-04
0.1 0 43 4.2895401783520001e-04
0.1 0 44 4.1862500789000001e-04
0.1 0 45 4.0272377197960000e-04
0.1 0 46 3.9835788239710000e-04
0.1 0 47 3.9388537378289999e-04
0.1 0 48 3.8965881865829998e-04
0.1 0 49 3.7365958576710001e-04
0.1 0 50 3.7603682076920000e-04
0.1 0 51 3.6723657420579999e-04
0.1 0 52 3.6161459999229999e-04
0.1 0 53 3.5554998091890001e-04
0.1 0 54 3.4876828467489998e-04
0.1 0 55 3.4731216061809999e-04
0.1 0 56 3.4343519105970002e-04
0.1 0 57 3.4394237637959998e-04
0.1 0 58 3.4168864101479998e-04
0.1 0 59 3.4134388861430001e-04
0.1 0 60 3.3925409430149997e-04
0.1 0 61 3.3276787725400000e-04
0.1 0 62 3.3936343826230001e-04
0.1 0 63 2.7756404217289904e-30
0.1 8 0 9.2582998670806782e-01
0.1 8 1 2.6180582195612462e-01
0.1 8 2 1.5130624021997721e-01
0.1 8 3 7.5210763050305995e-02
0.1 8 4 4.6154900959205200e-02
0.1 8 5 2.7545126420875300e-02
0.1 8 6 1.9246665726918799e-02
0.1 8 7 1.3289696701083200e-02
0.1 8 8 1.0200570928378699e-02
0.1 8 9 7.9361173194839995e-03
0.1 8 10 6.2137442498552999e-03
0.1 8 11 5.0928255565788000e-03
0.1 8 12 4.2035641095428001e-03
0.1 8 13 3.5670101446765999e-03
0.1 8 14 3.1010629283127001e-03
0.1 8 15 2.6399432325257999e-03
0.1 8 16 2.3129317605484999e-03
0.1 8 17 2.0529775819373998e-03
0.1 8 18 1.8547348242821001e-03
0.1 8 19 1.6415358299502001e-03
0.1 8 20 1.4829654457435000e-03
0.1 8 21 1.3424887968170999e-03
0.1 8 22 1.2438346430461000e-03
0.1 8 23 1.1190444089447000e-03
0.1 8 24 1.0553616725826999e-03
0.1 8 25 9.6622647638649995e-04
0.1 8 26 9.1537758058970000e-04
0.1 8 27 8.4827201358510002e-04
0.1 8 28 8.0496230836870004e-04
0.1 8 29 7.5624120775100005e-04
0.1 8 30 7.1733741776520000e-04
0.1 8 31 6.8147086725680000e-04
0.1 8 32 6.5687173044719997e-04
0.1 8 33 6.0299164548059995e-04
0.1 8 34 5.8693951776610004e-04
0.1 8 35 5.6014406891070000e-04
0.1 8 36 5.4221217920429998e-04
0.1 8 37 5.2328961700799995e-04
0.1 8 38 5.0144414726280002e-04
0.1 8 39 4.8483810708179999e-04
0.1 8 40 4.6546388786859998e-04
0.1 8 41 4.5920693146940002e-04
0.1 8 42 4.4720562517150002e-04
0.1 8 43 4.2742238847380000e-04
0.1 8 44 4.2482889361370000e-04
0.1 8 45 4.0489960142409999e-04
0.1 8 46 4.0366323780529999e-04
0.1 8 47 3.9521774691890000e-04
0.1 8 48 3.8924293555279998e-04
0.1 8 49 3.8640263124230001e-04
0.1 8 50 3.7358168184970002e-04
0.1 8 51 3.6774981680369999e-04
0.1 8 52 3.5665141083810002e-04
0.1 8 53 3.5243445243709999e-04
0.1 8 54 3.5386227899630000e-04
0.1 8 55 3.4957448392380002e-04
0.1 8 56 3.4181148199379999e-04
0.1 8 57 3.3825735376739999e-04
0.1 8 58 3.4245855606699997e-04
0.1 8 59 3.4566963776489997e-04
0.1 8 60 3.4060938443380002e-04
0.1 8 61 3.3474947455160002e-04
0.1 8 62 3.3107283879940002e-04
0.1 8 63 2.7906759480306532e-30
0.1 16 0 4.9786893143512451e-01
0.1 16 1 6.2308759032131433e-01
0.1 16 2 3.7503200930267000e-01
0.1 16 3 1.6990538470735109e-01
0.1 16 4 1.0392772372076919e-01
0.1 16 5 6.0495795876051597e-02
0.1 16 6 4.4199076815192202e-02
0.1 16 7 3.0370582050259401e-02
0.1 16 8 2.1760033827455099e-02
0.1 16 9 1.5670176181493300e-02
0.1 16 10 1.1878041553465300e-02
0.1 16 11 9.1739126870351000e-03
0.1 16 12 7.2603472410665004e-03
0.1 16 13 5.8357891959220001e-03
0.1 16 14 4.8083530427308003e-03
0.1 16 15 4.0215695422462002e-03
0.1 16 16 3.3877538759859000e-03
0.1 16 17 2.8988967016498001e-03
0.1 16 18 2.5054740166606999e-03
0.1 16 19 2.1353575324381002e-03
0.1 16 20 1.9250106153325000e-03
0.1 16 21 1.7133962222725999e-03
0.1 16 22 1.5126121985890000e-03
0.1 16 23 1.3963391202528000e-03
0.1 16 24 1.2511213864822999e-03
0.1 16 25 1.1431449035398001e-03
0.1 16 26 1.0609569933793001e-03
0.1 16 27 9.8110241914739992e-04
0.1 16 28 9.0620080098680002e-04
0.1 16 29 8.4814894897040005e-04
0.1 16 30 7.9374936786039997e-04
0.1 16 31 7.4504150996620002e-04
0.1 16 32 6.9673781671290001e-04
0.1 16 33 6.7202051143439999e-04
0.1 16 34 6.4063315973329998e-04
0.1 16 35 5.9758408032420005e-04
0.1 16 36 5.7852176744320005e-04
0.1 16 37 5.4848385002060002e-04
0.1 16 38 5.2829333568010003e-04
0.1 16 39 5.1451689978340004e-04
0.1 16 40 4.9090751285769995e-04
0.1 16 41 4.7849063782050001e-04
0.1 16 42 4.5767849830280000e-04
0.1 16 43 4.4856176717170002e-04
0.1 16 44 4.4012167664000002e-04
0.1 16 45 4.2657981748930000e-04
0.1 16 46 4.1573535136100000e-04
0.1 16 47 4.0957493410459999e-04
0.1 16 48 3.9454861279419998e-04
0.1 16 49 3.8989316104530002e-04
0.1 16 50 3.8571993901789997e-04
0.1 16 51 3.7598245281310002e-04
0.1 16 52 3.7153187156059998e-04
0.1 16 53 3.6765991239610002e-04
0.1 16 54 3.6231609755119998e-04
0.1 16 55 3.5584721304029998e-04
0.1 16 56 3.4935216293850003e-04
0.1 16 57 3.5361041814779999e-04
0.1 16 58 3.4662643983759999e-04
0.1 16 59 3.4885394091219998e-04
0.1 16 60 3.5006386977520001e-04
0.1 16 61 3.4488402025480001e-04
0.1 16 62 3.3867091719360000e-04
0.1 16 63 2.0548917741794638e-30
0.1 32 0 2.9098053188179468e-01
0.1 32 1 5.7004295834792407e-01
0.1 32 2 3.8767527906734262e-01
0.1 32 3 2.7174332001493950e-01
0.1 32 4 1.6106306212871069e-01
0.1 32 5 1.1984231826901449e-01
0.1 32 6 9.0057976520757296e-02
0.1 32 7 6.4707190390648997e-02
0.1 32 8 4.9746024357026603e-02
0.1 32 9 3.7724546287199699e-02
0.1 32 10 3.0624320747222700e-02
0.1 32 11 2.3983169534249001e-02
0.1 32 12 1.9521753468084602e-02
0.1 32 13 1.5676495646697500e-02
0.1 32 14 1.3142163472740999e-02
0.1 32 15 1.0562556183617001e-02
0.1 32 16 8.8523135376673001e-03
0.1 32 17 7.4448479930341004e-03
0.1 32 18 6.3641853310553997e-03
0.1 32 19 5.5372782537003997e-03
0.1 32 20 4.6689422362025000e-03
0.1 32 21 4.0142911916010004e-03
0.1 32 22 3.4894291047544001e-03
0.1 32 23 3.0192402325580998e-03
0.1 32 24 2.6426181911534002e-03
0.1 32 25 2.3336947453350999e-03
0.1 32 26 2.0614792432661999e-03
0.1 32 27 1.8743056977471001e-03
0.1 32 28 1.6605538828875000e-03
0.1 32 29 1.5061888293050000e-03
0.1 32 30 1.3558221732841999e-03
0.1 32 31 1.2493048577188000e-03
0.1 32 32 1.1470608115749000e-03
0.1 32 33 1.0559306013132000e-03
0.1 32 34 9.8315341450920003e-04
0.1 32 35 9.1652872965169996e-04
0.1 32 36 8.4800276008679997e-04
0.1 32 37 7.9619414059680000e-04
0.1 32 38 7.4472271236190001e-04
0.1 32 39 7.0518663920659998e-04
0.1 32 40 6.7833251405469998e-04
0.1 32 41 6.4074733680299998e-04
0.1 32 42 6.0086776253699995e-04
0.1 32 43 5.9129220687720004e-04
0.1 32 44 5.5457170531089998e-04
0.1 32 45 5.4561754134780001e-04
0.1 32 46 5.2402234532140002e-04
0.1 32 47 5.0637018252080003e-04
0.1 32 48 4.9327435855010002e-04
0.1 32 49 4.8021830499619998e-04
0.1 32 50 4.7187193445260000e-04
0.1 32 51 4.5712252621159997e-04
0.1 32 52 4.4447992933670000e-04
0.1 32 53 4.3660494105310002e-04
0.1 32 54 4.3325355025689998e-04
0.1 32 55 4.1613916027749998e-04
0.1 32 56 4.1991099756299999e-04
0.1 32 57 4.1207249601780000e-04
0.1 32 58 4.1016000840900002e-04
0.1 32 59 4.0718703445580002e-04
0.1 32 60 4.0499965553429998e-04
0.1 32 61 4.0240178179330000e-04
0.1 32 62 4.0389393220029997e-04
0.1 32 63 1.9302157790237881e-30
0.1 48 0 2.4551612686977931e-01
0.1 48 1 4.0514211397570710e-01
0.1 48 2 3.4812144435211201e-01
0.1 48 3 2.6468602603766850e-01
0.1 48 4 1.9841044218712089e-01
0.1 48 5 1.4796102621395141e-01
0.1 48 6 1.1627456830944299e-01
0.1 48 7 9.2835462713289102e-02
0.1 48 8 7.2188238323607601e-02
0.1 48 9 5.9117969283167100e-02
0.1 48 10 4.7923949270921501e-02
0.1 48 11 3.9901498944613402e-02
0.1 48 12 3.3013351337927897e-02
0.1 48 13 2.7711179632709099e-02
0.1 48 14 2.3458174053288500e-02
0.1 48 15 2.0029559370001900e-02
0.1 48 16 1.6773183392998599e-02
0.1 48 17 1.4362620971168499e-02
0.1 48 18 1.2529652950658100e-02
0.1 48 19 1.0552001776248701e-02
0.1 48 20 9.1124897012031005e-03
0.1 48 21 7.9746024802046997e-03
0.1 48 22 7.1136592044503998e-03
0.1 48 23 6.0629262614305002e-03
0.1 48 24 5.3488498137779002e-03
0.1 48 25 4.7385970075508000e-03
0.1 48 26 4.1938112301482004e-03
0.1 48 27 3.7270045258901000e-03
0.1 48 28 3.2992355352468002e-03
0.1 48 29 2.9704121593731999e-03
0.1 48 30 2.6930962407986998e-03
0.1 48 31 2.4133050095415001e-03
0.1 48 32 2.1817851726467002e-03
0.1 48 33 2.0075416935357001e-03
0.1 48 34 1.7980877019562001e-03
0.1 48 35 1.6394697886094999e-03
0.1 48 36 1.4971720648056001e-03
0.1 48 37 1.4201985352113001e-03
0.1 48 38 1.3058559998257999e-03
0.1 48 39 1.2225141962312000e-03
0.1 48 40 1.1243415102639000e-03
0.1 48 41 1.0524658086157000e-03
0.1 48 42 9.8645346842100010e-04
0.1 48 43 9.4297867652320001e-04
0.1 48 44 9.0523349096589996e-04
0.1 48 45 8.5653905678580004e-04
0.1 48 46 8.1763129634349996e-04
0.1 48 47 7.8002883625689998e-04
0.1 48 48 7.5474798556530000e-04
0.1 48 49 7.2697689886000005e-04
0.1 48 50 6.8911992197719996e-04
0.1 48 51 6.7487920797869999e-04
0.1 48 52 6.5506588317690002e-04
0.1 48 53 6.4015771329309996e-04
0.1 48 54 6.1614117550369996e-04
0.1 48 55 6.1121484773899999e-04
0.1 48 56 6.0565032246700005e-04
0.1 48 57 5.9609395414419997e-04
0.1 48 58 5.9054545957070001e-04
0.1 48 59 5.8447207379050002e-04
0.1 48 60 5.7357067320230003e-04
0.1 48 61 5.7340234766360004e-04
0.1 48 62 5.6657938344150001e-04
0.1 48 63 2.5130045401433444e-30
0.1 64 0 2.1062947808216681e-01
0.1 64 1 3.4911143901946279e-01
0.1 64 2 3.1013434859665989e-01
0.1 64 3 2.4368752764879070e-01
0.1 64 4 2.0314287466483669e-01
0.1 64 5 1.5654275081044339e-01
0.1 64 6 1.2780935190287621e-01
0.1 64 7 1.0605294996908790e-01
0.1 64 8 8.6465267559282299e-02
0.1 64 9 7.2015952079265602e-02
0.1 64 10 6.0783463959555500e-02
0.1 64 11 5.1438265428504201e-02
0.1 64 12 4.3798912416986899e-02
0.1 64 13 3.7408705647843397e-02
0.1 64 14 3.1720387936639900e-02
0.1 64 15 2.7310598479176901e-02
0.1 64 16 2.3451275883008299e-02
0.1 64 17 2.0596443168958201e-02
0.1 64 18 1.7689673107160100e-02
0.1 64 19 1.5628792715492699e-02
0.1 64 20 1.3701801762959600e-02
0.1 64 21 1.1969386240355800e-02
0.1 64 22 1.0672409231943999e-02
0.1 64 23 9.2710364679995001e-03
0.1 64 24 8.2689820584206999e-03
0.1 64 25 7.3701700631885001e-03
0.1 64 26 6.5237289987546002e-03
0.1 64 27 5.9055945563092002e-03
0.1 64 28 5.2732998258588001e-03
0.1 64 29 4.7407748390939997e-03
0.1 64 30 4.2502827924931997e-03
0.1 64 31 3.8426370723943001e-03
0.1 64 32 3.5015753193367999e-03
0.1 64 33 3.1593223480946000e-03
0.1 64 34 2.8659989494985000e-03
0.1 64 35 2.6421330100770998e-03
0.1 64 36 2.4454440292636000e-03
0.1 64 37 2.2006618765885999e-03
0.1 64 38 2.0801100035771000e-03
0.1 64 39 1.8991182142971000e-03
0.1 64 40 1.8518818328762999e-03
0.1 64 41 1.6797249153532000e-03
0.1 64 42 1.6017478832992000e-03
0.1 64 43 1.4894569375886999e-03
0.1 64 44 1.3940986136104000e-03
0.1 64 45 1.3131516292703999e-03
0.1 64 46 1.2401288502653001e-03
0.1 64 47 1.2088606089391001e-03
0.1 64 48 1.1422902776238000e-03
0.1 64 49 1.0938387851735999e-03
0.1 64 50 1.0611890650342999e-03
0.1 64 51 1.0243332675407000e-03
0.1 64 52 9.9545768392640004e-04
0.1 64 53 9.6138777315100000e-04
0.1 64 54 9.3752722641810005e-04
0.1 64 55 9.0726155559099999e-04
0.1 64 56 9.0142981817970002e-04
0.1 64 57 8.8355633282800005e-04
0.1 64 58 8.8460262825849998e-04
0.1 64 59 8.5875971560779997e-04
0.1 64 60 8.6587376161100004e-04
0.1 64 61 8.4276641007590000e-04
0.1 64 62 8.4351711448620004e-04
0.1 64 63 2.8953556669005169e-30
0.1 72 0 1.9480684384322600e-01
0.1 72 1 3.4648550396045202e-01
0.1 72 2 3.0244447094602839e-01
0.1 72 3 2.4349943498122570e-01
0.1 72 4 1.9379683508340059e-01
0.1 72 5 1.5501947789126111e-01
0.1 72 6 1.2929500834245539e-01
0.1 72 7 1.0904326580039650e-01
0.1 72 8 9.0506142750841401e-02
0.1 72 9 7.5992219298543107e-02
0.1 72 10 6.4101359112708395e-02
0.1 72 11 5.4137116922807899e-02
0.1 72 12 4.7179303858070100e-02
0.1 72 13 3.9871919643982602e-02
0.1 72 14 3.4699437473688297e-02
0.1 72 15 2.9710924470264501e-02
0.1 72 16 2.6159999646498702e-02
0.1 72 17 2.3075857850656099e-02
0.1 72 18 2.0106249654956200e-02
0.1 72 19 1.7552867799214000e-02
0.1 72 20 1.5503141992774800e-02
0.1 72 21 1.3578674246826300e-02
0.1 72 22 1.2397591756140800e-02
0.1 72 23 1.0745660593407000e-02
0.1 72 24 9.3892001229304006e-03
0.1 72 25 8.6338826945394007e-03
0.1 72 26 7.7316597114386997e-03
0.1 72 27 6.8105607538167003e-03
0.1 72 28 6.0898003067992000e-03
0.1 72 29 5.4905067664403999e-03
0.1 72 30 4.9468451561462002e-03
0.1 72 31 4.5826543919888999e-03
0.1 72 32 4.1080035750399001e-03
0.1 72 33 3.7357000898611999e-03
0.1 72 34 3.3882297140245001e-03
0.1 72 35 3.1143116086952000e-03
0.1 72 36 2.8598791666323000e-03
0.1 72 37 2.6424233598464002e-03
0.1 72 38 2.4923713192102001e-03
0.1 72 39 2.2631746003397000e-03
0.1 72 40 2.1363233858701998e-03
0.1 72 41 1.9868246067506999e-03
0.1 72 42 1.8683094195912999e-03
0.1 72 43 1.7848054247896999e-03
0.1 72 44 1.6505514891953000e-03
0.1 72 45 1.5736169669507000e-03
0.1 72 46 1.5009533759265999e-03
0.1 72 47 1.4157731545745001e-03
0.1 72 48 1.3604399486051000e-03
0.1 72 49 1.2782669424575000e-03
0.1 72 50 1.2403182475192000e-03
0.1 72 51 1.2187065777446999e-03
0.1 72 52 1.1674499036420001e-03
0.1 72 53 1.1149996319098001e-03
0.1 72 54 1.0961336716510000e-03
0.1 72 55 1.0744097631202999e-03
0.1 72 56 1.0635824957195999e-03
0.1 72 57 1.0459813292149000e-03
0.1 72 58 1.0342041072354000e-03
0.1 72 59 1.0133879237073000e-03
0.1 72 60 1.0049706600462999e-03
0.1 72 61 1.0091329763441000e-03
0.1 72 62 9.9500849400490005e-04
0.1 72 63 2.9943180037569079e-30
0.1 80 0 1.9801366659719399e-01
0.1 80 1 3.2688810667793550e-01
0.1 80 2 2.9188128298151089e-01
0.1 80 3 2.3672798076815971e-01
0.1 80 4 1.8964835321761050e-01
0.1 80 5 1.5446305334135491e-01
0.1 80 6 1.2841649929302409e-01
0.1 80 7 1.0973936849344811e-01
0.1 80 8 9.2630701382391697e-02
0.1 80 9 7.7702058593040094e-02
0.1 80 10 6.6928259527798600e-02
0.1 80 11 5.7328657963239799e-02
0.1 80 12 4.9198645556802000e-02
0.1 80 13 4.2972545488798600e-02
0.1 80 14 3.6558432071853199e-02
0.1 80 15 3.2523080803742298e-02
0.1 80 16 2.8152206843319299e-02
0.1 80 17 2.4623696464477200e-02
0.1 80 18 2.1548396066456400e-02
0.1 80 19 1.9058506017529800e-02
0.1 80 20 1.6987061386800100e-02
0.1 80 21 1.5051515604452500e-02
0.1 80 22 1.3451965568814801e-02
0.1 80 23 1.2208492467189700e-02
0.1 80 24 1.0606273134763800e-02
0.1 80 25 9.4773746212813998e-03
0.1 80 26 8.6399003768937999e-03
0.1 80 27 7.6112000469529999e-03
0.1 80 28 6.8599770674003004e-03
0.1 80 29 6.2763142473711998e-03
0.1 80 30 5.6536718254403999e-03
0.1 80 31 5.1638488130657002e-03
0.1 80 32 4.6713588698084002e-03
0.1 80 33 4.2363228322009998e-03
0.1 80 34 3.9279103311207000e-03
0.1 80 35 3.5837141700297000e-03
0.1 80 36 3.2908483398780999e-03
0.1 80 37 3.0065800584856998e-03
0.1 80 38 2.8576661502301001e-03
0.1 80 39 2.6232285108090999e-03
0.1 80 40 2.4676301110445002e-03
0.1 80 41 2.2849973011242002e-03
0.1 80 42 2.1387422936317000e-03
0.1 80 43 2.0169505334713999e-03
0.1 80 44 1.9055301566511000e-03
0.1 80 45 1.8024028897549000e-03
0.1 80 46 1.6901593016641001e-03
0.1 80 47 1.6197031592707000e-03
0.1 80 48 1.5613935462963999e-03
0.1 80 49 1.4896039259349001e-03
0.1 80 50 1.4272915442611000e-03
0.1 80 51 1.3948829814302999e-03
0.1 80 52 1.3461281165820000e-03
0.1 80 53 1.3013111253739999e-03
0.1 80 54 1.2689269255529000e-03
0.1 80 55 1.2409371838389999e-03
0.1 80 56 1.2186445402539001e-03
0.1 80 57 1.1979171791415999e-03
0.1 80 58 1.1949870321255999e-03
0.1 80 59 1.1815007726893000e-03
0.1 80 60 1.1724926852398000e-03
0.1 80 61 1.1624138917064001e-03
0.1 80 62 1.1256480660382000e-03
0.1 80 63 3.0656441970568506e-30
0.1 88 0 1.9476812204175009e-01
0.1 88 1 3.0522101902637933e-01
0.1 88 2 2.9574041334516149e-01
0.1 88 3 2.2598131631668100e-01
0.1 88 4 1.9378886179658489e-01
0.1 88 5 1.5535920723597541e-01
0.1 88 6 1.3199015936342681e-01
0.1 88 7 1.1170294231184610e-01
0.1 88 8 9.4084730172212402e-02
0.1 88 9 8.0887390595735603e-02
0.1 88 10 6.8374754030339893e-02
0.1 88 11 5.8851489506228698e-02
0.1 88 12 5.0967884612819300e-02
0.1 88 13 4.4177472641019400e-02
0.1 88 14 3.8155905856538400e-02
0.1 88 15 3.3723696005366198e-02
0.1 88 16 3.0132741635687701e-02
0.1 88 17 2.6161658957869000e-02
0.1 88 18 2.3313953138410799e-02
0.1 88 19 2.0558398577248300e-02
0.1 88 20 1.8273540064790400e-02
0.1 88 21 1.5991303323376501e-02
0.1 88 22 1.4551209388069700e-02
0.1 88 23 1.2843410313590599e-02
0.1 88 24 1.1565310149668301e-02
0.1 88 25 1.0362286895504100e-02
0.1 88 26 9.1909606920997002e-03
0.1 88 27 8.4987773571903995e-03
0.1 88 28 7.5831765809526996e-03
0.1 88 29 6.8551565138339002e-03
0.1 88 30 6.2219459304142999e-03
0.1 88 31 5.7189355662068996e-03
0.1 88 32 5.1733037248141997e-03
0.1 88 33 4.6885192834630997e-03
0.1 88 34 4.2839171612837996e-03
0.1 88 35 3.9173020065678002e-03
0.1 88 36 3.6461392331971001e-03
0.1 88 37 3.3834473136275002e-03
0.1 88 38 3.1459317110742002e-03
0.1 88 39 2.8887136083727001e-03
0.1 88 40 2.7746693353359999e-03
0.1 88 41 2.5560751748224999e-03
0.1 88 42 2.4075716302597002e-03
0.1 88 43 2.2319187217448000e-03
0.1 88 44 2.1289039650536998e-03
0.1 88 45 2.0238758706659999e-03
0.1 88 46 1.9081116037906001e-03
0.1 88 47 1.8355901500537999e-03
0.1 88 48 1.7331319803914999e-03
0.1 88 49 1.6534888695841001e-03
0.1 88 50 1.6091355557389000e-03
0.1 88 51 1.5567075271443001e-03
0.1 88 52 1.5087576553169000e-03
0.1 88 53 1.4665173395921999e-03
0.1 88 54 1.4229774201810999e-03
0.1 88 55 1.4144577766513999e-03
0.1 88 56 1.3783667475002000e-03
0.1 88 57 1.3482914777986001e-03
0.1 88 58 1.3282629498626000e-03
0.1 88 59 1.3310835843015000e-03
0.1 88 60 1.3100082009672000e-03
0.1 88 61 1.3155947817482000e-03
0.1 88 62 1.2810235742858999e-03
0.1 88 63 3.1606602444369745e-30
0.1 96 0 1.9230850486630210e-01
0.1 96 1 3.0311292222984310e-01
0.1 96 2 2.8882048299001650e-01
0.1 96 3 2.3184250094859751e-01
0.1 96 4 1.8742371562515059e-01
0.1 96 5 1.5831634357808350e-01
0.1 96 6 1.3098864736106941e-01
0.1 96 7 1.0948802568741010e-01
0.1 96 8 9.4235295441510103e-02
0.1 96 9 8.0983589604133793e-02
0.1 96 10 6.9732704290006997e-02
0.1 96 11 6.0088409229722799e-02
0.1 96 12 5.3081693646836597e-02
0.1 96 13 4.5730866043982299e-02
0.1 96 14 3.9563331240839300e-02
0.1 96 15 3.4827291984507500e-02
0.1 96 16 3.0749958897925700e-02
0.1 96 17 2.7073848653897298e-02
0.1 96 18 2.4329903657611899e-02
0.1 96 19 2.1470810067709799e-02
0.1 96 20 1.9054550962246002e-02
0.1 96 21 1.7259090555125600e-02
0.1 96 22 1.5423918697048501e-02
0.1 96 23 1.3612893994689500e-02
0.1 96 24 1.2366425158704800e-02
0.1 96 25 1.1220174437175800e-02
0.1 96 26 1.0021074126993500e-02
0.1 96 27 8.9828800721795006e-03
0.1 96 28 8.1686868293253008e-03
0.1 96 29 7.4295798025310004e-03
0.1 96 30 6.7771644779792998e-03
0.1 96 31 6.0515800314980004e-03
0.1 96 32 5.5908988174748998e-03
0.1 96 33 5.1207823908695996e-03
0.1 96 34 4.7435482684117002e-03
0.1 96 35 4.3046525602445001e-03
0.1 96 36 3.9933844267307003e-03
0.1 96 37 3.7451091644015999e-03
0.1 96 38 3.4467939190887002e-03
0.1 96 39 3.1832568900151000e-03
0.1 96 40 2.9859361277560000e-03
0.1 96 41 2.8249614221509001e-03
0.1 96 42 2.6357802865132002e-03
0.1 96 43 2.4386977038064000e-03
0.1 96 44 2.3312938390527998e-03
0.1 96 45 2.2187868624259999e-03
0.1 96 46 2.1263804300882998e-03
0.1 96 47 2.0196239780275000e-03
0.1 96 48 1.9313232067843999e-03
0.1 96 49 1.8515138014211000e-03
0.1 96 50 1.7807472836152999e-03
0.1 96 51 1.7245705122528000e-03
0.1 96 52 1.6749470656993999e-03
0.1 96 53 1.6278996754590001e-03
0.1 96 54 1.5870428035821000e-03
0.1 96 55 1.5210129122481999e-03
0.1 96 56 1.5225652392122000e-03
0.1 96 57 1.5071791232230999e-03
0.1 96 58 1.4870269409291001e-03
0.1 96 59 1.4758561710059999e-03
0.1 96 60 1.4406662705939001e-03
0.1 96 61 1.4278761760281001e-03
0.1 96 62 1.3753345488547999e-03
0.1 96 63 3.2188134237164679e-30
0.1 104 0 1.9030981542000699e-01
0.1 104 1 2.9974419751078679e-01
0.1 104 2 2.8579524031529580e-01
0.1 104 3 2.3358549875012710e-01
0.1 104 4 1.8809514332286409e-01
0.1 104 5 1.5639623926103141e-01
0.1 104 6 1.3187654698409421e-01
0.1 104 7 1.1062247932348200e-01
0.1 104 8 9.6378228309458594e-02
0.1 104 9 8.2484276505447499e-02
0.1 104 10 6.8683449992590406e-02
0.1 104 11 6.1406645582076501e-02
0.1 104 12 5.3711616606278802e-02
0.1 104 13 4.6760750804202798e-02
0.1 104 14 4.0925177541732798e-02
0.1 104 15 3.6389967260207101e-02
0.1 104 16 3.2038277434471102e-02
0.1 104 17 2.8145496655834601e-02
0.1 104 18 2.5111772306592700e-02
0.1 104 19 2.2307116165113501e-02
0.1 104 20 1.9869212512436001e-02
0.1 104 21 1.7765536847469999e-02
0.1 104 22 1.5893968114225401e-02
0.1 104 23 1.4369103964268600e-02
0.1 104 24 1.2925061876710100e-02
0.1 104 25 1.1667019810668601e-02
0.1 104 26 1.0553243174821200e-02
0.1 104 27 9.4497251025602007e-03
0.1 104 28 8.5465848518567998e-03
0.1 104 29 7.7302858779702997e-03
0.1 104 30 7.1451556649749001e-03
0.1 104 31 6.5656109768810001e-03
0.1 104 32 5.9982291368325001e-03
0.1 104 33 5.4335278064787003e-03
0.1 104 34 5.0259609751270003e-03
0.1 104 35 4.5935820663895004e-03
0.1 104 36 4.2612792866471997e-03
0.1 104 37 3.9412600320832998e-03
0.1 104 38 3.6554047578003001e-03
0.1 104 39 3.4786253091379001e-03
0.1 104 40 3.2241211571797999e-03
0.1 104 41 3.0225465339851999e-03
0.1 104 42 2.8401419249206002e-03
0.1 104 43 2.6997231104423001e-03
0.1 104 44 2.5262477227214002e-03
0.1 104 45 2.3996435410432002e-03
0.1 104 46 2.2709342072706998e-03
0.1 104 47 2.1785228826619002e-03
0.1 104 48 2.0675415423566999e-03
0.1 104 49 2.0108446999581001e-03
0.1 104 50 1.9425643938224000e-03
0.1 104 51 1.9080312634190001e-03
0.1 104 52 1.8259503657729000e-03
0.1 104 53 1.7262824851581001e-03
0.1 104 54 1.7269971372735999e-03
0.1 104 55 1.6901059812886999e-03
0.1 104 56 1.6324863139191999e-03
0.1 104 57 1.6325507190286001e-03
0.1 104 58 1.5955425424332001e-03
0.1 104 59 1.5848551475971999e-03
0.1 104 60 1.5618302013800001e-03
0.1 104 61 1.5276049071533001e-03
0.1 104 62 1.5008834061379000e-03
0.1 104 63 3.2707240079658886e-30
1 0 0 9.3861364568747319e-01
1 0 1 3.1704893684657720e-01
1 0 2 1.3043728064960219e-01
1 0 3 5.2991481613488302e-02
1 0 4 3.2475714173847897e-02
1 0 5 1.9854650024242901e-02
1 0 6 1.4173927301960799e-02
1 0 7 1.0364526908073600e-02
1 0 8 8.1190756762950997e-03
1 0 9 6.4672323558977998e-03
1 0 10 5.3052641824685998e-03
1 0 11 4.3270340756464999e-03
1 0 12 3.6605680238248001e-03
1 0 13 3.0952542189722999e-03
1 0 14 2.7033870065164001e-03
1 0 15 2.3972003459301000e-03
1 0 16 2.0939706912238999e-03
1 0 17 1.8666753448228000e-03
1 0 18 1.6972923162566001e-03
1 0 19 1.5338740259869001e-03
1 0 20 1.4242905003610999e-03
1 0 21 1.3075107986314000e-03
1 0 22 1.1753395106438001e-03
1 0 23 1.1081669721682999e-03
1 0 24 1.0270074401516999e-03
1 0 25 9.6269473345569998e-04
1 0 26 8.9267683196300003e-04
1 0 27 8.2919153763909997e-04
1 0 28 7.9244085541630002e-04
1 0 29 7.4747535848050000e-04
1 0 30 7.0792201581720002e-04
1 0 31 6.6813095545170003e-04
1 0 32 6.3638886711890000e-04
1 0 33 6.0359737866349996e-04
1 0 34 5.7263373609240005e-04
1 0 35 5.5947639752710005e-04
1 0 36 5.2260887547560004e-04
1 0 37 5.0759687849469997e-04
1 0 38 4.9632333077559996e-04
1 0 39 4.8677423098550003e-04
1 0 40 4.6037341585760002e-04
1 0 41 4.5644563868309999e-04
1 0 42 4.3751774399889998e-04
1 0 43 4.2463533811940002e-04
1 0 44 4.1145085295430002e-04
1 0 45 4.0954728444660002e-04
1 0 46 3.9642179162079999e-04
1 0 47 3.9041612422699998e-04
1 0 48 3.8195686892290002e-04
1 0 49 3.7059303090740002e-04
1 0 50 3.6761014599899998e-04
1 0 51 3.5965500327849999e-04
1 0 52 3.5704064473550000e-04
1 0 53 3.5264145218669998e-04
1 0 54 3.5132131783649999e-04
1 0 55 3.4546850456870001e-04
1 0 56 3.3783134546059998e-04
1 0 57 3.4716007544259998e-04
1 0 58 3.3679161926499998e-04
1 0 59 3.3683910670260001e-04
1 0 60 3.3667577301640001e-04
1 0 61 3.3410050994650000e-04
1 0 62 3.3462246788349998e-04
1 0 63 2.7607480475673725e-30
1 8 0 5.4619120460617121e-01
1 8 1 6.9834290622144002e-01
1 8 2 3.1173257987243580e-01
1 8 3 1.4071103165051660e-01
1 8 4 8.6754506550455704e-02
1 8 5 4.4001249013259497e-02
1 8 6 3.2212078149997499e-02
1 8 7 2.1196034869969502e-02
1 8 8 1.5513139230456500e-02
1 8 9 1.1700884757400399e-02
1 8 10 8.9081387462218997e-03
1 8 11 6.8947662389430000e-03
1 8 12 5.6359434375140996e-03
1 8 13 4.4705296174524000e-03
1 8 14 3.7868937399959000e-03
1 8 15 3.2017257963173999e-03
1 8 16 2.7042290004996999e-03
1 8 17 2.3635954449253999e-03
1 8 18 2.0870607480183000e-03
1 8 19 1.8446609530189000e-03
1 8 20 1.6170999563703001e-03
1 8 21 1.4601531547690999e-03
1 8 22 1.3238453201513999e-03
1 8 23 1.2207150819790000e-03
1 8 24 1.0955873540969001e-03
1 8 25 1.0257152684493001e-03
1 8 26 9.5057037758020004e-04
1 8 27 8.7914729982740004e-04
1 8 28 8.2393236957939995e-04
1 8 29 7.8027648041760001e-04
1 8 30 7.4111863063999999e-04
1 8 31 6.9888265306099998e-04
1 8 32 6.5158696708649997e-04
1 8 33 6.2116121097820004e-04
1 8 34 5.9848640373410004e-04
1 8 35 5.6970015044839996e-04
1 8 36 5.5362496410889998e-04
1 8 37 5.2435981854979995e-04
1 8 38 5.0844254611069996e-04
1 8 39 4.8355754614669999e-04
1 8 40 4.7712187063999998e-04
1 8 41 4.5917772019020002e-04
1 8 42 4.5350187660700002e-04
1 8 43 4.4182919389550000e-04
1 8 44 4.2154041437220000e-04
1 8 45 4.0851472020920002e-04
1 8 46 4.0945291532640000e-04
1 8 47 3.9590229068230001e-04
1 8 48 3.9009250215729999e-04
1 8 49 3.8420361465069997e-04
1 8 50 3.7453749332490001e-04
1 8 51 3.6798013247870000e-04
1 8 52 3.6655912607259998e-04
1 8 53 3.5452993131259998e-04
1 8 54 3.5499050491909998e-04
1 8 55 3.5622971338389997e-04
1 8 56 3.4997698505740001e-04
1 8 57 3.4927095328940000e-04
1 8 58 3.4189015308469999e-04
1 8 59 3.4054559531169999e-04
1 8 60 3.3504420728400002e-04
1 8 61 3.3773727374430002e-04
1 8 62 3.3783888944039999e-04
1 8 63 1.9874973510790632e-30
1 16 0 3.5561271211002221e-01
1 16 1 5.8296736886790179e-01
1 16 2 4.1547802564486791e-01
1 16 3 2.3947633775229440e-01
1 16 4 1.5417110351033070e-01
1 16 5 1.0422112567615550e-01
1 16 6 7.0278277688088905e-02
1 16 7 5.1502932584231297e-02
1 16 8 3.7464019647309200e-02
1 16 9 2.7856958682065700e-02
1 16 10 2.1640831612531702e-02
1 16 11 1.6764668078516499e-02
1 16 12 1.3352314546792201e-02
1 16 13 1.0528307581260801e-02
1 16 14 8.4515698462903997e-03
1 16 15 6.9056195720511998e-03
1 16 16 5.6955854719432999e-03
1 16 17 4.7166756862519997e-03
1 16 18 3.9218760026871000e-03
1 16 19 3.3987963636826000e-03
1 16 20 2.8564009424386001e-03
1 16 21 2.4269203097682002e-03
1 16 22 2.0923100588934999e-03
1 16 23 1.8913168735513000e-03
1 16 24 1.6401123812183000e-03
1 16 25 1.4663233596969999e-03
1 16 26 1.3314939076230999e-03
1 16 27 1.2099989005869001e-03
1 16 28 1.0915918559512999e-03
1 16 29 9.9608323442330004e-04
1 16 30 9.2960636522590001e-04
1 16 31 8.5138787670039999e-04
1 16 32 7.9042133253850002e-04
1 16 33 7.3644039568549998e-04
1 16 34 6.9942448550950004e-04
1 16 35 6.6787633108580003e-04
1 16 36 6.3198501432410001e-04
1 16 37 6.0316675970059999e-04
1 16 38 5.6743709777029995e-04
1 16 39 5.5359185259449997e-04
1 16 40 5.2340330996620004e-04
1 16 41 5.0580244080979998e-04
1 16 42 4.8953394854440004e-04
1 16 43 4.6643040939090002e-04
1 16 44 4.5996294243119999e-04
1 16 45 4.4658352147379998e-04
1 16 46 4.3898411116600003e-04
1 16 47 4.2580921865420003e-04
1 16 48 4.1833840617049999e-04
1 16 49 4.0483066441629998e-04
1 16 50 3.9672452392179998e-04
1 16 51 3.9117269109140000e-04
1 16 52 3.8064987530900003e-04
1 16 53 3.7908796601820001e-04
1 16 54 3.7140022821319999e-04
1 16 55 3.6802146999059999e-04
1 16 56 3.6937110488600002e-04
1 16 57 3.6054314673749998e-04
1 16 58 3.6420443769130000e-04
1 16 59 3.5196852717950001e-04
1 16 60 3.5597037067380003e-04
1 16 61 3.5783049477299998e-04
1 16 62 3.5517613824529999e-04
1 16 63 1.8636114006575536e-30
1 32 0 2.0506145058380040e-01
1 32 1 4.2633572376712597e-01
1 32 2 3.7681683684428868e-01
1 32 3 2.9034300224841342e-01
1 32 4 2.1048643587777829e-01
1 32 5 1.5854350787184451e-01
1 32 6 1.2377814207244080e-01
1 32 7 9.2864787871269602e-02
1 32 8 7.4656929995041699e-02
1 32 9 5.9596927417623298e-02
1 32 10 4.8049877973845599e-02
1 32 11 3.9511183277598998e-02
1 32 12 3.1760842328622502e-02
1 32 13 2.6882374423401599e-02
1 32 14 2.2258801639937400e-02
1 32 15 1.8806814483533500e-02
1 32 16 1.5560573357094300e-02
1 32 17 1.3330682607381300e-02
1 32 18 1.1297611613113200e-02
1 32 19 9.7747870388817000e-03
1 32 20 8.1734261477070004e-03
1 32 21 6.9703794135545002e-03
1 32 22 6.0421477754892998e-03
1 32 23 5.2875761407506997e-03
1 32 24 4.6054330505893000e-03
1 32 25 4.0234159327764999e-03
1 32 26 3.5117785545993002e-03
1 32 27 3.0893942029774002e-03
1 32 28 2.7146037608541999e-03
1 32 29 2.4171734665032999e-03
1 32 30 2.1519391328893001e-03
1 32 31 1.9777925462813001e-03
1 32 32 1.7859635533262000e-03
1 32 33 1.5833293446000001e-03
1 32 34 1.4555670106145000e-03
1 32 35 1.3372239632458999e-03
1 32 36 1.2175295497995999e-03
1 32 37 1.1352384275666000e-03
1 32 38 1.0464608064454999e-03
1 32 39 9.7127887243550004e-04
1 32 40 9.1765446524869998e-04
1 32 41 8.5699479128460005e-04
1 32 42 7.9670654057309995e-04
1 32 43 7.6973054959460002e-04
1 32 44 7.2404619643499999e-04
1 32 45 6.8984582019639997e-04
1 32 46 6.5850579340930005e-04
1 32 47 6.2551528348129995e-04
1 32 48 6.0861694790399995e-04
1 32 49 5.9381112519040001e-04
1 32 50 5.7502959327119998e-04
1 32 51 5.6234631760710004e-04
1 32 52 5.3518997116050004e-04
1 32 53 5.3375540150999996e-04
1 32 54 5.1735248201870002e-04
1 32 55 5.0811679412130005e-04
1 32 56 5.0154784884989996e-04
1 32 57 4.9563106295069995e-04
1 32 58 4.8403170657780001e-04
1 32 59 4.9251355590510003e-04
1 32 60 4.8240202302869998e-04
1 32 61 4.8234380786270001e-04
1 32 62 4.7897374921720000e-04
1 32 63 2.3296222749376621e-30
1 48 0 1.7651949614708931e-01
1 48 1 3.6718763697831741e-01
1 48 2 3.3940045162829069e-01
1 48 3 2.9208218006609299e-01
1 48 4 2.1230587385693950e-01
1 48 5 1.7015017842802849e-01
1 48 6 1.3528093771187619e-01
1 48 7 1.0673840746720351e-01
1 48 8 8.7951485946549501e-02
1 48 9 7.2441315649008201e-02
1 48 10 6.0195094393390700e-02
1 48 11 4.9192210326026699e-02
1 48 12 4.1196037262510803e-02
1 48 13 3.5377504677259697e-02
1 48 14 2.9821184160599701e-02
1 48 15 2.5396680255798700e-02
1 48 16 2.1918316580554500e-02
1 48 17 1.8708892416097800e-02
1 48 18 1.6432900387659700e-02
1 48 19 1.4056947019669599e-02
1 48 20 1.1982571988653899e-02
1 48 21 1.0593827801054900e-02
1 48 22 9.3038407278029003e-03
1 48 23 8.2119470889912994e-03
1 48 24 7.0922138958711004e-03
1 48 25 6.3660775292210996e-03
1 48 26 5.5549646988806000e-03
1 48 27 4.9767555075355000e-03
1 48 28 4.3096602077237001e-03
1 48 29 3.8848692615082998e-03
1 48 30 3.4929979275026999e-03
1 48 31 3.1099532881453998e-03
1 48 32 2.8166280297882000e-03
1 48 33 2.5793978512958001e-03
1 48 34 2.3218576899765001e-03
1 48 35 2.1247880854208001e-03
1 48 36 1.9598724511194002e-03
1 48 37 1.7989270124987001e-03
1 48 38 1.6625646175274999e-03
1 48 39 1.5399189354996000e-03
1 48 40 1.4398823329604001e-03
1 48 41 1.3318731545225999e-03
1 48 42 1.2643836287434000e-03
1 48 43 1.1769032254696000e-03
1 48 44 1.1222264793211000e-03
1 48 45 1.0636589123217001e-03
1 48 46 1.0089258506715000e-03
1 48 47 9.5356950335190001e-04
1 48 48 9.2985030185480002e-04
1 48 49 8.9890860288220002e-04
1 48 50 8.6261555316880000e-04
1 48 51 8.3593366796089999e-04
1 48 52 8.2014413585029995e-04
1 48 53 7.8355996487079998e-04
1 48 54 7.7003934572960004e-04
1 48 55 7.6616944898950001e-04
1 48 56 7.4634479145450005e-04
1 48 57 7.3067940098159995e-04
1 48 58 7.2679138838000000e-04
1 48 59 7.1580518534460004e-04
1 48 60 7.0654153985640002e-04
1 48 61 7.0614165894290000e-04
1 48 62 6.8475531113890002e-04
1 48 63 2.8367914404500635e-30
1 64 0 1.8009749694525759e-01
1 64 1 3.4097072028962322e-01
1 64 2 3.5097586092257188e-01
1 64 3 2.7750099404349687e-01
1 64 4 2.2003609560269269e-01
1 64 5 1.7007149540327360e-01
1 64 6 1.3890751175083649e-01
1 64 7 1.0999242411843800e-01
1 64 8 9.1122890726422004e-02
1 64 9 7.4956358531929404e-02
1 64 10 6.2968792291185904e-02
1 64 11 5.2574506925986197e-02
1 64 12 4.4830991183241298e-02
1 64 13 3.8229267128586202e-02
1 64 14 3.2484857686622098e-02
1 64 15 2.8083230208071800e-02
1 64 16 2.4521236571018800e-02
1 64 17 2.1173218707103300e-02
1 64 18 1.8199142182846399e-02
1 64 19 1.5911030956705902e-02
1 64 20 1.3932699858020699e-02
1 64 21 1.2080467304774399e-02
1 64 22 1.0787805885549300e-02
1 64 23 9.4023385617701006e-03
1 64 24 8.2633751981222008e-03
1 64 25 7.3780966599380996e-03
1 64 26 6.4900979133866001e-03
1 64 27 5.8048849655236000e-03
1 64 28 5.2735608286299997e-03
1 64 29 4.7322113093067998e-03
1 64 30 4.1936559444144001e-03
1 64 31 3.7903031993074001e-03
1 64 32 3.3967227555497001e-03
1 64 33 3.1358405766160999e-03
1 64 34 2.8883332027497001e-03
1 64 35 2.6790789056583002e-03
1 64 36 2.4181623469981001e-03
1 64 37 2.2870093964409001e-03
1 64 38 2.0656371532189999e-03
1 64 39 1.9253312005502001e-03
1 64 40 1.8629687929896999e-03
1 64 41 1.6889311658176999e-03
1 64 42 1.6023490351257000e-03
1 64 43 1.5395179968293001e-03
1 64 44 1.4122386038574999e-03
1 64 45 1.3700486068793001e-03
1 64 46 1.3083052667471999e-03
1 64 47 1.2403892375692999e-03
1 64 48 1.1786017105930001e-03
1 64 49 1.1465265791172001e-03
1 64 50 1.1120581885035001e-03
1 64 51 1.0616266665673000e-03
1 64 52 1.0507602589782999e-03
1 64 53 1.0171122874259001e-03
1 64 54 1.0012739356410000e-03
1 64 55 9.8344284327120000e-04
1 64 56 9.6417808819000000e-04
1 64 57 9.5394232086559998e-04
1 64 58 9.4365438709199999e-04
1 64 59 9.1654392327880001e-04
1 64 60 9.1908141228950004e-04
1 64 61 9.1475245953069996e-04
1 64 62 8.8359801748119995e-04
1 64 63 2.9926640381590204e-30
1 72 0 1.8740718042552179e-01
1 72 1 3.3338421796234857e-01
1 72 2 3.4876938735543250e-01
1 72 3 2.8509971897151370e-01
1 72 4 2.1959665562249781e-01
1 72 5 1.7579671623552401e-01
1 72 6 1.3767263707690469e-01
1 72 7 1.1233088299222890e-01
1 72 8 9.1064280671552200e-02
1 72 9 7.5623214443374207e-02
1 72 10 6.3056126832995801e-02
1 72 11 5.3436844910388200e-02
1 72 12 4.5596980970237497e-02
1 72 13 3.8333943807510498e-02
1 72 14 3.3331405488951298e-02
1 72 15 2.8492119321803198e-02
1 72 16 2.4459094496729800e-02
1 72 17 2.1424325370015901e-02
1 72 18 1.8622889943126199e-02
1 72 19 1.6416293046739000e-02
1 72 20 1.4399334239873100e-02
1 72 21 1.2401247005895901e-02
1 72 22 1.0922167121028900e-02
1 72 23 9.7298180477722995e-03
1 72 24 8.6334344820720998e-03
1 72 25 7.5825658356237996e-03
1 72 26 6.7449974113325999e-03
1 72 27 6.0423751711261003e-03
1 72 28 5.4031718334281997e-03
1 72 29 4.8955830465802997e-03
1 72 30 4.4217615798000003e-03
1 72 31 3.9662225014814997e-03
1 72 32 3.6045062676644001e-03
1 72 33 3.2795425484485000e-03
1 72 34 3.0300051466534998e-03
1 72 35 2.7903231961244001e-03
1 72 36 2.5440993180271001e-03
1 72 37 2.3616687765570998e-03
1 72 38 2.2176270523957000e-03
1 72 39 2.0949237866331001e-03
1 72 40 1.9634502218121002e-03
1 72 41 1.8141042023193000e-03
1 72 42 1.7232194406530000e-03
1 72 43 1.6398829680472999e-03
1 72 44 1.5576940240784000e-03
1 72 45 1.4630682287882001e-03
1 72 46 1.4139930472857999e-03
1 72 47 1.3386679604971000e-03
1 72 48 1.2999136093312001e-03
1 72 49 1.2504585396572001e-03
1 72 50 1.2121879283435999e-03
1 72 51 1.1663497427559001e-03
1 72 52 1.1496001399076000e-03
1 72 53 1.0831519115685000e-03
1 72 54 1.0878404115979999e-03
1 72 55 1.0524620808179000e-03
1 72 56 1.0457814593288000e-03
1 72 57 1.0407586428246001e-03
1 72 58 1.0269508335074000e-03
1 72 59 1.0294221293469001e-03
1 72 60 1.0055703352570000e-03
1 72 61 9.9619973862109996e-04
1 72 62 9.5416576989270003e-04
1 72 63 3.0261320415515751e-30
1 80 0 1.8023895427842271e-01
1 80 1 3.6152275984850241e-01
1 80 2 3.5628726464980620e-01
1 80 3 2.8767513091206243e-01
1 80 4 2.2420050374945630e-01
1 80 5 1.7463864438199150e-01
1 80 6 1.3802656217389400e-01
1 80 7 1.1169346278061430e-01
1 80 8 9.1440633525717102e-02
1 80 9 7.6339138806830797e-02
1 80 10 6.3446045908387996e-02
1 80 11 5.4370584266843498e-02
1 80 12 4.5629572708657598e-02
1 80 13 3.8312426544698401e-02
1 80 14 3.3194074395325901e-02
1 80 15 2.8659183849482801e-02
1 80 16 2.4459917284065800e-02
1 80 17 2.1516421295942102e-02
1 80 18 1.8757627095878800e-02
1 80 19 1.6438537801242700e-02
1 80 20 1.4443214461416000e-02
1 80 21 1.2906705983740000e-02
1 80 22 1.0915487174884801e-02
1 80 23 9.8525929295074002e-03
1 80 24 8.6914767464819995e-03
1 80 25 7.7181032925907004e-03
1 80 26 6.8086353151644999e-03
1 80 27 6.2162094951850998e-03
1 80 28 5.5740315218376999e-03
1 80 29 4.9714732012598999e-03
1 80 30 4.5613763088829997e-03
1 80 31 4.0734304879873999e-03
1 80 32 3.7505849001981000e-03
1 80 33 3.3952501520072998e-03
1 80 34 3.1281887901055002e-03
1 80 35 2.9740093817584999e-03
1 80 36 2.6949197383885999e-03
1 80 37 2.4729848811970998e-03
1 80 38 2.2898297560759000e-03
1 80 39 2.1807172855554998e-03
1 80 40 2.0198282875094000e-03
1 80 41 1.9223857806730000e-03
1 80 42 1.7925868541955000e-03
1 80 43 1.7270524050765001e-03
1 80 44 1.6409609671858001e-03
1 80 45 1.5666321434245000e-03
1 80 46 1.4986272480382000e-03
1 80 47 1.4484319124586000e-03
1 80 48 1.3641073618267999e-03
1 80 49 1.3314468970381001e-03
1 80 50 1.2790492044844001e-03
1 80 51 1.2570396821069999e-03
1 80 52 1.2153607645670999e-03
1 80 53 1.1970660548037001e-03
1 80 54 1.1723447989907001e-03
1 80 55 1.1431702408165999e-03
1 80 56 1.1375627213402999e-03
1 80 57 1.0935092864977000e-03
1 80 58 1.0862400820334001e-03
1 80 59 1.0878457881607999e-03
1 80 60 1.0715964409961001e-03
1 80 61 1.0585864635229000e-03
1 80 62 1.0070430371433999e-03
1 80 63 2.9959878110837946e-30
1 88 0 1.8690182662853211e-01
1 88 1 3.5818885908051279e-01
1 88 2 3.7302083359960508e-01
1 88 3 2.9235551565158119e-01
1 88 4 2.2994610688323311e-01
1 88 5 1.7562829353262879e-01
1 88 6 1.4183275632533349e-01
1 88 7 1.1227710067105900e-01
1 88 8 9.2636962138404999e-02
1 88 9 7.5949818243385800e-02
1 88 10 6.4083095920792102e-02
1 88 11 5.2928284104499498e-02
1 88 12 4.5937575054906400e-02
1 88 13 3.8321276458232703e-02
1 88 14 3.2842621600521101e-02
1 88 15 2.8512944692887201e-02
1 88 16 2.4660846005793002e-02
1 88 17 2.1560739552578499e-02
1 88 18 1.8728704857733199e-02
1 88 19 1.6079602024776998e-02
1 88 20 1.4085366919891800e-02
1 88 21 1.2657652664169501e-02
1 88 22 1.0986185234662500e-02
1 88 23 9.5271132547548008e-03
1 88 24 8.6368544926431999e-03
1 88 25 7.6837095170932002e-03
1 88 26 6.8742775743628002e-03
1 88 27 6.1528145889339003e-03
1 88 28 5.5055819983194998e-03
1 88 29 4.9313504624926997e-03
1 88 30 4.4716860804848001e-03
1 88 31 4.0776143679670997e-03
1 88 32 3.8028208838588001e-03
1 88 33 3.4161302962940000e-03
1 88 34 3.1832982730313000e-03
1 88 35 2.9319693209967999e-03
1 88 36 2.6971688978443000e-03
1 88 37 2.4964183000888000e-03
1 88 38 2.3788308172959000e-03
1 88 39 2.2170643127542001e-03
1 88 40 2.0838057942329999e-03
1 88 41 1.9593477748838001e-03
1 88 42 1.8409697743571999e-03
1 88 43 1.7746844035267000e-03
1 88 44 1.6760879715284000e-03
1 88 45 1.6040944095492000e-03
1 88 46 1.5391566516717999e-03
1 88 47 1.5048500205863001e-03
1 88 48 1.4257836007326001e-03
1 88 49 1.3994620880310000e-03
1 88 50 1.3399237192581999e-03
1 88 51 1.3000627578603000e-03
1 88 52 1.2817682137199000e-03
1 88 53 1.2502945843626001e-03
1 88 54 1.2347019945389999e-03
1 88 55 1.2177449348618999e-03
1 88 56 1.1849477502570999e-03
1 88 57 1.2004509966790000e-03
1 88 58 1.1479886684494000e-03
1 88 59 1.1550220442677001e-03
1 88 60 1.1299318388249999e-03
1 88 61 1.0967998090713001e-03
1 88 62 1.0506744082574000e-03
1 88 63 3.0591143620057944e-30
1 96 0 1.8639566432145341e-01
1 96 1 3.7123859260318831e-01
1 96 2 3.7504572057842178e-01
1 96 3 2.9916610601075749e-01
1 96 4 2.3772518645842061e-01
1 96 5 1.8091081963794020e-01
1 96 6 1.4313917694626799e-01
1 96 7 1.1403516231656501e-01
1 96 8 9.2255569935221896e-02
1 96 9 7.7106631795654496e-02
1 96 10 6.4231065020970896e-02
1 96 11 5.3735275268358702e-02
1 96 12 4.5305481855726401e-02
1 96 13 3.8695542947589201e-02
1 96 14 3.3072063530792603e-02
1 96 15 2.8390728179521100e-02
1 96 16 2.4922224234098799e-02
1 96 17 2.1594453748228399e-02
1 96 18 1.8981938934102799e-02
1 96 19 1.6221803212916702e-02
1 96 20 1.4141557915469101e-02
1 96 21 1.2501087779375900e-02
1 96 22 1.1135822196692201e-02
1 96 23 9.8417035094250996e-03
1 96 24 8.6455161837720000e-03
1 96 25 7.5276153716166997e-03
1 96 26 6.8407297110310000e-03
1 96 27 6.2382615664561001e-03
1 96 28 5.6017210762153002e-03
1 96 29 4.9990009897565996e-03
1 96 30 4.5597439453542001e-03
1 96 31 4.1976328009532002e-03
1 96 32 3.8470571580747001e-03
1 96 33 3.5097813394685002e-03
1 96 34 3.2121947407940999e-03
1 96 35 2.9758534120786998e-03
1 96 36 2.8033387861510000e-03
1 96 37 2.5981827149152001e-03
1 96 38 2.4144359202535998e-03
1 96 39 2.2666087432469998e-03
1 96 40 2.1359514074793000e-03
1 96 41 2.0322430455785999e-03
1 96 42 1.9225781586123000e-03
1 96 43 1.8157499962738999e-03
1 96 44 1.7353689773088000e-03
1 96 45 1.6496921410379000e-03
1 96 46 1.6354983316999000e-03
1 96 47 1.5607775415397999e-03
1 96 48 1.5065995306300000e-03
1 96 49 1.4448343358880000e-03
1 96 50 1.4066161914359999e-03
1 96 51 1.3795170550817001e-03
1 96 52 1.3360562481217000e-03
1 96 53 1.3185446142000999e-03
1 96 54 1.2913319930511001e-03
1 96 55 1.2744483440290000e-03
1 96 56 1.2616120821967000e-03
1 96 57 1.2223481053584000e-03
1 96 58 1.2054947227792001e-03
1 96 59 1.1980595782112001e-03
1 96 60 1.1865775508957000e-03
1 96 61 1.1591876596723999e-03
1 96 62 1.0908990137828999e-03
1 96 63 3.0822023555585422e-30
1 104 0 1.8718742295924520e-01
1 104 1 3.8764947776692199e-01
1 104 2 3.8395414566326902e-01
1 104 3 3.1154180407130427e-01
1 104 4 2.3980261364881619e-01
1 104 5 1.8499924568398279e-01
1 104 6 1.4231965305535341e-01
1 104 7 1.1566575299699090e-01
1 104 8 9.3459151654485900e-02
1 104 9 7.7222776298905296e-02
1 104 10 6.4699976959714994e-02
1 104 11 5.3828962078682201e-02
1 104 12 4.5028820405409502e-02
1 104 13 3.9311166361267698e-02
1 104 14 3.3759633276617997e-02
1 104 15 2.8391559113141000e-02
1 104 16 2.4643036984473999e-02
1 104 17 2.1487241851470901e-02
1 104 18 1.8328257522729902e-02
1 104 19 1.6107051706288900e-02
1 104 20 1.4352329698396799e-02
1 104 21 1.2508512230856200e-02
1 104 22 1.1043342367838899e-02
1 104 23 9.6798460539637005e-03
1 104 24 8.6408391091633008e-03
1 104 25 7.7463910392567004e-03
1 104 26 6.8427942486003002e-03
1 104 27 6.1793557082002997e-03
1 104 28 5.5343404376096998e-03
1 104 29 5.0599699931130997e-03
1 104 30 4.5333690432785003e-03
1 104 31 4.1716560036037997e-03
1 104 32 3.8503249730416000e-03
1 104 33 3.5236981115447001e-03
1 104 34 3.2397005228692998e-03
1 104 35 3.0068855028590998e-03
1 104 36 2.7997871176944000e-03
1 104 37 2.6219472675396999e-03
1 104 38 2.4748160324075002e-03
1 104 39 2.2935299030659999e-03
1 104 40 2.1887841426150999e-03
1 104 41 2.0734375697463001e-03
1 104 42 1.9727428279150000e-03
1 104 43 1.8773465997672001e-03
1 104 44 1.7666494065417000e-03
1 104 45 1.7202117754617000e-03
1 104 46 1.6641273642963000e-03
1 104 47 1.6097249354970001e-03
1 104 48 1.5442587355159001e-03
1 104 49 1.4839017256838001e-03
1 104 50 1.4575007006841999e-03
1 104 51 1.4492444426931999e-03
1 104 52 1.3785714244608999e-03
1 104 53 1.3478452975892001e-03
1 104 54 1.3427106053895000e-03
1 104 55 1.2870923746380999e-03
1 104 56 1.2723970674293000e-03
1 104 57 1.2683942468706001e-03
1 104 58 1.2452974294518001e-03
1 104 59 1.2488036008736999e-03
1 104 60 1.2148264293772000e-03
1 104 61 1.1944381129927999e-03
1 104 62 1.1442624719599000e-03
1 104 63 3.0720190599595577e-30
4 0 0 8.9727379301809740e-01
4 0 1 3.7058494173611889e-01
4 0 2 1.5357096453943969e-01
4 0 3 5.7224800761398999e-02
4 0 4 3.3081392530204402e-02
4 0 5 2.0801647127000299e-02
4 0 6 1.4051569885544400e-02
4 0 7 1.0627146126904500e-02
4 0 8 8.1078525482742008e-03
4 0 9 6.3496032296328003e-03
4 0 10 5.2793901119251004e-03
4 0 11 4.3855355412031997e-03
4 0 12 3.6615588923825000e-03
4 0 13 3.1521293153823002e-03
4 0 14 2.7542273370387998e-03
4 0 15 2.3829960592648002e-03
4 0 16 2.1463496772406001e-03
4 0 17 1.8829602799031999e-03
4 0 18 1.6921788475273000e-03
4 0 19 1.5239290340361999e-03
4 0 20 1.3954107837950000e-03
4 0 21 1.2699305113711000e-03
4 0 22 1.1758592497976999e-03
4 0 23 1.0948977891969999e-03
4 0 24 1.0099247618801000e-03
4 0 25 9.2682232747590002e-04
4 0 26 8.8511762460659999e-04
4 0 27 8.2028305142010005e-04
4 0 28 7.8366536075350000e-04
4 0 29 7.4433698083919996e-04
4 0 30 7.0048885411079997e-04
4 0 31 6.6144487686860005e-04
4 0 32 6.2152432579900001e-04
4 0 33 6.1121815585149996e-04
4 0 34 5.7229813653300002e-04
4 0 35 5.6860897112770003e-04
4 0 36 5.3732000204580004e-04
4 0 37 5.1511959564529998e-04
4 0 38 4.9664596777949997e-04
4 0 39 4.8277459980610002e-04
4 0 40 4.6767940293879998e-04
4 0 41 4.5703356665819999e-04
4 0 42 4.4254368246129998e-04
4 0 43 4.2784297485790003e-04
4 0 44 4.2626286826480002e-04
4 0 45 4.0927441755729999e-04
4 0 46 3.9486115212920001e-04
4 0 47 3.9261914165379999e-04
4 0 48 3.8751207885040002e-04
4 0 49 3.7564376834069998e-04
4 0 50 3.6549345770109999e-04
4 0 51 3.7237402360710002e-04
4 0 52 3.5580052248209999e-04
4 0 53 3.5804653996470001e-04
4 0 54 3.4872338242779999e-04
4 0 55 3.4770577602490001e-04
4 0 56 3.4193104479400001e-04
4 0 57 3.4128052026460002e-04
4 0 58 3.3500921834790003e-04
4 0 59 3.3804798678980000e-04
4 0 60 3.3974662851140003e-04
4 0 61 3.3517462876870002e-04
4 0 62 3.3342399057079998e-04
4 0 63 2.6791142297727614e-30
4 8 0 2.7405741927779409e-01
4 8 1 6.6920194462422500e-01
4 8 2 4.4946144423545359e-01
4 8 3 2.6575302731399308e-01
4 8 4 1.6983801788737291e-01
4 8 5 1.1093982973849650e-01
4 8 6 7.6183108173667094e-02
4 8 7 5.1527402164467599e-02
4 8 8 3.7720847440766800e-02
4 8 9 2.8472318383475501e-02
4 8 10 2.1125001379344501e-02
4 8 11 1.6044121030253201e-02
4 8 12 1.2262391074403000e-02
4 8 13 9.3985882044194998e-03
4 8 14 7.5235735386575998e-03
4 8 15 5.9863923206047998e-03
4 8 16 4.8698103011535002e-03
4 8 17 3.9030209264343000e-03
4 8 18 3.3278837745658999e-03
4 8 19 2.7713581551687002e-03
4 8 20 2.3567907277851998e-03
4 8 21 2.0242407860881998e-03
4 8 22 1.7791587195293999e-03
4 8 23 1.5631637220362999e-03
4 8 24 1.4061898218276001e-03
4 8 25 1.2600574465010000e-03
4 8 26 1.1304083152919001e-03
4 8 27 1.0264722280556001e-03
4 8 28 9.4432751555349997e-04
4 8 29 8.7593474322840003e-04
4 8 30 8.1611380925690003e-04
4 8 31 7.6109822354190003e-04
4 8 32 7.1163878115739995e-04
4 8 33 6.7487852701340000e-04
4 8 34 6.3647978508709995e-04
4 8 35 6.0241313068090001e-04
4 8 36 5.7653935945760001e-04
4 8 37 5.5207858264229998e-04
4 8 38 5.3015524389759996e-04
4 8 39 5.1468251022100003e-04
4 8 40 4.9097371202400000e-04
4 8 41 4.7128282405809997e-04
4 8 42 4.6267710139599998e-04
4 8 43 4.4579692886709998e-04
4 8 44 4.2632581282159998e-04
4 8 45 4.2296300128450001e-04
4 8 46 4.0994177167809998e-04
4 8 47 4.0393513060839998e-04
4 8 48 3.9321218139700000e-04
4 8 49 3.7961733128170000e-04
4 8 50 3.8182072157850002e-04
4 8 51 3.7401322986519998e-04
4 8 52 3.7119691023999998e-04
4 8 53 3.6344218838970001e-04
4 8 54 3.6045825087029998e-04
4 8 55 3.5951082213570002e-04
4 8 56 3.4740043761850002e-04
4 8 57 3.5486678063440002e-04
4 8 58 3.3988282763379999e-04
4 8 59 3.4251867391010002e-04
4 8 60 3.4677134903720003e-04
4 8 61 3.3903067584320002e-04
4 8 62 3.4337461264180000e-04
4 8 63 1.7448246176788102e-30
4 16 0 1.9260380187235260e-01
4 16 1 4.6685191305811902e-01
4 16 2 4.4342195328134071e-01
4 16 3 3.0993445046103169e-01
4 16 4 2.1879916016538159e-01
4 16 5 1.6110209607836889e-01
4 16 6 1.1501869440108969e-01
4 16 7 8.7869097496887899e-02
4 16 8 6.7240767736699195e-02
4 16 9 5.1837878330517700e-02
4 16 10 4.0591925044772097e-02
4 16 11 3.2553683340421698e-02
4 16 12 2.6020642881034100e-02
4 16 13 2.0583515116205500e-02
4 16 14 1.6953546800977000e-02
4 16 15 1.3875071661660699e-02
4 16 16 1.1311978391707099e-02
4 16 17 9.1351230775959993e-03
4 16 18 7.5510768061286997e-03
4 16 19 6.2898669052063004e-03
4 16 20 5.2381391169637999e-03
4 16 21 4.3852345450497996e-03
4 16 22 3.7259810419175000e-03
4 16 23 3.1915515277278999e-03
4 16 24 2.7598313448421999e-03
4 16 25 2.3596338633112999e-03
4 16 26 2.0593849248989001e-03
4 16 27 1.8044379353496000e-03
4 16 28 1.6018893805846001e-03
4 16 29 1.4310504933258000e-03
4 16 30 1.2894056566818001e-03
4 16 31 1.1487571537550001e-03
4 16 32 1.0522890590925001e-03
4 16 33 9.5951371396880004e-04
4 16 34 8.7830341863809997e-04
4 16 35 8.2069364209060003e-04
4 16 36 7.6824719848500003e-04
4 16 37 7.1829596126299995e-04
4 16 38 6.7412533930369996e-04
4 16 39 6.3470430825689997e-04
4 16 40 6.0305844677419995e-04
4 16 41 5.7279213878760004e-04
4 16 42 5.4850941317890003e-04
4 16 43 5.1870205979700004e-04
4 16 44 5.0698844812430003e-04
4 16 45 4.8925041636510005e-04
4 16 46 4.6919977168610001e-04
4 16 47 4.6566991364210001e-04
4 16 48 4.5162890623960000e-04
4 16 49 4.3690997250280000e-04
4 16 50 4.2549994022240002e-04
4 16 51 4.1172004034099999e-04
4 16 52 4.1156529185700001e-04
4 16 53 4.0141180552930001e-04
4 16 54 3.9786777370060000e-04
4 16 55 3.8760476028180002e-04
4 16 56 3.8569552134370001e-04
4 16 57 3.8252614516559998e-04
4 16 58 3.7582337752920002e-04
4 16 59 3.7914536415619999e-04
4 16 60 3.7759249944489999e-04
4 16 61 3.8310548404799999e-04
4 16 62 3.7170871002450002e-04
4 16 63 2.2116381013901981e-30
4 32 0 2.0187523069310109e-01
4 32 1 4.3469169570990601e-01
4 32 2 4.3554561260620872e-01
4 32 3 3.1588831495021968e-01
4 32 4 2.3150874897691970e-01
4 32 5 1.6938617144111870e-01
4 32 6 1.2219663654629430e-01
4 32 7 9.4058622649017404e-02
4 32 8 7.3604317492289906e-02
4 32 9 5.8555626531567102e-02
4 32 10 4.7347057682076803e-02
4 32 11 3.7610343717868901e-02
4 32 12 3.0367102364282202e-02
4 32 13 2.4633256948931100e-02
4 32 14 2.0351271168514200e-02
4 32 15 1.6752171761371001e-02
4 32 16 1.3619564624059100e-02
4 32 17 1.1333737675578499e-02
4 32 18 9.5715700620645008e-03
4 32 19 7.9399992152086995e-03
4 32 20 6.8232133614873998e-03
4 32 21 5.6147072979109000e-03
4 32 22 4.8513585840754998e-03
4 32 23 4.1599751166085004e-03
4 32 24 3.6039118383452001e-03
4 32 25 3.1539277772441002e-03
4 32 26 2.7510120584377999e-03
4 32 27 2.4134790167547999e-03
4 32 28 2.1824998320079999e-03
4 32 29 1.8969018668452001e-03
4 32 30 1.7265137506414000e-03
4 32 31 1.5689570656754999e-03
4 32 32 1.4103274886680000e-03
4 32 33 1.3002108955532000e-03
4 32 34 1.1908384018908000e-03
4 32 35 1.1022951592273001e-03
4 32 36 1.0313727613198000e-03
4 32 37 9.5799632682790005e-04
4 32 38 8.8786824140350004e-04
4 32 39 8.3648802158319999e-04
4 32 40 7.9554451757060001e-04
4 32 41 7.5605549810239998e-04
4 32 42 7.2542294787770003e-04
4 32 43 6.8907433790039996e-04
4 32 44 6.4844193007120000e-04
4 32 45 6.4184893244239997e-04
4 32 46 6.1692764259220002e-04
4 32 47 5.9482793960609999e-04
4 32 48 5.7492771263529998e-04
4 32 49 5.6781257112950003e-04
4 32 50 5.4199230778400004e-04
4 32 51 5.3132609929430004e-04
4 32 52 5.2221058360160005e-04
4 32 53 5.1572199638279996e-04
4 32 54 5.0286033826159998e-04
4 32 55 4.9500281922360001e-04
4 32 56 4.9268397126689997e-04
4 32 57 4.8637523937860000e-04
4 32 58 4.8873304148130004e-04
4 32 59 4.6777141212859998e-04
4 32 60 4.7674867647809997e-04
4 32 61 4.6418417054719998e-04
4 32 62 4.4669584675619998e-04
4 32 63 2.5150395599283687e-30
4 48 0 2.2524381620681430e-01
4 48 1 4.9033452200306038e-01
4 48 2 4.7515552462508520e-01
4 48 3 3.3260007844937439e-01
4 48 4 2.3735857205033989e-01
4 48 5 1.6765363401864891e-01
4 48 6 1.2452207800044029e-01
4 48 7 9.3346251089114499e-02
4 48 8 7.1852508371394203e-02
4 48 9 5.5716785706931997e-02
4 48 10 4.5227009278840699e-02
4 48 11 3.5419035525416802e-02
4 48 12 2.8770255363965401e-02
4 48 13 2.2925024335807499e-02
4 48 14 1.8490789261320500e-02
4 48 15 1.5216211352013700e-02
4 48 16 1.2435182115073501e-02
4 48 17 1.0443750338891600e-02
4 48 18 8.7359805959732004e-03
4 48 19 7.2634938388264000e-03
4 48 20 6.2094905339182003e-03
4 48 21 5.2094412036281000e-03
4 48 22 4.4842588261460002e-03
4 48 23 3.9049105590430000e-03
4 48 24 3.4209935133268999e-03
4 48 25 3.0108980498252998e-03
4 48 26 2.7102227230688001e-03
4 48 27 2.3798248130685999e-03
4 48 28 2.1386400971825001e-03
4 48 29 1.9271411467878001e-03
4 48 30 1.7119735390081000e-03
4 48 31 1.5921394906682001e-03
4 48 32 1.4459600382279001e-03
4 48 33 1.3526635765748001e-03
4 48 34 1.2651865462740000e-03
4 48 35 1.1635631070082001e-03
4 48 36 1.0930202884207999e-03
4 48 37 1.0237179315915001e-03
4 48 38 9.7684712096169995e-04
4 48 39 9.0019665327990004e-04
4 48 40 8.7184119177059999e-04
4 48 41 8.1486480920200000e-04
4 48 42 7.8516115258380002e-04
4 48 43 7.6141869997690004e-04
4 48 44 7.3050993267129995e-04
4 48 45 6.9741604900730003e-04
4 48 46 6.6760169794169997e-04
4 48 47 6.5777926700700000e-04
4 48 48 6.3782172952979996e-04
4 48 49 6.1783763116030001e-04
4 48 50 5.9891545430209995e-04
4 48 51 5.8484041786010003e-04
4 48 52 5.7735962954469995e-04
4 48 53 5.6449480138180002e-04
4 48 54 5.5696637608189999e-04
4 48 55 5.5078973120930002e-04
4 48 56 5.4311456052789995e-04
4 48 57 5.2427627073249996e-04
4 48 58 5.2640570136719997e-04
4 48 59 5.2148209338560001e-04
4 48 60 5.0727651114850002e-04
4 48 61 4.8822435957090001e-04
4 48 62 4.4802109130040002e-04
4 48 63 2.5196651268117374e-30
4 64 0 2.6079637179280202e-01
4 64 1 5.6540488730787186e-01
4 64 2 5.0880504080799926e-01
4 64 3 3.6578350838205259e-01
4 64 4 2.4605680596823321e-01
4 64 5 1.7492872707705179e-01
4 64 6 1.2705713116850381e-01
4 64 7 9.5665799757813599e-02
4 64 8 7.2149619522632602e-02
4 64 9 5.5173098328416097e-02
4 64 10 4.2926177836039199e-02
4 64 11 3.3719347438735697e-02
4 64 12 2.6849771571480701e-02
4 64 13 2.1296013948928501e-02
4 64 14 1.7108312004260100e-02
4 64 15 1.3848220994046400e-02
4 64 16 1.1486217919581199e-02
4 64 17 9.4608589502835991e-03
4 64 18 7.8983264564029994e-03
4 64 19 6.5454421626001003e-03
4 64 20 5.5920632675010001e-03
4 64 21 4.8035004437599997e-03
4 64 22 4.1231662903520004e-03
4 64 23 3.6154802110078001e-03
4 64 24 3.1523140690249999e-03
4 64 25 2.7501390345465002e-03
4 64 26 2.4954454333920000e-03
4 64 27 2.2279621943219999e-03
4 64 28 1.9988741891644999e-03
4 64 29 1.8142327324673999e-03
4 64 30 1.6286653364408999e-03
4 64 31 1.5119634063227999e-03
4 64 32 1.3745391127323000e-03
4 64 33 1.2835328242877999e-03
4 64 34 1.1931780224522001e-03
4 64 35 1.1241279260260999e-03
4 64 36 1.0474735561382001e-03
4 64 37 9.9225280950809998e-04
4 64 38 9.2236570163030005e-04
4 64 39 8.8933830065400000e-04
4 64 40 8.3789042978949999e-04
4 64 41 8.0514670525020000e-04
4 64 42 7.6611372682360002e-04
4 64 43 7.4943482924699995e-04
4 64 44 7.1518751393300005e-04
4 64 45 6.8924597187010003e-04
4 64 46 6.5935364136990001e-04
4 64 47 6.3846090117409995e-04
4 64 48 6.2983260532900002e-04
4 64 49 6.1270001753489995e-04
4 64 50 5.9423230992659999e-04
4 64 51 5.7362733301310001e-04
4 64 52 5.6667208990160000e-04
4 64 53 5.5660884094159999e-04
4 64 54 5.4746213433209999e-04
4 64 55 5.3435685022019995e-04
4 64 56 5.3534067240080000e-04
4 64 57 5.2945112692689999e-04
4 64 58 5.1160041241899996e-04
4 64 59 5.0926027210900003e-04
4 64 60 4.8764283517209998e-04
4 64 61 4.6828740011220000e-04
4 64 62 4.0025002295030002e-04
4 64 63 2.5696282028606437e-30
4 72 0 2.8499675988001649e-01
4 72 1 5.8890775641977078e-01
4 72 2 5.4328278181867562e-01
4 72 3 3.7838187093338788e-01
4 72 4 2.5467254789189031e-01
4 72 5 1.8105747245526249e-01
4 72 6 1.3080558229436359e-01
4 72 7 9.6004305513760005e-02
4 72 8 7.2629398414887400e-02
4 72 9 5.6123490029833502e-02
4 72 10 4.3008354248412602e-02
4 72 11 3.3429172497206998e-02
4 72 12 2.6853875727230001e-02
4 72 13 2.1080562980334800e-02
4 72 14 1.6760568290966300e-02
4 72 15 1.3759789885779699e-02
4 72 16 1.1268473983822700e-02
4 72 17 9.2181428645422992e-03
4 72 18 7.6697394212025000e-03
4 72 19 6.5326492037886003e-03
4 72 20 5.4642753855994996e-03
4 72 21 4.7140605244876998e-03
4 72 22 4.0739471235762999e-03
4 72 23 3.5151824448430998e-03
4 72 24 3.0968085660519002e-03
4 72 25 2.7272571966472001e-03
4 72 26 2.4609733676242002e-03
4 72 27 2.1838603631406002e-03
4 72 28 1.9409096834624000e-03
4 72 29 1.7773615238217001e-03
4 72 30 1.6260890665541000e-03
4 72 31 1.4659083849302001e-03
4 72 32 1.3754957493404001e-03
4 72 33 1.2770967732710001e-03
4 72 34 1.2078941977629000e-03
4 72 35 1.0990753712076999e-03
4 72 36 1.0339898401176000e-03
4 72 37 9.8395175600110010e-04
4 72 38 9.3134208950020005e-04
4 72 39 8.7926559552510000e-04
4 72 40 8.3870488141290004e-04
4 72 41 8.0764158332489999e-04
4 72 42 7.7008159159869998e-04
4 72 43 7.4474701933509996e-04
4 72 44 7.0777248729499999e-04
4 72 45 6.8539796566219997e-04
4 72 46 6.6952146768999997e-04
4 72 47 6.5841008180429999e-04
4 72 48 6.2727491747050000e-04
4 72 49 6.1591771986969999e-04
4 72 50 6.0172869309390003e-04
4 72 51 5.9030158248530001e-04
4 72 52 5.7100577362750003e-04
4 72 53 5.5381555465050004e-04
4 72 54 5.3943449656139995e-04
4 72 55 5.3686875794820000e-04
4 72 56 5.3477155866430001e-04
4 72 57 5.2043220119779999e-04
4 72 58 5.1253933957630003e-04
4 72 59 5.0168483139020003e-04
4 72 60 4.8295362092380000e-04
4 72 61 4.4876925201680002e-04
4 72 62 3.8950733504060001e-04
4 72 63 2.6159601303129826e-30
4 80 0 3.0610730101271150e-01
4 80 1 6.1998387551853784e-01
4 80 2 5.6400143546213632e-01
4 80 3 4.0176607884694671e-01
4 80 4 2.6389418831130462e-01
4 80 5 1.8782959028904489e-01
4 80 6 1.3519317658113331e-01
4 80 7 9.9545193936693296e-02
4 80 8 7.4769309603318304e-02
4 80 9 5.7068660952561398e-02
4 80 10 4.3723697735160300e-02
4 80 11 3.4119251637043303e-02
4 80 12 2.6647302308756501e-02
4 80 13 2.1076020919974601e-02
4 80 14 1.7062175942141398e-02
4 80 15 1.3932449470133799e-02
4 80 16 1.1295826809465300e-02
4 80 17 9.4476635205787002e-03
4 80 18 7.8594975241250004e-03
4 80 19 6.5572538358996003e-03
4 80 20 5.5174792464519002e-03
4 80 21 4.7608308572712997e-03
4 80 22 4.1119144543684000e-03
4 80 23 3.6020443661069000e-03
4 80 24 3.1437232647590001e-03
4 80 25 2.8237802866013001e-03
4 80 26 2.4839051612764000e-03
4 80 27 2.2058334443208001e-03
4 80 28 2.0254328563684000e-03
4 80 29 1.8153234436084000e-03
4 80 30 1.6628775238488999e-03
4 80 31 1.5349391919485000e-03
4 80 32 1.4201348098755000e-03
4 80 33 1.3071469961212999e-03
4 80 34 1.2284676719539001e-03
4 80 35 1.1471782588697999e-03
4 80 36 1.0656817626263999e-03
4 80 37 1.0026218893146000e-03
4 80 38 9.5974703941759999e-04
4 80 39 9.2102707412060000e-04
4 80 40 8.6635083445149997e-04
4 80 41 8.2954320327569995e-04
4 80 42 7.8799872196510005e-04
4 80 43 7.6047432433879998e-04
4 80 44 7.3237780793629999e-04
4 80 45 7.1389407405040000e-04
4 80 46 6.8314988931070003e-04
4 80 47 6.6620673646440001e-04
4 80 48 6.5374559972149996e-04
4 80 49 6.3450550668380000e-04
4 80 50 6.2276481323769999e-04
4 80 51 6.1152157490799997e-04
4 80 52 5.8761909801629999e-04
4 80 53 5.7502563098239996e-04
4 80 54 5.7617365049670004e-04
4 80 55 5.6427354929770000e-04
4 80 56 5.5970479938619998e-04
4 80 57 5.4814311892689997e-04
4 80 58 5.3841415495969999e-04
4 80 59 5.1669026254519998e-04
4 80 60 4.9328732036930001e-04
4 80 61 4.5320219882920000e-04
4 80 62 4.1729196374400000e-04
4 80 63 2.7457071037241425e-30
4 88 0 3.3855762978677811e-01
4 88 1 6.5185148051079134e-01
4 88 2 5.9664144626007087e-01
4 88 3 4.1608545747557568e-01
4 88 4 2.7898884931145340e-01
4 88 5 1.9582729429463910e-01
4 88 6 1.3880590024767420e-01
4 88 7 1.0272097754229870e-01
4 88 8 7.7234418509886701e-02
4 88 9 5.8849805431425498e-02
4 88 10 4.4515291355240703e-02
4 88 11 3.4678015507926901e-02
4 88 12 2.6841323948018799e-02
4 88 13 2.1547946244480899e-02
4 88 14 1.6997879776309899e-02
4 88 15 1.3845088406547600e-02
4 88 16 1.1363494632697400e-02
4 88 17 9.4678338559277993e-03
4 88 18 7.8221403712900994e-03
4 88 19 6.6129269331804998e-03
4 88 20 5.6182659404512003e-03
4 88 21 4.8157316374086998e-03
4 88 22 4.1661376396544001e-03
4 88 23 3.6209346702892999e-03
4 88 24 3.1720824072573998e-03
4 88 25 2.8375928358627001e-03
4 88 26 2.5246478952719999e-03
4 88 27 2.2821167874830001e-03
4 88 28 2.0786620089824999e-03
4 88 29 1.8818914653568001e-03
4 88 30 1.7263086275329000e-03
4 88 31 1.5904739351690999e-03
4 88 32 1.4769523991301999e-03
4 88 33 1.3437341473373000e-03
4 88 34 1.2648729636456999e-03
4 88 35 1.1956583269486000e-03
4 88 36 1.1245480114930001e-03
4 88 37 1.0611267099800000e-03
4 88 38 1.0139369509529000e-03
4 88 39 9.5557747944490000e-04
4 88 40 9.1285285273170005e-04
4 88 41 8.7641189228959996e-04
4 88 42 8.3558570712220000e-04
4 88 43 8.0386691380769995e-04
4 88 44 7.7275731318729999e-04
4 88 45 7.5033141414620000e-04
4 88 46 7.1692928948440004e-04
4 88 47 7.1410034375740000e-04
4 88 48 6.8755601616820000e-04
4 88 49 6.7671234263899996e-04
4 88 50 6.6467054586279997e-04
4 88 51 6.4505091595520002e-04
4 88 52 6.3078406675250002e-04
4 88 53 6.2411399818029995e-04
4 88 54 6.0499774804160004e-04
4 88 55 5.9956967344100001e-04
4 88 56 5.9006354893069999e-04
4 88 57 5.7720808790570003e-04
4 88 58 5.5911192304109998e-04
4 88 59 5.4475388064260000e-04
4 88 60 5.1874487637039999e-04
4 88 61 4.8040767761859998e-04
4 88 62 4.6299375569050001e-04
4 88 63 2.8142287910076091e-30
4 96 0 3.6333386569985338e-01
4 96 1 6.8340874946582819e-01
4 96 2 6.3803538429406126e-01
4 96 3 4.3757213620689211e-01
4 96 4 2.9529346097315978e-01
4 96 5 2.0306372892202701e-01
4 96 6 1.4722347017580401e-01
4 96 7 1.0829364738886881e-01
4 96 8 8.0297822757561005e-02
4 96 9 6.0582830212434102e-02
4 96 10 4.7059072599421700e-02
4 96 11 3.5731372757668002e-02
4 96 12 2.8015541708781198e-02
4 96 13 2.2489992661972300e-02
4 96 14 1.7863066537506599e-02
4 96 15 1.4325169558284201e-02
4 96 16 1.1810474480363400e-02
4 96 17 9.7215109145225003e-03
4 96 18 8.0667884411218006e-03
4 96 19 6.8909898099125998e-03
4 96 20 5.7704615302747002e-03
4 96 21 5.0256711322660998e-03
4 96 22 4.3061709085221002e-03
4 96 23 3.7130994970617998e-03
4 96 24 3.2914135805002000e-03
4 96 25 2.9578969736102001e-03
4 96 26 2.6458407658769001e-03
4 96 27 2.3769527566289998e-03
4 96 28 2.1392160414508000e-03
4 96 29 1.9554457998485000e-03
4 96 30 1.7929153324751999e-03
4 96 31 1.6568154885499000e-03
4 96 32 1.5538311405303999e-03
4 96 33 1.4180460692791001e-03
4 96 34 1.3518642135130000e-03
4 96 35 1.2622210737489000e-03
4 96 36 1.1916137054254999e-03
4 96 37 1.1323067597080001e-03
4 96 38 1.0644115324354999e-03
4 96 39 1.0404796473493000e-03
4 96 40 9.7949630322819998e-04
4 96 41 9.4302451718400004e-04
4 96 42 9.1544842439579999e-04
4 96 43 8.8325317169919996e-04
4 96 44 8.4182725502940001e-04
4 96 45 8.2412570529380002e-04
4 96 46 8.0285977328569996e-04
4 96 47 7.8156846434460005e-04
4 96 48 7.6000511306209995e-04
4 96 49 7.3476290829520004e-04
4 96 50 7.2371592428739997e-04
4 96 51 7.0801649164899995e-04
4 96 52 6.9651042905059996e-04
4 96 53 6.8355562286250005e-04
4 96 54 6.8088119616670001e-04
4 96 55 6.6585820732490005e-04
4 96 56 6.6154061934099999e-04
4 96 57 6.4501763872630005e-04
4 96 58 6.2651112706559996e-04
4 96 59 6.0680922316870003e-04
4 96 60 5.7141309831929997e-04
4 96 61 5.4002251065999999e-04
4 96 62 5.4753260645219997e-04
4 96 63 2.9337618382396090e-30
4 104 0 3.8229606348336992e-01
4 104 1 7.0211494364574689e-01
4 104 2 6.6046479162104954e-01
4 104 3 4.6266946936549058e-01
4 104 4 3.1164680013630380e-01
4 104 5 2.2036883954740491e-01
4 104 6 1.5511825973590621e-01
4 104 7 1.1413860655503980e-01
4 104 8 8.6250310684414300e-02
4 104 9 6.5271499273732297e-02
4 104 10 5.0454265386589800e-02
4 104 11 3.9110415458805697e-02
4 104 12 3.0800578318210800e-02
4 104 13 2.4108801172908399e-02
4 104 14 1.9464398299734498e-02
4 104 15 1.5471231149808700e-02
4 104 16 1.2696601917688699e-02
4 104 17 1.0412012260443200e-02
4 104 18 8.7648199828779007e-03
4 104 19 7.3203565024653004e-03
4 104 20 6.2415948856260001e-03
4 104 21 5.3324162176205002e-03
4 104 22 4.6063030410641997e-03
4 104 23 4.0335302043401000e-03
4 104 24 3.5749910110013002e-03
4 104 25 3.1493608150510999e-03
4 104 26 2.8585508481210999e-03
4 104 27 2.5661964793815000e-03
4 104 28 2.3107928170577000e-03
4 104 29 2.1265036431564999e-03
4 104 30 1.9312305010975000e-03
4 104 31 1.7837100958199000e-03
4 104 32 1.6522010644745000e-03
4 104 33 1.5651768780573000e-03
4 104 34 1.4616935925084000e-03
4 104 35 1.3762810580049000e-03
4 104 36 1.3179421307136000e-03
4 104 37 1.2411494548668000e-03
4 104 38 1.1701232675118999e-03
4 104 39 1.1267909771421000e-03
4 104 40 1.0810137261826999e-03
4 104 41 1.0350901705700000e-03
4 104 42 1.0077854820118000e-03
4 104 43 9.5871568733340001e-04
4 104 44 9.3936385300629995e-04
4 104 45 9.1819823399220003e-04
4 104 46 8.8845018320849996e-04
4 104 47 8.7646888190950000e-04
4 104 48 8.5219020889020002e-04
4 104 49 8.2064878654320003e-04
4 104 50 8.1715884002979996e-04
4 104 51 8.0480758259169997e-04
4 104 52 7.8584093156129999e-04
4 104 53 7.6065455688960001e-04
4 104 54 7.5687904984829998e-04
4 104 55 7.5142257072640002e-04
4 104 56 7.3714482464199999e-04
4 104 57 7.2569285760969995e-04
4 104 58 7.1196647670239996e-04
4 104 59 6.7703784038589999e-04
4 104 60 6.5000665021010002e-04
4 104 61 6.3138924170760000e-04
4 104 62 6.5353483518350004e-04
4 104 63 3.0680730085449699e-30
7 0 0 9.3722590882508383e-01
7 0 1 3.2506751418506008e-01
7 0 2 1.2076212457063880e-01
7 0 3 5.9637444789258899e-02
7 0 4 3.0008237520796701e-02
7 0 5 2.0154989728890901e-02
7 0 6 1.3925602748297900e-02
7 0 7 1.0633996228136600e-02
7 0 8 8.1202126097930007e-03
7 0 9 6.3597871983223997e-03
7 0 10 5.2486553007866999e-03
7 0 11 4.3099343063112000e-03
7 0 12 3.6384975150721998e-03
7 0 13 3.1211879982640999e-03
7 0 14 2.7325720981608002e-03
7 0 15 2.3884245971392999e-03
7 0 16 2.1215559793271999e-03
7 0 17 1.9323468591792999e-03
7 0 18 1.7136572379308000e-03
7 0 19 1.5237326295494001e-03
7 0 20 1.3951235262116999e-03
7 0 21 1.2816205710176999e-03
7 0 22 1.1985170443986001e-03
7 0 23 1.0895433100634000e-03
7 0 24 1.0165428368046001e-03
7 0 25 9.4087126349230005e-04
7 0 26 8.9497735482899998e-04
7 0 27 8.2317468586769996e-04
7 0 28 7.7115605921609996e-04
7 0 29 7.2333670531949995e-04
7 0 30 6.9308856440220001e-04
7 0 31 6.6710922518569999e-04
7 0 32 6.4194385255870003e-04
7 0 33 6.1110947089169996e-04
7 0 34 5.7815638171290003e-04
7 0 35 5.5871448190069999e-04
7 0 36 5.3207919490840005e-04
7 0 37 5.1565738780719997e-04
7 0 38 4.9801738017859999e-04
7 0 39 4.8664386500000000e-04
7 0 40 4.6675599925889998e-04
7 0 41 4.4550407435900002e-04
7 0 42 4.4038431744070002e-04
7 0 43 4.2772076684740001e-04
7 0 44 4.1804530336139999e-04
7 0 45 4.0278270357360001e-04
7 0 46 3.9857321168050000e-04
7 0 47 3.8965331902709999e-04
7 0 48 3.8227312923179999e-04
7 0 49 3.7375698865289999e-04
7 0 50 3.6850914028789999e-04
7 0 51 3.6496062973110000e-04
7 0 52 3.5792999513560000e-04
7 0 53 3.5820482874520000e-04
7 0 54 3.5372167072279998e-04
7 0 55 3.4511305049009998e-04
7 0 56 3.4831995823900001e-04
7 0 57 3.4000625482360000e-04
7 0 58 3.3404351628690002e-04
7 0 59 3.3591997671010001e-04
7 0 60 3.3894588859519997e-04
7 0 61 3.3255294431999997e-04
7 0 62 3.3309130169139998e-04
7 0 63 2.8719526548845476e-30
7 8 0 2.3660099817383870e-01
7 8 1 5.5525606741273903e-01
7 8 2 4.9897833584529089e-01
7 8 3 2.9305925902519298e-01
7 8 4 1.9081663196986959e-01
7 8 5 1.3174270045499911e-01
7 8 6 9.1632670538296296e-02
7 8 7 6.5126893229640700e-02
7 8 8 4.8116551323188601e-02
7 8 9 3.5991573209684803e-02
7 8 10 2.7111284218266800e-02
7 8 11 2.1180179968044902e-02
7 8 12 1.6021841265910001e-02
7 8 13 1.2405955467509600e-02
7 8 14 9.7913248292466996e-03
7 8 15 7.7084725433215996e-03
7 8 16 6.1335004886318998e-03
7 8 17 4.8652433474381997e-03
7 8 18 4.0902651699830997e-03
7 8 19 3.3594060716848001e-03
7 8 20 2.8621299116792999e-03
7 8 21 2.4403536701732998e-03
7 8 22 2.0522816034438999e-03
7 8 23 1.7887662794026000e-03
7 8 24 1.5442468706080999e-03
7 8 25 1.4100755561286000e-03
7 8 26 1.2422300035919999e-03
7 8 27 1.0880281612910001e-03
7 8 28 1.0152007661196000e-03
7 8 29 9.3940621647670001e-04
7 8 30 8.6221567975270003e-04
7 8 31 7.9474752498840003e-04
7 8 32 7.4164454702839997e-04
7 8 33 6.9168133288019995e-04
7 8 34 6.5667155534420004e-04
7 8 35 6.1126478912829996e-04
7 8 36 5.8773242123719995e-04
7 8 37 5.6214284457990001e-04
7 8 38 5.3194597498840005e-04
7 8 39 5.1797009516160004e-04
7 8 40 5.0019091451350005e-04
7 8 41 4.8834867256179997e-04
7 8 42 4.5748492022890000e-04
7 8 43 4.4563009912750002e-04
7 8 44 4.3309537343439998e-04
7 8 45 4.2275542495140000e-04
7 8 46 4.1623132336639999e-04
7 8 47 4.0292700035530002e-04
7 8 48 3.9312744355130002e-04
7 8 49 3.8937631059399999e-04
7 8 50 3.7919530853890003e-04
7 8 51 3.8225629883100002e-04
7 8 52 3.6649283861219997e-04
7 8 53 3.6101366620100000e-04
7 8 54 3.6014592372230001e-04
7 8 55 3.5522021703889999e-04
7 8 56 3.4572034674669997e-04
7 8 57 3.4479990901919999e-04
7 8 58 3.4257463867559999e-04
7 8 59 3.3966537588080002e-04
7 8 60 3.4586674423479999e-04
7 8 61 3.4355931053800000e-04
7 8 62 3.4069526336860000e-04
7 8 63 1.8635739063781650e-30
7 16 0 1.9735292834347440e-01
7 16 1 4.5783507554512409e-01
7 16 2 4.4815243397574178e-01
7 16 3 3.2778654694594189e-01
7 16 4 2.2940729272055219e-01
7 16 5 1.5989909797664159e-01
7 16 6 1.1706607654654480e-01
7 16 7 8.8383588535216495e-02
7 16 8 6.5480167697727895e-02
7 16 9 5.2121297294344102e-02
7 16 10 3.9737600145426002e-02
7 16 11 3.1851700532127401e-02
7 16 12 2.4955019571656301e-02
7 16 13 2.0363455919823501e-02
7 16 14 1.5878814325266801e-02
7 16 15 1.2762137965438699e-02
7 16 16 1.0288838198478201e-02
7 16 17 8.3566638290833994e-03
7 16 18 6.8213340892615002e-03
7 16 19 5.6607713536914999e-03
7 16 20 4.6851726739247004e-03
7 16 21 3.9769818163969996e-03
7 16 22 3.3488113261486000e-03
7 16 23 2.8303389631694001e-03
7 16 24 2.3983690224187999e-03
7 16 25 2.1230189912460002e-03
7 16 26 1.8375110398247000e-03
7 16 27 1.5826492672689999e-03
7 16 28 1.4251548928550001e-03
7 16 29 1.2879365871394000e-03
7 16 30 1.1488886056594001e-03
7 16 31 1.0342425137824000e-03
7 16 32 9.5525226212999997e-04
7 16 33 8.7790524188380000e-04
7 16 34 8.1969958780550003e-04
7 16 35 7.4899584382020004e-04
7 16 36 7.1482821092510001e-04
7 16 37 6.5942778867139997e-04
7 16 38 6.2340241531280000e-04
7 16 39 5.9402478788759996e-04
7 16 40 5.6564430167889998e-04
7 16 41 5.3772536747300002e-04
7 16 42 5.1610554712560003e-04
7 16 43 4.9988138537680000e-04
7 16 44 4.8141917321839998e-04
7 16 45 4.6477030881830002e-04
7 16 46 4.4797218072380001e-04
7 16 47 4.3875635722849998e-04
7 16 48 4.3130043673329999e-04
7 16 49 4.1583179510980002e-04
7 16 50 4.0905079111089998e-04
7 16 51 4.0006816047360002e-04
7 16 52 3.9416171064070001e-04
7 16 53 3.8759603450610000e-04
7 16 54 3.8252459675330001e-04
7 16 55 3.7753597724410001e-04
7 16 56 3.7380204794050000e-04
7 16 57 3.7410089808740001e-04
7 16 58 3.7067016107889997e-04
7 16 59 3.6179957123730003e-04
7 16 60 3.6321713946479999e-04
7 16 61 3.6542099968000000e-04
7 16 62 3.4897374600249999e-04
7 16 63 2.2166537255851747e-30
7 32 0 2.3562644897593671e-01
7 32 1 5.3465871653108654e-01
7 32 2 4.7792404269251232e-01
7 32 3 3.2878846023647290e-01
7 32 4 2.2270218979829820e-01
7 32 5 1.5473730285173259e-01
7 32 6 1.1227174762199670e-01
7 32 7 8.3678439837197902e-02
7 32 8 6.3679807148711298e-02
7 32 9 4.8625970313097400e-02
7 32 10 3.7439641732003599e-02
7 32 11 2.8542121899420101e-02
7 32 12 2.2740400172368301e-02
7 32 13 1.8186053043784001e-02
7 32 14 1.4326079349717500e-02
7 32 15 1.1740175487314300e-02
7 32 16 9.4924515006315005e-03
7 32 17 7.7635251834484000e-03
7 32 18 6.3187555646449997e-03
7 32 19 5.2988709673248997e-03
7 32 20 4.4149333699501003e-03
7 32 21 3.7216665492443000e-03
7 32 22 3.2467890883070998e-03
7 32 23 2.7377224628312002e-03
7 32 24 2.4006558237179001e-03
7 32 25 2.0815891133669001e-03
7 32 26 1.8872147220335000e-03
7 32 27 1.6803624565950000e-03
7 32 28 1.4781551909816000e-03
7 32 29 1.3624225755512001e-03
7 32 30 1.2279971766841001e-03
7 32 31 1.1233857929809001e-03
7 32 32 1.0202618171497001e-03
7 32 33 9.6076748166090003e-04
7 32 34 8.9756761326650002e-04
7 32 35 8.4079518532560000e-04
7 32 36 7.8830613662289996e-04
7 32 37 7.4090187805599995e-04
7 32 38 7.0060330054699999e-04
7 32 39 6.6389326517900000e-04
7 32 40 6.3757241180880005e-04
7 32 41 6.0321578575819998e-04
7 32 42 5.8127885090489999e-04
7 32 43 5.5644301416599997e-04
7 32 44 5.3208776861379998e-04
7 32 45 5.1895601310079996e-04
7 32 46 4.9929864431150000e-04
7 32 47 4.8089849712470002e-04
7 32 48 4.7370166861899999e-04
7 32 49 4.6921494277299999e-04
7 32 50 4.5387836691659997e-04
7 32 51 4.4264401305030000e-04
7 32 52 4.3694234955569998e-04
7 32 53 4.2964419509470002e-04
7 32 54 4.2301318468810002e-04
7 32 55 4.1363518400680001e-04
7 32 56 4.1045460748149998e-04
7 32 57 4.0334913688539999e-04
7 32 58 4.0203885382719998e-04
7 32 59 3.9671781698989998e-04
7 32 60 3.8773642379980001e-04
7 32 61 3.8029785211250001e-04
7 32 62 3.5562297321380001e-04
7 32 63 2.3239495299750853e-30
7 48 0 2.9582284411687559e-01
7 48 1 6.1475342307559289e-01
7 48 2 5.2581662121405326e-01
7 48 3 3.5165661541099902e-01
7 48 4 2.3021535119295450e-01
7 48 5 1.5936654345907750e-01
7 48 6 1.1294629230361949e-01
7 48 7 8.1653795434991294e-02
7 48 8 6.0498473506404103e-02
7 48 9 4.5121440120141500e-02
7 48 10 3.4066973076080198e-02
7 48 11 2.5839403128375300e-02
7 48 12 1.9522628873469401e-02
7 48 13 1.5489310363981400e-02
7 48 14 1.2280535309495600e-02
7 48 15 9.9080829672647999e-03
7 48 16 7.9693452449873994e-03
7 48 17 6.5711541712741000e-03
7 48 18 5.3926386394153999e-03
7 48 19 4.4279791911458997e-03
7 48 20 3.8085565463410998e-03
7 48 21 3.2373926313012001e-03
7 48 22 2.7665232132356998e-03
7 48 23 2.4281530509931998e-03
7 48 24 2.1431574214423000e-03
7 48 25 1.9074164049962001e-03
7 48 26 1.6832036086965000e-03
7 48 27 1.5032199819581999e-03
7 48 28 1.3607331122157001e-03
7 48 29 1.2368845645086000e-03
7 48 30 1.1585495620667001e-03
7 48 31 1.0442454614964999e-03
7 48 32 9.7623987526400001e-04
7 48 33 8.9036973734300004e-04
7 48 34 8.2808529577799996e-04
7 48 35 7.8171474981260001e-04
7 48 36 7.3428368960159996e-04
7 48 37 6.9713778717430004e-04
7 48 38 6.5522895179689997e-04
7 48 39 6.2434287190450005e-04
7 48 40 6.0618351966739998e-04
7 48 41 5.7932076888610000e-04
7 48 42 5.4961749799459995e-04
7 48 43 5.2221113651659996e-04
7 48 44 5.0787230335730003e-04
7 48 45 4.9021984320290004e-04
7 48 46 4.7556261564799998e-04
7 48 47 4.5788510938379998e-04
7 48 48 4.5052351454699999e-04
7 48 49 4.4132540562969997e-04
7 48 50 4.2677411097960001e-04
7 48 51 4.2389098244890002e-04
7 48 52 4.1212389845490002e-04
7 48 53 4.0467809083269998e-04
7 48 54 3.9687162327500000e-04
7 48 55 3.8839062258140002e-04
7 48 56 3.7935062886340003e-04
7 48 57 3.8037389298480002e-04
7 48 58 3.7609167549930000e-04
7 48 59 3.6270397925670001e-04
7 48 60 3.5539295413599997e-04
7 48 61 3.2443115632260002e-04
7 48 62 2.8490369236649999e-04
7 48 63 2.3788376925368148e-30
7 64 0 3.6574150226051261e-01
7 64 1 6.8577592731862447e-01
7 64 2 5.8925565414351944e-01
7 64 3 3.8951602965350590e-01
7 64 4 2.5195453496969950e-01
7 64 5 1.6878896139510019e-01
7 64 6 1.1850252569592250e-01
7 64 7 8.4245835522801404e-02
7 64 8 6.1217483795952203e-02
7 64 9 4.5056094615468702e-02
7 64 10 3.3617505753884599e-02
7 64 11 2.5056264867071201e-02
7 64 12 1.9334813867503398e-02
7 64 13 1.4995192963080399e-02
7 64 14 1.1890815012682699e-02
7 64 15 9.6260719404929005e-03
7 64 16 7.6796219820827001e-03
7 64 17 6.4057914863306000e-03
7 64 18 5.3065962464114002e-03
7 64 19 4.4205419703367997e-03
7 64 20 3.7816010729382001e-03
7 64 21 3.2221648488487001e-03
7 64 22 2.7884411793562000e-03
7 64 23 2.4573296297899999e-03
7 64 24 2.1336449039498998e-03
7 64 25 1.9226433233552999e-03
7 64 26 1.7078763494355999e-03
7 64 27 1.5393059161517000e-03
7 64 28 1.4159936973423999e-03
7 64 29 1.2817094421250000e-03
7 64 30 1.1591339504057000e-03
7 64 31 1.0761308439182001e-03
7 64 32 1.0106842508648000e-03
7 64 33 9.4885217837479999e-04
7 64 34 8.7998083729289999e-04
7 64 35 8.3129063492979997e-04
7 64 36 7.9524817192750004e-04
7 64 37 7.3560036582789997e-04
7 64 38 7.1081081947170000e-04
7 64 39 6.5710806381450001e-04
7 64 40 6.3998393526380000e-04
7 64 41 6.1052703120589998e-04
7 64 42 5.8781346859320001e-04
7 64 43 5.5973622419560004e-04
7 64 44 5.5108674294550004e-04
7 64 45 5.3575615924310001e-04
7 64 46 5.1901142093000005e-04
7 64 47 5.0386785734889996e-04
7 64 48 4.9318564136029998e-04
7 64 49 4.7912406558270001e-04
7 64 50 4.6182880752739999e-04
7 64 51 4.5346900630320001e-04
7 64 52 4.4587512327160000e-04
7 64 53 4.4021040539879999e-04
7 64 54 4.3289320263869999e-04
7 64 55 4.1846394639759999e-04
7 64 56 4.1436714803370000e-04
7 64 57 4.0428656255489997e-04
7 64 58 3.9800501018069997e-04
7 64 59 3.8139506132370000e-04
7 64 60 3.6182643315139999e-04
7 64 61 3.2989771901099999e-04
7 64 62 3.1636167994560002e-04
7 64 63 2.5181878030440731e-30
7 72 0 4.0487197641461520e-01
7 72 1 7.2690824243026964e-01
7 72 2 6.2887115470233623e-01
7 72 3 4.1005902746658951e-01
7 72 4 2.6859141680278947e-01
7 72 5 1.8105144547165461e-01
7 72 6 1.2592809767280369e-01
7 72 7 8.8337564202714297e-02
7 72 8 6.2834359598251899e-02
7 72 9 4.6924983400980100e-02
7 72 10 3.4257702264958903e-02
7 72 11 2.5692078257594501e-02
7 72 12 1.9394640677691199e-02
7 72 13 1.5281417034519001e-02
7 72 14 1.2064583972509001e-02
7 72 15 9.5263769119606993e-03
7 72 16 7.8126362019668005e-03
7 72 17 6.4387549864850001e-03
7 72 18 5.3392609689840000e-03
7 72 19 4.4855771706734998e-03
7 72 20 3.8676576929400999e-03
7 72 21 3.3103327907685999e-03
7 72 22 2.8568894073849999e-03
7 72 23 2.4827937453534002e-03
7 72 24 2.2051595289746999e-03
7 72 25 1.9862510023274998e-03
7 72 26 1.7733998194659000e-03
7 72 27 1.6038479417124999e-03
7 72 28 1.4823546902930000e-03
7 72 29 1.3599161076212000e-03
7 72 30 1.2323067676506001e-03
7 72 31 1.1531211734763999e-03
7 72 32 1.0715427099670001e-03
7 72 33 9.9759809457940002e-04
7 72 34 9.3366298150869998e-04
7 72 35 8.8158906879199999e-04
7 72 36 8.3788620715260001e-04
7 72 37 7.9798871965940002e-04
7 72 38 7.6003599943149996e-04
7 72 39 7.4261663035279999e-04
7 72 40 6.9847790469529999e-04
7 72 41 6.7695356701459998e-04
7 72 42 6.5610311223590005e-04
7 72 43 6.2793038602979999e-04
7 72 44 6.0957229401560002e-04
7 72 45 5.8541233798869996e-04
7 72 46 5.7580946138449998e-04
7 72 47 5.6151016179680001e-04
7 72 48 5.4917740155770005e-04
7 72 49 5.3890266037059996e-04
7 72 50 5.2385107220010005e-04
7 72 51 5.1642554790849997e-04
7 72 52 5.0740548840229999e-04
7 72 53 4.9299842367420002e-04
7 72 54 4.8544339751020000e-04
7 72 55 4.8923364160379998e-04
7 72 56 4.8455465308340002e-04
7 72 57 4.6625898419950000e-04
7 72 58 4.5130092229600001e-04
7 72 59 4.4402249301380000e-04
7 72 60 4.1307539159449999e-04
7 72 61 3.8563786213820000e-04
7 72 62 4.0520637961700002e-04
7 72 63 2.6271400108173043e-30
7 80 0 4.4691713335854472e-01
7 80 1 7.6063278436159565e-01
7 80 2 6.7687902005560641e-01
7 80 3 4.3798434538192199e-01
7 80 4 2.8757269929917162e-01
7 80 5 1.9251765625508310e-01
7 80 6 1.3320704211252299e-01
7 80 7 9.3559384441834495e-02
7 80 8 6.7838642078916100e-02
7 80 9 4.9217208416286802e-02
7 80 10 3.6053974223581003e-02
7 80 11 2.7502243304091602e-02
7 80 12 2.0628442643895500e-02
7 80 13 1.6233111424540599e-02
7 80 14 1.2623233315692400e-02
7 80 15 1.0187173452699400e-02
7 80 16 8.3025514594276002e-03
7 80 17 6.8728323943402000e-03
7 80 18 5.5993826581676003e-03
7 80 19 4.7127732850850996e-03
7 80 20 4.0035769792126997e-03
7 80 21 3.4934755985180001e-03
7 80 22 2.9977478422390999e-03
7 80 23 2.6502769644075001e-03
7 80 24 2.3669034611124001e-03
7 80 25 2.1000126070966998e-03
7 80 26 1.8906351532695001e-03
7 80 27 1.6957012563720000e-03
7 80 28 1.5777143881892000e-03
7 80 29 1.4344144976344000e-03
7 80 30 1.3234289357210000e-03
7 80 31 1.2413402638009000e-03
7 80 32 1.1531151891734999e-03
7 80 33 1.0968625276339000e-03
7 80 34 1.0094818324748000e-03
7 80 35 9.7790464560110007e-04
7 80 36 9.4130130983900002e-04
7 80 37 8.8970426784749999e-04
7 80 38 8.5042386975400005e-04
7 80 39 8.2068565035309997e-04
7 80 40 7.8825950169099997e-04
7 80 41 7.6020818762440002e-04
7 80 42 7.4606830500850002e-04
7 80 43 7.2039887631469997e-04
7 80 44 6.9524023277259999e-04
7 80 45 6.8356750405159999e-04
7 80 46 6.6324509121010004e-04
7 80 47 6.5038755089969998e-04
7 80 48 6.3470729160449997e-04
7 80 49 6.2398524087519996e-04
7 80 50 6.1150590725880002e-04
7 80 51 6.1142179677399998e-04
7 80 52 5.9561978687409998e-04
7 80 53 5.7624890235229999e-04
7 80 54 5.7451966957879996e-04
7 80 55 5.7060324296909996e-04
7 80 56 5.6232017208639998e-04
7 80 57 5.5907131880980003e-04
7 80 58 5.3743414616840002e-04
7 80 59 5.1327421660130003e-04
7 80 60 4.9102883278660000e-04
7 80 61 4.7370433766930000e-04
7 80 62 5.1723172670189999e-04
7 80 63 2.8130895273627482e-30
7 88 0 4.7713856019010747e-01
7 88 1 7.6557006510893388e-01
7 88 2 7.1608106380676684e-01
7 88 3 4.6710212807688600e-01
7 88 4 3.1286134748331867e-01
7 88 5 2.1041371873814729e-01
7 88 6 1.4638660303764639e-01
7 88 7 1.0298198629682280e-01
7 88 8 7.5600114412434499e-02
7 88 9 5.4285763090237298e-02
7 88 10 4.0960775914914302e-02
7 88 11 3.0487561529020799e-02
7 88 12 2.3466200513649099e-02
7 88 13 1.8301208900279600e-02
7 88 14 1.4279045405335500e-02
7 88 15 1.1067732884193500e-02
7 88 16 9.1353632391499000e-03
7 88 17 7.4133832384311003e-03
7 88 18 6.1748681888228003e-03
7 88 19 5.1505924464716000e-03
7 88 20 4.4220078195504999e-03
7 88 21 3.8031702698396001e-03
7 88 22 3.2027447856725001e-03
7 88 23 2.8617297156362000e-03
7 88 24 2.5346205361213999e-03
7 88 25 2.2866082208594001e-03
7 88 26 2.0180233732810002e-03
7 88 27 1.8407872983988000e-03
7 88 28 1.7062439779007000e-03
7 88 29 1.5719479007345999e-03
7 88 30 1.4696812213517000e-03
7 88 31 1.3532422896520000e-03
7 88 32 1.2716583869001000e-03
7 88 33 1.1991304263970000e-03
7 88 34 1.1172484617321999e-03
7 88 35 1.0599295012765999e-03
7 88 36 1.0118447335039000e-03
7 88 37 9.9042522868719989e-04
7 88 38 9.3751350061330001e-04
7 88 39 8.9684193119830000e-04
7 88 40 8.7272536996920000e-04
7 88 41 8.3588961582859995e-04
7 88 42 8.2682665052059997e-04
7 88 43 7.9273730251799997e-04
7 88 44 7.7455827784869995e-04
7 88 45 7.4851456438620003e-04
7 88 46 7.3442610776640002e-04
7 88 47 7.3148513895209997e-04
7 88 48 7.1973528608269995e-04
7 88 49 6.9920450293739999e-04
7 88 50 6.9036168516439995e-04
7 88 51 6.7986527886239995e-04
7 88 52 6.6384462191880001e-04
7 88 53 6.5873385251080001e-04
7 88 54 6.5024932105609999e-04
7 88 55 6.4798064990040003e-04
7 88 56 6.3687980487389998e-04
7 88 57 6.3100505325180002e-04
7 88 58 6.0333056261199997e-04
7 88 59 5.8812974091619998e-04
7 88 60 5.6039462810680005e-04
7 88 61 5.6279190557190001e-04
7 88 62 5.9712217744330002e-04
7 88 63 3.0413219946799082e-30
7 96 0 4.8208722185556241e-01
7 96 1 7.7277674648028705e-01
7 96 2 7.4109902693715524e-01
7 96 3 4.8794225327674873e-01
7 96 4 3.2670723456082268e-01
7 96 5 2.2781453991038861e-01
7 96 6 1.5912970079594080e-01
7 96 7 1.1396652613387280e-01
7 96 8 8.2900250674703302e-02
7 96 9 6.2117408642858203e-02
7 96 10 4.7160758212177800e-02
7 96 11 3.5851123741440998e-02
7 96 12 2.7717193170905000e-02
7 96 13 2.0890809060379101e-02
7 96 14 1.6622299114155099e-02
7 96 15 1.3092869569997201e-02
7 96 16 1.0672260315094601e-02
7 96 17 8.5862635501184996e-03
7 96 18 7.0962033653623998e-03
7 96 19 5.9427158177415996e-03
7 96 20 4.9842257206806004e-03
7 96 21 4.2566289436382996e-03
7 96 22 3.7033155756205000e-03
7 96 23 3.2368099451158001e-03
7 96 24 2.8725701452914001e-03
7 96 25 2.5129587307649000e-03
7 96 26 2.3111647979724001e-03
7 96 27 2.0569177467065999e-03
7 96 28 1.8857677459615000e-03
7 96 29 1.7531039792227001e-03
7 96 30 1.6052019635015000e-03
7 96 31 1.5061441066210001e-03
7 96 32 1.3893159513825000e-03
7 96 33 1.3088567665199000e-03
7 96 34 1.2359252589530000e-03
7 96 35 1.1791208408802000e-03
7 96 36 1.1353296940107001e-03
7 96 37 1.0868151199439999e-03
7 96 38 1.0326570725781999e-03
7 96 39 1.0016810187158001e-03
7 96 40 9.6553636274160002e-04
7 96 41 9.3082038578210001e-04
7 96 42 9.1324006085210000e-04
7 96 43 8.8752240039509996e-04
7 96 44 8.5537066521859998e-04
7 96 45 8.3752392964049995e-04
7 96 46 8.1147342831040001e-04
7 96 47 8.0023837409520001e-04
7 96 48 7.9685976182069997e-04
7 96 49 7.6189983844640000e-04
7 96 50 7.6779295193280005e-04
7 96 51 7.5545124070360004e-04
7 96 52 7.3904018033839997e-04
7 96 53 7.3125424894110002e-04
7 96 54 7.1965420598860000e-04
7 96 55 7.1772426418759995e-04
7 96 56 7.0435600573569995e-04
7 96 57 6.8462727499339995e-04
7 96 58 6.7929784918700005e-04
7 96 59 6.3595492510220002e-04
7 96 60 6.2036374388989995e-04
7 96 61 6.4602397564519996e-04
7 96 62 6.4565881945600004e-04
7 96 63 3.2353973778112715e-30
7 104 0 4.9690380937397699e-01
7 104 1 7.4446564851889763e-01
7 104 2 7.5102866197714790e-01
7 104 3 4.9949914757600361e-01
7 104 4 3.4441283193322841e-01
7 104 5 2.4267166330446630e-01
7 104 6 1.7011751303739811e-01
7 104 7 1.2515327413422120e-01
7 104 8 9.2105906707686994e-02
7 104 9 6.9998118188248096e-02
7 104 10 5.4164724829569501e-02
7 104 11 4.0906820582807299e-02
7 104 12 3.2156237085704302e-02
7 104 13 2.4930715563435700e-02
7 104 14 1.9539052589379099e-02
7 104 15 1.5479906235690200e-02
7 104 16 1.2380798331242501e-02
7 104 17 9.9217619979858999e-03
7 104 18 8.2835368652931993e-03
7 104 19 6.7981213366059001e-03
7 104 20 5.8120260268593998e-03
7 104 21 4.8178297001844001e-03
7 104 22 4.1622590742544001e-03
7 104 23 3.6168781798588999e-03
7 104 24 3.1758345965127001e-03
7 104 25 2.8512037572985000e-03
7 104 26 2.5747972519107000e-03
7 104 27 2.3009221973510001e-03
7 104 28 2.0731169859249999e-03
7 104 29 1.9276307316517000e-03
7 104 30 1.7949909399447000e-03
7 104 31 1.6654663659718999e-03
7 104 32 1.5453744112256000e-03
7 104 33 1.4425336850848001e-03
7 104 34 1.3735390982494999e-03
7 104 35 1.2869113404517000e-03
7 104 36 1.2386729309897000e-03
7 104 37 1.1745566383900999e-03
7 104 38 1.1471778055844001e-03
7 104 39 1.1008661515805999e-03
7 104 40 1.0604395166149000e-03
7 104 41 1.0161061523150999e-03
7 104 42 9.9312989622569992e-04
7 104 43 9.5820623519420002e-04
7 104 44 9.5152273974019998e-04
7 104 45 9.1409712175750002e-04
7 104 46 9.0301988821139996e-04
7 104 47 8.7538865069050002e-04
7 104 48 8.5489629951340004e-04
7 104 49 8.5284172895039995e-04
7 104 50 8.2737317090930001e-04
7 104 51 8.1704932752469999e-04
7 104 52 8.1160130914130003e-04
7 104 53 7.9894424367780005e-04
7 104 54 7.7971285058129995e-04
7 104 55 7.7312174284389999e-04
7 104 56 7.6618679983030005e-04
7 104 57 7.4254158517110004e-04
7 104 58 7.1913883100510004e-04
7 104 59 7.0355942278030000e-04
7 104 60 6.8804986735920002e-04
7 104 61 7.1952210375519996e-04
7 104 62 6.9375674908640002e-04
7 104 63 3.3960176956799926e-30
10 0 0 9.9073035233498796e-01
10 0 1 2.4354335742340799e-01
10 0 2 1.0745897214071071e-01
10 0 3 4.7949413323591601e-02
10 0 4 3.0772530484032799e-02
10 0 5 1.9259790940684200e-02
10 0 6 1.3979480119277200e-02
10 0 7 1.0355615274846200e-02
10 0 8 7.9816223304920008e-03
10 0 9 6.4314431199078998e-03
10 0 10 5.1983642301412000e-03
10 0 11 4.2319526879587999e-03
10 0 12 3.5922717888586999e-03
10 0 13 3.1023977367026999e-03
10 0 14 2.7230891835294999e-03
10 0 15 2.3512060599613000e-03
10 0 16 2.1594549236637001e-03
10 0 17 1.8940072153877999e-03
10 0 18 1.7251798967443000e-03
10 0 19 1.5421752226648000e-03
10 0 20 1.4162335725410001e-03
10 0 21 1.2923927239182000e-03
10 0 22 1.1966665452204000e-03
10 0 23 1.1058127769953000e-03
10 0 24 1.0276713991361000e-03
10 0 25 9.5224730107309997e-04
10 0 26 8.7721767275489998e-04
10 0 27 8.2169695996529997e-04
10 0 28 7.7847340200690000e-04
10 0 29 7.4552258203989998e-04
10 0 30 6.9565355330349998e-04
10 0 31 6.6935451285920003e-04
10 0 32 6.2722909693150003e-04
10 0 33 6.0130311788269999e-04
10 0 34 5.8629430860589996e-04
10 0 35 5.5394931581110001e-04
10 0 36 5.3984867828809995e-04
10 0 37 5.1495981625319996e-04
10 0 38 4.9368986056490000e-04
10 0 39 4.8899492955200002e-04
10 0 40 4.7391564298069998e-04
10 0 41 4.4936706612930000e-04
10 0 42 4.4608460388550000e-04
10 0 43 4.2564522835840000e-04
10 0 44 4.2205018309079999e-04
10 0 45 4.0527350233730001e-04
10 0 46 4.0082700049830000e-04
10 0 47 3.9439317853929998e-04
10 0 48 3.8063291029780003e-04
10 0 49 3.7076879650499997e-04
10 0 50 3.7097238745630002e-04
10 0 51 3.6192726701149999e-04
10 0 52 3.5621479839900000e-04
10 0 53 3.5216999003089998e-04
10 0 54 3.4850060208800002e-04
10 0 55 3.5120984432119998e-04
10 0 56 3.4308506183989998e-04
10 0 57 3.3236496673960003e-04
10 0 58 3.3723453672250000e-04
10 0 59 3.4050561326309998e-04
10 0 60 3.3774208100369998e-04
10 0 61 3.3630255869310000e-04
10 0 62 3.3626047993239998e-04
10 0 63 2.8971562952348599e-30
10 8 0 2.2401435454306809e-01
10 8 1 5.2872501530505112e-01
10 8 2 4.7800345540786560e-01
10 8 3 3.1540794596873412e-01
10 8 4 2.0367968689910909e-01
10 8 5 1.4689676488560541e-01
10 8 6 9.7237742869955804e-02
10 8 7 6.9869304744736294e-02
10 8 8 5.1998206206371002e-02
10 8 9 3.8742059136863599e-02
10 8 10 3.0064730582088101e-02
10 8 11 2.2882083201677499e-02
10 8 12 1.7290204233935600e-02
10 8 13 1.3425450739765600e-02
10 8 14 1.0619725214425901e-02
10 8 15 8.2324624524197001e-03
10 8 16 6.7361925725058997e-03
10 8 17 5.1962327320594004e-03
10 8 18 4.3827790509090997e-03
10 8 19 3.5478326982158999e-03
10 8 20 2.9554851146804000e-03
10 8 21 2.4995108291102001e-03
10 8 22 2.1218245563636999e-03
10 8 23 1.8538645587667000e-03
10 8 24 1.6001119557927000e-03
10 8 25 1.4041699718224999e-03
10 8 26 1.2428795736863999e-03
10 8 27 1.1352086839990999e-03
10 8 28 1.0147198959324000e-03
10 8 29 9.2163701912529998e-04
10 8 30 8.4490038742549998e-04
10 8 31 7.8498871249409999e-04
10 8 32 7.3816772281050001e-04
10 8 33 7.0319279008370001e-04
10 8 34 6.4605239578660004e-04
10 8 35 6.1313124215690005e-04
10 8 36 5.8230126823610002e-04
10 8 37 5.6268933086869996e-04
10 8 38 5.2959860170200001e-04
10 8 39 5.1567692592830003e-04
10 8 40 4.8527828431099999e-04
10 8 41 4.8234858594619999e-04
10 8 42 4.5960756271940000e-04
10 8 43 4.4587763050620000e-04
10 8 44 4.3058007894470002e-04
10 8 45 4.2373914278950002e-04
10 8 46 4.0640692093849999e-04
10 8 47 3.9621554911630001e-04
10 8 48 3.9573895600149999e-04
10 8 49 3.8283702008400002e-04
10 8 50 3.7507713356419998e-04
10 8 51 3.7214712882729998e-04
10 8 52 3.6203431619679998e-04
10 8 53 3.6719754557769998e-04
10 8 54 3.5725058644849999e-04
10 8 55 3.5369780316690000e-04
10 8 56 3.5088312304880001e-04
10 8 57 3.4872198461759999e-04
10 8 58 3.4466718848579999e-04
10 8 59 3.4104406137049997e-04
10 8 60 3.4278715004040002e-04
10 8 61 3.3801217626110001e-04
10 8 62 3.3897534860600001e-04
10 8 63 1.9311332668596818e-30
10 16 0 2.0522921845512160e-01
10 16 1 5.1408084790056963e-01
10 16 2 4.5943785261618542e-01
10 16 3 3.3141989586614140e-01
10 16 4 2.1738532365286450e-01
10 16 5 1.5428930465673041e-01
10 16 6 1.1062746427478121e-01
10 16 7 8.3506309912232304e-02
10 16 8 6.1295100627464703e-02
10 16 9 4.7570101980602603e-02
10 16 10 3.6044184176143398e-02
10 16 11 2.7854525810288001e-02
10 16 12 2.1948304918348600e-02
10 16 13 1.7086457153035101e-02
10 16 14 1.3564421098621901e-02
10 16 15 1.0778373038605600e-02
10 16 16 8.6521662115471003e-03
10 16 17 7.0892247364899999e-03
10 16 18 5.6471640981384996e-03
10 16 19 4.6731655833566000e-03
10 16 20 3.8586875218482000e-03
10 16 21 3.2440250480575000e-03
10 16 22 2.7550952612576001e-03
10 16 23 2.3582555581956001e-03
10 16 24 2.0274351085506001e-03
10 16 25 1.7543219653048999e-03
10 16 26 1.5385940665504001e-03
10 16 27 1.3685410364480000e-03
10 16 28 1.2404791623663999e-03
10 16 29 1.1124043136388000e-03
10 16 30 1.0086957300893000e-03
10 16 31 9.1373236844029997e-04
10 16 32 8.3481226724089997e-04
10 16 33 7.8893819567920004e-04
10 16 34 7.2991887390670002e-04
10 16 35 6.9837003140540001e-04
10 16 36 6.4377215417379995e-04
10 16 37 6.1550320239990000e-04
10 16 38 5.8169220756780005e-04
10 16 39 5.4918252026280002e-04
10 16 40 5.3057159849330003e-04
10 16 41 5.0219940169850003e-04
10 16 42 4.8662706165579999e-04
10 16 43 4.6436241477840000e-04
10 16 44 4.4793925292239999e-04
10 16 45 4.3784285349139998e-04
10 16 46 4.2782057727719998e-04
10 16 47 4.1750021259290000e-04
10 16 48 4.0911546400700002e-04
10 16 49 3.9700609071829999e-04
10 16 50 3.9091010196869999e-04
10 16 51 3.8545204608520000e-04
10 16 52 3.7824908481190001e-04
10 16 53 3.6801803581590001e-04
10 16 54 3.6586998068600002e-04
10 16 55 3.5863100991109998e-04
10 16 56 3.6228385122849999e-04
10 16 57 3.6046001846050000e-04
10 16 58 3.5147014702890001e-04
10 16 59 3.4939688560940002e-04
10 16 60 3.4825156700470002e-04
10 16 61 3.4487750782869999e-04
10 16 62 3.2939659346380000e-04
10 16 63 2.1490781622653260e-30
10 32 0 2.8517902869373041e-01
10 32 1 6.0134591443115148e-01
10 32 2 5.0004640153254010e-01
10 32 3 3.2632884195873457e-01
10 32 4 2.1523009722389250e-01
10 32 5 1.4462134520975409e-01
10 32 6 1.0361129507283449e-01
10 32 7 7.3382897454378607e-02
10 32 8 5.3915096835261203e-02
10 32 9 3.9682534778899103e-02
10 32 10 2.9761359267295399e-02
10 32 11 2.2185096179251400e-02
10 32 12 1.7238445304448100e-02
10 32 13 1.3144232074225800e-02
10 32 14 1.0674097409752401e-02
10 32 15 8.3412925887373004e-03
10 32 16 6.7432633663989001e-03
10 32 17 5.5242367880452004e-03
10 32 18 4.4893667734760999e-03
10 32 19 3.7658204681928001e-03
10 32 20 3.1880852753352002e-03
10 32 21 2.7405603832609000e-03
10 32 22 2.3520705973962999e-03
10 32 23 2.0089283929071002e-03
10 32 24 1.7813471240680000e-03
10 32 25 1.5505305499183000e-03
10 32 26 1.4209043719028000e-03
10 32 27 1.2609460698890000e-03
10 32 28 1.1434874492387999e-03
10 32 29 1.0510939679921000e-03
10 32 30 9.5790110619119997e-04
10 32 31 8.7418996234300004e-04
10 32 32 8.1450484075730001e-04
10 32 33 7.6853871221760003e-04
10 32 34 7.0682327075850002e-04
10 32 35 6.7823123378569995e-04
10 32 36 6.3483421115239995e-04
10 32 37 5.9688088978759998e-04
10 32 38 5.6254678997199996e-04
10 32 39 5.3754242887130003e-04
10 32 40 5.0866942861759997e-04
10 32 41 4.9027250929720005e-04
10 32 42 4.7499699984740001e-04
10 32 43 4.5072220550989998e-04
10 32 44 4.4005705865579999e-04
10 32 45 4.2529655330170000e-04
10 32 46 4.1812476641900001e-04
10 32 47 4.0369170464680002e-04
10 32 48 3.9191955231280000e-04
10 32 49 3.8303338071120000e-04
10 32 50 3.7701043853099998e-04
10 32 51 3.6712177774570002e-04
10 32 52 3.5665719190930000e-04
10 32 53 3.5489135529150002e-04
10 32 54 3.5206188991699998e-04
10 32 55 3.4395844090239999e-04
10 32 56 3.4074991968460001e-04
10 32 57 3.3503772549889999e-04
10 32 58 3.2846973378530001e-04
10 32 59 3.2489455829320002e-04
10 32 60 3.1389472622329998e-04
10 32 61 3.0752547966309999e-04
10 32 62 2.6404523453250000e-04
10 32 63 2.2093186757104717e-30
10 48 0 3.6005964009907110e-01
10 48 1 6.7395114299396641e-01
10 48 2 5.5999069456036066e-01
10 48 3 3.5894396616126167e-01
10 48 4 2.2812780691659459e-01
10 48 5 1.5566014359696009e-01
10 48 6 1.0382174525372710e-01
10 48 7 7.3863610318952500e-02
10 48 8 5.2134825972262502e-02
10 48 9 3.7712483090899598e-02
10 48 10 2.7283473235176301e-02
10 48 11 2.1049048726854300e-02
10 48 12 1.5710520398963999e-02
10 48 13 1.2358911214543199e-02
10 48 14 9.5930342267435999e-03
10 48 15 7.4977775848705996e-03
10 48 16 6.1192023022609001e-03
10 48 17 4.9889708397487000e-03
10 48 18 4.1216129160021996e-03
10 48 19 3.5244611239580999e-03
10 48 20 2.8785027080948998e-03
10 48 21 2.5054551299019002e-03
10 48 22 2.1784131939922998e-03
10 48 23 1.8996348655134999e-03
10 48 24 1.6802194313610000e-03
10 48 25 1.4820161661473000e-03
10 48 26 1.3250630854814000e-03
10 48 27 1.2069228656471000e-03
10 48 28 1.0976199243761000e-03
10 48 29 1.0019707547373000e-03
10 48 30 9.2021399762509995e-04
10 48 31 8.4345239204540001e-04
10 48 32 7.7994576139070004e-04
10 48 33 7.2758093183390000e-04
10 48 34 6.9814620417520004e-04
10 48 35 6.4111284593659995e-04
10 48 36 6.1482935610850001e-04
10 48 37 5.7342916374150004e-04
10 48 38 5.4744808257649997e-04
10 48 39 5.1259953524730002e-04
10 48 40 4.9249104739230000e-04
10 48 41 4.8428616235730003e-04
10 48 42 4.6443649170119998e-04
10 48 43 4.3508337528580000e-04
10 48 44 4.2930596252930002e-04
10 48 45 4.1523801104040000e-04
10 48 46 4.0293973599550000e-04
10 48 47 3.8949861843150002e-04
10 48 48 3.7932517344569999e-04
10 48 49 3.7211950087300000e-04
10 48 50 3.6352047804880002e-04
10 48 51 3.5301748587539998e-04
10 48 52 3.4849080643770000e-04
10 48 53 3.4061890889669998e-04
10 48 54 3.3691967389420002e-04
10 48 55 3.2688226566239998e-04
10 48 56 3.2189707783620002e-04
10 48 57 3.1417700239750002e-04
10 48 58 3.0869852837589999e-04
10 48 59 3.0213225569180002e-04
10 48 60 2.8463834615060003e-04
10 48 61 2.6376855674890002e-04
10 48 62 2.2946049359409999e-04
10 48 63 2.3250967288980685e-30
10 64 0 4.4263550961014170e-01
10 64 1 7.6128215689351597e-01
10 64 2 6.3706751235571757e-01
10 64 3 4.0842830204643149e-01
10 64 4 2.6153475535410398e-01
10 64 5 1.7451033237714980e-01
10 64 6 1.1492236212228160e-01
10 64 7 7.7548467782966896e-02
10 64 8 5.4748022763864902e-02
10 64 9 4.0398003340502898e-02
10 64 10 2.9134390218759999e-02
10 64 11 2.1598339819599899e-02
10 64 12 1.6234460820342401e-02
10 64 13 1.2404634282523100e-02
10 64 14 9.7149078854702007e-03
10 64 15 7.7266059502529997e-03
10 64 16 6.2617302532312000e-03
10 64 17 5.1901842996122001e-03
10 64 18 4.3853990892234003e-03
10 64 19 3.6754695419299998e-03
10 64 20 3.1046830762923999e-03
10 64 21 2.6818518569025999e-03
10 64 22 2.3563419721116998e-03
10 64 23 2.0585040912650000e-03
10 64 24 1.8315789102946001e-03
10 64 25 1.6282146451656000e-03
10 64 26 1.4813625237185999e-03
10 64 27 1.3395968465402001e-03
10 64 28 1.2201731804835001e-03
10 64 29 1.1310470591662999e-03
10 64 30 1.0409036146266999e-03
10 64 31 9.7952026703490005e-04
10 64 32 9.1667480621960000e-04
10 64 33 8.5555577735390003e-04
10 64 34 8.1098515344530005e-04
10 64 35 7.6782888945249996e-04
10 64 36 7.4055823627010005e-04
10 64 37 7.0303819619989998e-04
10 64 38 6.7020655120300003e-04
10 64 39 6.4071650809290005e-04
10 64 40 6.2271302509610000e-04
10 64 41 5.9627074184200003e-04
10 64 42 5.7760966433390004e-04
10 64 43 5.5501495877179996e-04
10 64 44 5.4871299405389999e-04
10 64 45 5.2489038460939996e-04
10 64 46 5.1664752511930000e-04
10 64 47 5.0032065966940000e-04
10 64 48 4.9038224902580002e-04
10 64 49 4.8841975298200002e-04
10 64 50 4.7464438507010002e-04
10 64 51 4.5744500599920001e-04
10 64 52 4.6709095345270001e-04
10 64 53 4.4899064900390002e-04
10 64 54 4.4290541566730001e-04
10 64 55 4.3790778609439999e-04
10 64 56 4.3931520970150000e-04
10 64 57 4.2285940394840000e-04
10 64 58 4.1273911347719999e-04
10 64 59 4.0509964865380002e-04
10 64 60 3.6961995623180003e-04
10 64 61 3.5649983334139999e-04
10 64 62 3.7894596896480000e-04
10 64 63 2.6063548947108411e-30
10 72 0 5.0059411859858360e-01
10 72 1 7.8183952312293337e-01
10 72 2 6.9987178109557302e-01
10 72 3 4.3833240060542827e-01
10 72 4 2.8258794684966781e-01
10 72 5 1.8597112140937791e-01
10 72 6 1.2396471106828739e-01
10 72 7 8.5062745820173202e-02
10 72 8 5.9909257366187803e-02
10 72 9 4.1985736975895097e-02
10 72 10 3.0722604126548599e-02
10 72 11 2.3053410706033901e-02
10 72 12 1.7375977078718002e-02
10 72 13 1.3273069454945699e-02
10 72 14 1.0326084750047501e-02
10 72 15 8.2283169357671992e-03
10 72 16 6.6867039885551002e-03
10 72 17 5.4962294905315998e-03
10 72 18 4.5336430551466004e-03
10 72 19 3.8510758386152001e-03
10 72 20 3.2466563354843002e-03
10 72 21 2.8552300395213999e-03
10 72 22 2.4613721186506998e-03
10 72 23 2.1752909983920000e-03
10 72 24 1.9089407756839999e-03
10 72 25 1.7141076823375000e-03
10 72 26 1.5607656239490001e-03
10 72 27 1.4298844534358999e-03
10 72 28 1.2927474211563001e-03
10 72 29 1.2071638984512000e-03
10 72 30 1.1421333813228000e-03
10 72 31 1.0629020556744001e-03
10 72 32 9.9323285532780005e-04
10 72 33 9.3320095249550003e-04
10 72 34 8.9209375581459998e-04
10 72 35 8.5859246166020001e-04
10 72 36 8.1906685712580004e-04
10 72 37 7.7924011828089999e-04
10 72 38 7.5303759967960005e-04
10 72 39 7.2442658313399998e-04
10 72 40 6.9481877116660002e-04
10 72 41 6.7122783524939996e-04
10 72 42 6.5367095386730000e-04
10 72 43 6.4639924095199997e-04
10 72 44 6.2950324432359999e-04
10 72 45 6.1961850479920000e-04
10 72 46 5.9672324452090001e-04
10 72 47 5.9699274977520001e-04
10 72 48 5.7655778886970003e-04
10 72 49 5.7125204704030000e-04
10 72 50 5.5496111921549997e-04
10 72 51 5.5623923059660001e-04
10 72 52 5.4683955290150000e-04
10 72 53 5.4094306498399995e-04
10 72 54 5.2871425714649996e-04
10 72 55 5.2472599449970001e-04
10 72 56 5.1807601476449997e-04
10 72 57 5.0662752102170001e-04
10 72 58 4.9701510532370002e-04
10 72 59 4.8199595683570001e-04
10 72 60 4.5136982380709998e-04
10 72 61 4.4309755078380001e-04
10 72 62 4.9188317097030002e-04
10 72 63 2.7251001946766943e-30
10 80 0 5.2807910307508510e-01
10 80 1 8.0112610153874342e-01
10 80 2 7.3785122092749345e-01
10 80 3 4.7657620061327349e-01
10 80 4 3.0442539864356100e-01
10 80 5 2.0393105401318981e-01
10 80 6 1.3981086896358480e-01
10 80 7 9.7342976738748505e-02
10 80 8 6.9470704573894898e-02
10 80 9 4.8496633135264401e-02
10 80 10 3.5209482859238000e-02
10 80 11 2.6500829341463299e-02
10 80 12 1.9956263127149598e-02
10 80 13 1.5192186767382000e-02
10 80 14 1.1868328504146999e-02
10 80 15 9.3687663395397996e-03
10 80 16 7.5668300315313002e-03
10 80 17 6.1495557122892997e-03
10 80 18 5.0324355663685996e-03
10 80 19 4.2897846584485002e-03
10 80 20 3.6221171288833998e-03
10 80 21 3.1412299782918999e-03
10 80 22 2.6900834772873999e-03
10 80 23 2.3925518595331002e-03
10 80 24 2.1469108644479001e-03
10 80 25 1.9164218946475999e-03
10 80 26 1.7403639963178999e-03
10 80 27 1.5608654025852000e-03
10 80 28 1.4575963855840001e-03
10 80 29 1.3292563473498000e-03
10 80 30 1.2339057459284999e-03
10 80 31 1.1722732698687000e-03
10 80 32 1.0931547953009000e-03
10 80 33 1.0525664712253001e-03
10 80 34 9.9090033167850006e-04
10 80 35 9.3722349502850001e-04
10 80 36 9.0554863826420001e-04
10 80 37 8.5341585214279995e-04
10 80 38 8.1996230626090003e-04
10 80 39 8.0981597539229999e-04
10 80 40 7.8690328923390000e-04
10 80 41 7.5004347273489999e-04
10 80 42 7.3193059480369999e-04
10 80 43 7.1651332141969999e-04
10 80 44 6.9152627894319995e-04
10 80 45 6.9558936802840000e-04
10 80 46 6.7619389338159999e-04
10 80 47 6.6452711147130001e-04
10 80 48 6.5838986007780000e-04
10 80 49 6.3465132380200004e-04
10 80 50 6.3275428297989995e-04
10 80 51 6.2263291349300002e-04
10 80 52 6.1235582798329995e-04
10 80 53 6.0264359742500002e-04
10 80 54 5.9099674747109998e-04
10 80 55 5.8065275216400000e-04
10 80 56 5.8450563730270001e-04
10 80 57 5.6762683521680002e-04
10 80 58 5.5060753483710000e-04
10 80 59 5.3767664618889998e-04
10 80 60 5.1791327844420004e-04
10 80 61 5.2557107583189996e-04
10 80 62 5.5294487401039995e-04
10 80 63 2.9667447483346400e-30
10 88 0 5.3706758695262302e-01
10 88 1 8.0514375516695735e-01
10 88 2 7.5453303820762185e-01
10 88 3 4.9683215971348510e-01
10 88 4 3.2548452280289020e-01
10 88 5 2.1982739046716790e-01
10 88 6 1.5530566955280969e-01
10 88 7 1.0847051351926169e-01
10 88 8 7.8706762394189098e-02
10 88 9 5.7052382929465802e-02
10 88 10 4.2745367231508298e-02
10 88 11 3.1974984768557500e-02
10 88 12 2.4349757234905602e-02
10 88 13 1.8730867750250398e-02
10 88 14 1.4454131891918701e-02
10 88 15 1.1254046479794000e-02
10 88 16 9.1189294125256001e-03
10 88 17 7.1821798672249996e-03
10 88 18 5.9396124192766997e-03
10 88 19 5.0510235219125002e-03
10 88 20 4.2171721460192999e-03
10 88 21 3.6173817456660999e-03
10 88 22 3.1570672255613001e-03
10 88 23 2.7213282847044998e-03
10 88 24 2.4314332829584000e-03
10 88 25 2.1563708822753000e-03
10 88 26 1.9228921325124999e-03
10 88 27 1.7635778107721000e-03
10 88 28 1.6339753446355000e-03
10 88 29 1.5091210275741001e-03
10 88 30 1.4089296066716001e-03
10 88 31 1.2919116674137000e-03
10 88 32 1.2272607423416001e-03
10 88 33 1.1566057394147000e-03
10 88 34 1.0920417266968999e-03
10 88 35 1.0511207783860000e-03
10 88 36 9.9494353573670010e-04
10 88 37 9.5377669760870001e-04
10 88 38 9.1478393751409995e-04
10 88 39 8.8698919982020002e-04
10 88 40 8.7142716521030001e-04
10 88 41 8.4747451984770001e-04
10 88 42 8.1055293962589996e-04
10 88 43 8.0191624676700002e-04
10 88 44 7.8014958540639995e-04
10 88 45 7.5708589950829999e-04
10 88 46 7.4136815148480003e-04
10 88 47 7.2998299241200002e-04
10 88 48 7.0913418507220001e-04
10 88 49 7.0284054367429996e-04
10 88 50 6.9683285114199996e-04
10 88 51 6.7387595575580002e-04
10 88 52 6.7389077814030004e-04
10 88 53 6.6756018980780000e-04
10 88 54 6.5732524880269996e-04
10 88 55 6.4827457866899999e-04
10 88 56 6.4208781039089995e-04
10 88 57 6.1910223537620004e-04
10 88 58 6.0749369898130000e-04
10 88 59 5.7705336456289995e-04
10 88 60 5.6092223295840001e-04
10 88 61 6.0188651050550001e-04
10 88 62 5.8938092936069997e-04
10 88 63 3.1694479910656439e-30
10 96 0 5.3914782505065151e-01
10 96 1 7.9294502750912765e-01
10 96 2 7.7599625103614178e-01
10 96 3 5.0622643183711802e-01
10 96 4 3.3267563802949440e-01
10 96 5 2.3566031712441879e-01
10 96 6 1.6806569616524869e-01
10 96 7 1.1998758190521271e-01
10 96 8 8.8208959658655897e-02
10 96 9 6.5020434624854698e-02
10 96 10 5.0320222094898302e-02
10 96 11 3.7367871879275698e-02
10 96 12 2.9114645782194300e-02
10 96 13 2.2560068344066701e-02
10 96 14 1.7597686359008699e-02
10 96 15 1.3736840261210800e-02
10 96 16 1.1029742160100799e-02
10 96 17 8.8151338239473003e-03
10 96 18 7.1370145503015002e-03
10 96 19 5.9815611539795997e-03
10 96 20 4.9811575819432002e-03
10 96 21 4.1856515870579000e-03
10 96 22 3.5600114060841000e-03
10 96 23 3.1566795947840002e-03
10 96 24 2.7702756814203000e-03
10 96 25 2.4375477218162999e-03
10 96 26 2.2162895474753998e-03
10 96 27 2.0132053102706001e-03
10 96 28 1.8331240081108000e-03
10 96 29 1.6901251266322999e-03
10 96 30 1.5727981774840999e-03
10 96 31 1.4508344048444000e-03
10 96 32 1.3531906719495999e-03
10 96 33 1.2715703309288001e-03
10 96 34 1.2264231918163999e-03
10 96 35 1.1518250283440001e-03
10 96 36 1.1110809046936999e-03
10 96 37 1.0609765553645000e-03
10 96 38 1.0149359467037000e-03
10 96 39 9.8240253604400004e-04
10 96 40 9.5942168054940005e-04
10 96 41 9.1753164362450002e-04
10 96 42 8.9857773479569999e-04
10 96 43 8.7190366163379998e-04
10 96 44 8.5853859542480001e-04
10 96 45 8.2405361194120002e-04
10 96 46 8.2093100426429996e-04
10 96 47 7.9818259502200002e-04
10 96 48 7.7849659315689995e-04
10 96 49 7.5333428089290001e-04
10 96 50 7.6012254178389998e-04
10 96 51 7.5563849602530004e-04
10 96 52 7.3884977985290000e-04
10 96 53 7.3448338563219997e-04
10 96 54 7.1528541367500004e-04
10 96 55 7.1173332646020000e-04
10 96 56 6.9197741560989999e-04
10 96 57 6.8850914205420002e-04
10 96 58 6.5272497016710001e-04
10 96 59 6.3283063540069996e-04
10 96 60 6.3003984011050004e-04
10 96 61 6.5572749242329999e-04
10 96 62 6.1807033667950000e-04
10 96 63 3.3536591114432723e-30
10 104 0 5.3315078571261021e-01
10 104 1 7.8389788098691648e-01
10 104 2 7.7000075431453685e-01
10 104 3 5.1248931767368577e-01
10 104 4 3.4179839694035141e-01
10 104 5 2.5004008185548782e-01
10 104 6 1.7683151473434930e-01
10 104 7 1.3070414806440619e-01
10 104 8 9.5790566683853995e-02
10 104 9 7.2870993233668399e-02
10 104 10 5.6511359969083200e-02
10 104 11 4.3196257893783598e-02
10 104 12 3.4787064525553198e-02
10 104 13 2.7168517282252599e-02
10 104 14 2.1197473839164201e-02
10 104 15 1.6757384257022501e-02
10 104 16 1.3480605369587600e-02
10 104 17 1.0751417268456100e-02
10 104 18 8.6274911107961007e-03
10 104 19 7.1521301905725998e-03
10 104 20 5.8965909056484999e-03
10 104 21 4.9712581009070996e-03
10 104 22 4.2200329942135998e-03
10 104 23 3.6357196989850000e-03
10 104 24 3.2270092288332001e-03
10 104 25 2.7910460961616998e-03
10 104 26 2.5054017180673998e-03
10 104 27 2.3010062389523999e-03
10 104 28 2.0826616584264999e-03
10 104 29 1.9078796009112001e-03
10 104 30 1.7806668797943001e-03
10 104 31 1.6403659952842001e-03
10 104 32 1.5250012406582000e-03
10 104 33 1.4226915511656999e-03
10 104 34 1.3484186975520000e-03
10 104 35 1.2596181083788999e-03
10 104 36 1.2214977865026000e-03
10 104 37 1.1713623409715000e-03
10 104 38 1.1172147322734999e-03
10 104 39 1.0814705476699001e-03
10 104 40 1.0557226029246000e-03
10 104 41 1.0238013621916000e-03
10 104 42 9.8647548051700000e-04
10 104 43 9.5352061651739998e-04
10 104 44 9.2867657506250003e-04
10 104 45 8.9846144217239996e-04
10 104 46 8.9664664519969995e-04
10 104 47 8.6682941089690001e-04
10 104 48 8.6475920791550002e-04
10 104 49 8.4419104493690001e-04
10 104 50 8.2077118890210000e-04
10 104 51 8.2145790567760002e-04
10 104 52 8.0758083069359997e-04
10 104 53 8.0099250075179999e-04
10 104 54 7.9431147604640002e-04
10 104 55 7.6976114044470002e-04
10 104 56 7.6202846621739996e-04
10 104 57 7.5170837584940002e-04
10 104 58 7.2217921496539996e-04
10 104 59 7.0440631564230004e-04
10 104 60 6.9724299832829996e-04
10 104 61 7.3070317887649996e-04
10 104 62 6.7471458758540002e-04
10 104 63 3.4793477925569636e-30
13 0 0 1.0138933685756375e+00
13 0 1 1.9200102731320071e-01
13 0 2 1.1139987877341630e-01
13 0 3 4.9713409402194902e-02
13 0 4 3.0240056001619501e-02
13 0 5 1.9748179758676099e-02
13 0 6 1.3688127767748900e-02
13 0 7 1.0335870287808699e-02
13 0 8 8.0372704972601992e-03
13 0 9 6.3658335222803999e-03
13 0 10 5.1990684581037002e-03
13 0 11 4.3377451330587000e-03
13 0 12 3.6395297538957998e-03
13 0 13 3.1492712331759000e-03
13 0 14 2.6966036086865002e-03
13 0 15 2.3853019696446999e-03
13 0 16 2.0837881194097998e-03
13 0 17 1.8646643509398000e-03
13 0 18 1.6824646228658000e-03
13 0 19 1.5154457556953000e-03
13 0 20 1.3806521997046001e-03
13 0 21 1.2910905895350999e-03
13 0 22 1.1927377033649001e-03
13 0 23 1.0939996738210001e-03
13 0 24 1.0232651969169001e-03
13 0 25 9.5182005733079997e-04
13 0 26 8.8993797743600002e-04
13 0 27 8.3768370558940004e-04
13 0 28 7.8165366279319998e-04
13 0 29 7.4386721836870002e-04
13 0 30 7.0788586253629998e-04
13 0 31 6.6338666155859997e-04
13 0 32 6.3633266034209999e-04
13 0 33 6.0910335218709996e-04
13 0 34 5.8663123056540000e-04
13 0 35 5.5820823231429999e-04
13 0 36 5.3314514907339995e-04
13 0 37 5.1113242649960004e-04
13 0 38 4.9122703530420000e-04
13 0 39 4.7837938193240001e-04
13 0 40 4.6396590725789999e-04
13 0 41 4.5060044391539999e-04
13 0 42 4.4117175399150001e-04
13 0 43 4.2857678878450002e-04
13 0 44 4.1704232298580001e-04
13 0 45 4.0278800035200001e-04
13 0 46 3.9879852565549999e-04
13 0 47 3.8216364506330001e-04
13 0 48 3.8484665636309999e-04
13 0 49 3.8044558846579999e-04
13 0 50 3.6471666282920001e-04
13 0 51 3.6804570895650001e-04
13 0 52 3.5569643456810000e-04
13 0 53 3.5532924910179999e-04
13 0 54 3.4987100916480002e-04
13 0 55 3.5097055832890002e-04
13 0 56 3.4450538962029999e-04
13 0 57 3.3971197609240002e-04
13 0 58 3.4098660955230001e-04
13 0 59 3.3589294233950001e-04
13 0 60 3.3637300803699999e-04
13 0 61 3.3269775738269998e-04
13 0 62 3.3166030212219999e-04
13 0 63 2.9730066059641031e-30
13 8 0 2.2124332848511791e-01
13 8 1 5.4183042310138574e-01
13 8 2 4.6715148459729472e-01
13 8 3 3.1724500545980888e-01
13 8 4 2.1127711237178559e-01
13 8 5 1.4569834069211970e-01
13 8 6 9.9317730763074805e-02
13 8 7 7.1668689268092403e-02
13 8 8 5.1261344977795803e-02
13 8 9 3.8948189252902603e-02
13 8 10 2.9785098109190299e-02
13 8 11 2.2354287004633600e-02
13 8 12 1.7148379630798499e-02
13 8 13 1.2873902698851501e-02
13 8 14 1.0408659803572900e-02
13 8 15 8.1551352530896994e-03
13 8 16 6.4851395486783996e-03
13 8 17 5.2246198201207003e-03
13 8 18 4.1732490752685002e-03
13 8 19 3.4814699769488001e-03
13 8 20 2.8521944072801000e-03
13 8 21 2.3833190970832998e-03
13 8 22 2.0193484844675002e-03
13 8 23 1.7664342892378000e-03
13 8 24 1.5228328775829000e-03
13 8 25 1.3395513126070000e-03
13 8 26 1.2151837090649000e-03
13 8 27 1.0697885757094999e-03
13 8 28 9.8417360495190007e-04
13 8 29 8.9252974030250005e-04
13 8 30 8.1380500500200003e-04
13 8 31 7.6159411008920000e-04
13 8 32 7.2153392670589996e-04
13 8 33 6.6377862576889998e-04
13 8 34 6.3160617865760005e-04
13 8 35 5.9391336701320005e-04
13 8 36 5.6294909748080000e-04
13 8 37 5.4158141792730004e-04
13 8 38 5.2512430994420005e-04
13 8 39 5.0076531846189999e-04
13 8 40 4.8446440869860002e-04
13 8 41 4.6577075179759998e-04
13 8 42 4.4740139432699998e-04
13 8 43 4.3571349718069999e-04
13 8 44 4.2508193955510001e-04
13 8 45 4.1951273753639999e-04
13 8 46 3.9824114863339999e-04
13 8 47 3.9328651783230000e-04
13 8 48 3.9187023308929998e-04
13 8 49 3.8027743412410000e-04
13 8 50 3.7063713205650001e-04
13 8 51 3.6776884211910002e-04
13 8 52 3.6580701349649998e-04
13 8 53 3.6285221354700000e-04
13 8 54 3.4899420409130000e-04
13 8 55 3.4218227900549998e-04
13 8 56 3.4853134367809999e-04
13 8 57 3.3670225794430001e-04
13 8 58 3.3707226244199999e-04
13 8 59 3.3752328162130001e-04
13 8 60 3.3415115607139998e-04
13 8 61 3.3026050275940000e-04
13 8 62 3.3249674363030002e-04
13 8 63 1.9206616590563787e-30
13 16 0 2.2683641778171490e-01
13 16 1 5.6003028473764938e-01
13 16 2 4.6476421390941858e-01
13 16 3 3.2418995273526008e-01
13 16 4 2.0787100814197690e-01
13 16 5 1.4839657287561289e-01
13 16 6 1.0235331062602650e-01
13 16 7 7.5382349152759806e-02
13 16 8 5.5760212829097697e-02
13 16 9 4.2015396327954702e-02
13 16 10 3.1991331766137401e-02
13 16 11 2.4536458275784798e-02
13 16 12 1.8971227966856598e-02
13 16 13 1.4855804887184699e-02
13 16 14 1.1429163543689299e-02
13 16 15 9.1251905707870999e-03
13 16 16 7.1876656304776000e-03
13 16 17 5.8612808679657001e-03
13 16 18 4.7422254678316997e-03
13 16 19 3.9035931288036001e-03
13 16 20 3.2439038269084998e-03
13 16 21 2.7284868047098999e-03
13 16 22 2.3292377272386001e-03
13 16 23 2.0053350325917002e-03
13 16 24 1.7471873348085000e-03
13 16 25 1.4945452557414000e-03
13 16 26 1.3307611337641000e-03
13 16 27 1.1964578251863001e-03
13 16 28 1.0591036619557999e-03
13 16 29 9.7517601309779999e-04
13 16 30 8.8571259977860003e-04
13 16 31 8.3652953257969999e-04
13 16 32 7.6310873031999998e-04
13 16 33 7.1537407268640004e-04
13 16 34 6.6627449187270003e-04
13 16 35 6.1927442146689996e-04
13 16 36 5.8518879255919996e-04
13 16 37 5.6461667125380004e-04
13 16 38 5.3394671157300005e-04
13 16 39 5.1526804651800000e-04
13 16 40 4.8527611176990001e-04
13 16 41 4.6752211232589999e-04
13 16 42 4.5458612386669998e-04
13 16 43 4.4007303547250002e-04
13 16 44 4.3248285778169998e-04
13 16 45 4.1373822948020001e-04
13 16 46 4.0316576566479999e-04
13 16 47 3.9259173785080001e-04
13 16 48 3.8096798190079999e-04
13 16 49 3.7801561932980000e-04
13 16 50 3.6907400321330001e-04
13 16 51 3.6338409156019998e-04
13 16 52 3.5447073484990002e-04
13 16 53 3.5324915922530002e-04
13 16 54 3.4338842107749999e-04
13 16 55 3.4097163419099998e-04
13 16 56 3.3598707970419999e-04
13 16 57 3.3752908067229999e-04
13 16 58 3.2827329740630002e-04
13 16 59 3.2808354820530001e-04
13 16 60 3.2740692291369997e-04
13 16 61 3.2195880765689997e-04
13 16 62 3.0551224143360003e-04
13 16 63 2.0736706318052797e-30
13 32 0 3.2001812570513488e-01
13 32 1 6.4739539486095665e-01
13 32 2 5.1158819041728698e-01
13 32 3 3.3042933288866899e-01
13 32 4 2.0865914982345640e-01
13 32 5 1.4006395908631850e-01
13 32 6 9.3909164849381194e-02
13 32 7 6.7106441311502202e-02
13 32 8 4.6978027059572103e-02
13 32 9 3.4124664950933498e-02
13 32 10 2.5247727064874301e-02
13 32 11 1.8948347577759900e-02
13 32 12 1.4149763220683601e-02
13 32 13 1.0697349477248900e-02
13 32 14 8.5510461807479995e-03
13 32 15 6.7558148101410998e-03
13 32 16 5.3699581224990996e-03
13 32 17 4.3752122642600998e-03
13 32 18 3.7133791524903001e-03
13 32 19 3.0596753221177001e-03
13 32 20 2.5976545513025002e-03
13 32 21 2.2045367126266998e-03
13 32 22 1.8909448031268999e-03
13 32 23 1.6901287774510000e-03
13 32 24 1.4822559943242000e-03
13 32 25 1.2973851056480999e-03
13 32 26 1.1753903290644000e-03
13 32 27 1.0365643391166001e-03
13 32 28 9.4074467220450005e-04
13 32 29 8.7799951204670004e-04
13 32 30 8.0821441246739999e-04
13 32 31 7.4480611171179995e-04
13 32 32 6.9119865860290005e-04
13 32 33 6.5079053538409995e-04
13 32 34 6.0641243277830003e-04
13 32 35 5.7035554306279995e-04
13 32 36 5.3521409645039997e-04
13 32 37 5.1409471293139999e-04
13 32 38 4.8547483830109999e-04
13 32 39 4.6146927362630000e-04
13 32 40 4.4340171937810001e-04
13 32 41 4.2915899658839998e-04
13 32 42 4.0945259529939998e-04
13 32 43 3.9262392584869999e-04
13 32 44 3.8134708486709998e-04
13 32 45 3.6867317530110000e-04
13 32 46 3.6334067499730000e-04
13 32 47 3.5042375775879998e-04
13 32 48 3.4056987518360000e-04
13 32 49 3.3557930883250001e-04
13 32 50 3.2308214430410001e-04
13 32 51 3.2058484789379999e-04
13 32 52 3.1398359209499997e-04
13 32 53 3.0995191421410003e-04
13 32 54 3.0358343575310001e-04
13 32 55 2.9817086808129998e-04
13 32 56 2.9931489489199998e-04
13 32 57 2.8639390653959997e-04
13 32 58 2.8534067754020003e-04
13 32 59 2.8157175105139999e-04
13 32 60 2.7410496899680001e-04
13 32 61 2.5588807105600002e-04
13 32 62 2.2470604720969999e-04
13 32 63 2.1541671304239597e-30
13 48 0 4.0734410526325260e-01
13 48 1 7.1306781765142002e-01
13 48 2 5.8500818735706983e-01
13 48 3 3.6469453172316513e-01
13 48 4 2.3116682938750391e-01
13 48 5 1.4960856545671039e-01
13 48 6 9.9058197115883095e-02
13 48 7 6.7605428797799696e-02
13 48 8 4.6724534238062901e-02
13 48 9 3.3015952753623200e-02
13 48 10 2.4274099646877899e-02
13 48 11 1.7950448395349500e-02
13 48 12 1.3232342700061900e-02
13 48 13 1.0378216399924400e-02
13 48 14 8.2676713918080000e-03
13 48 15 6.3519046095336000e-03
13 48 16 5.1948627110150998e-03
13 48 17 4.2420945296137999e-03
13 48 18 3.5605618301177999e-03
13 48 19 2.9528860890341000e-03
13 48 20 2.5248335452153002e-03
13 48 21 2.1754501027259000e-03
13 48 22 1.8922610519862000e-03
13 48 23 1.6698122974515999e-03
13 48 24 1.4685196021494999e-03
13 48 25 1.3238532621483001e-03
13 48 26 1.1890243812124001e-03
13 48 27 1.0749145078378999e-03
13 48 28 9.8626544072489999e-04
13 48 29 8.9500509739110000e-04
13 48 30 8.3330990824809995e-04
13 48 31 7.7492962488929997e-04
13 48 32 7.1433226637299997e-04
13 48 33 6.7457827264700003e-04
13 48 34 6.3520370702819997e-04
13 48 35 6.0586718239520002e-04
13 48 36 5.5596273771250004e-04
13 48 37 5.4152896095980001e-04
13 48 38 5.1283950676869999e-04
13 48 39 4.8880493575520002e-04
13 48 40 4.6845063705899998e-04
13 48 41 4.4692841927699997e-04
13 48 42 4.3435724380109998e-04
13 48 43 4.2170928915669998e-04
13 48 44 4.0877594470219999e-04
13 48 45 3.9064092706960000e-04
13 48 46 3.8439647186540001e-04
13 48 47 3.7012281460280000e-04
13 48 48 3.6546727277790000e-04
13 48 49 3.5318367204000001e-04
13 48 50 3.4603088518859998e-04
13 48 51 3.4278554769700002e-04
13 48 52 3.3519962600560001e-04
13 48 53 3.2845218988450002e-04
13 48 54 3.1569491673430001e-04
13 48 55 3.1467007950450001e-04
13 48 56 3.0856718390670002e-04
13 48 57 3.0248383242810001e-04
13 48 58 2.9492213398649999e-04
13 48 59 2.9163428441320000e-04
13 48 60 2.7017634269230000e-04
13 48 61 2.4868293853859999e-04
13 48 62 2.3389077104549999e-04
13 48 63 2.3932132954416755e-30
13 64 0 5.1081811124602772e-01
13 64 1 7.9292061692567395e-01
13 64 2 6.9053383270674995e-01
13 64 3 4.2607771537175632e-01
13 64 4 2.6925712666444968e-01
13 64 5 1.7408997665920889e-01
13 64 6 1.1411931158183550e-01
13 64 7 7.4694281851149000e-02
13 64 8 5.2123114989302097e-02
13 64 9 3.6680126804650902e-02
13 64 10 2.6076208708614199e-02
13 64 11 1.9292997188327100e-02
13 64 12 1.4706573872399299e-02
13 64 13 1.1013951025888900e-02
13 64 14 8.7657815051407992e-03
13 64 15 6.8724535176356997e-03
13 64 16 5.6533316642218001e-03
13 64 17 4.5170675010293001e-03
13 64 18 3.8121081017360001e-03
13 64 19 3.2077736832769998e-03
13 64 20 2.7211608572085002e-03
13 64 21 2.3832019501070999e-03
13 64 22 2.0767003988039000e-03
13 64 23 1.8299003659865000e-03
13 64 24 1.6182720406610999e-03
13 64 25 1.4815398292076000e-03
13 64 26 1.3458345347417001e-03
13 64 27 1.2326252827103000e-03
13 64 28 1.1363600005113001e-03
13 64 29 1.0515087436072999e-03
13 64 30 9.9594061452470007e-04
13 64 31 9.3178777832770004e-04
13 64 32 8.6753874401100000e-04
13 64 33 8.2860745102970000e-04
13 64 34 7.8762133680600004e-04
13 64 35 7.5245329953410004e-04
13 64 36 7.0748310814949995e-04
13 64 37 6.8792114127880005e-04
13 64 38 6.5810356820609995e-04
13 64 39 6.4065809692060002e-04
13 64 40 6.2019098814860001e-04
13 64 41 5.9636360312750002e-04
13 64 42 5.8033369064940002e-04
13 64 43 5.6644169558360004e-04
13 64 44 5.5440557749800005e-04
13 64 45 5.4686432249970000e-04
13 64 46 5.2754258266069995e-04
13 64 47 5.1555504948550001e-04
13 64 48 5.1341714108300005e-04
13 64 49 5.0166113651059995e-04
13 64 50 4.9343646118520004e-04
13 64 51 4.8853326480150004e-04
13 64 52 4.8446425005000001e-04
13 64 53 4.7900952988510001e-04
13 64 54 4.6821685673069998e-04
13 64 55 4.6408488001620002e-04
13 64 56 4.5681155182009998e-04
13 64 57 4.5216687629619998e-04
13 64 58 4.3922936019529998e-04
13 64 59 4.2498688697839999e-04
13 64 60 3.9935557898879999e-04
13 64 61 3.9213031932329998e-04
13 64 62 4.3862606688260000e-04
13 64 63 2.6824534487290066e-30
13 72 0 5.6166921570608852e-01
13 72 1 8.0644594954012938e-01
13 72 2 7.5250225830166695e-01
13 72 3 4.6150646054594979e-01
13 72 4 2.9344897210815579e-01
13 72 5 1.9372244255522419e-01
13 72 6 1.2741698442377469e-01
13 72 7 8.6564402052175193e-02
13 72 8 5.9868553597698097e-02
13 72 9 4.1328877831200199e-02
13 72 10 3.0473648745423500e-02
13 72 11 2.1894049192533401e-02
13 72 12 1.6496525702687202e-02
13 72 13 1.2447018558264701e-02
13 72 14 9.5369697744066995e-03
13 72 15 7.6357776523698004e-03
13 72 16 6.0769878620813003e-03
13 72 17 4.9850222084431997e-03
13 72 18 4.1217827557699996e-03
13 72 19 3.4793879699928998e-03
13 72 20 3.0014458337365999e-03
13 72 21 2.5260256235957999e-03
13 72 22 2.2642398666265001e-03
13 72 23 2.0075460207582998e-03
13 72 24 1.7712761738996000e-03
13 72 25 1.6117607280542001e-03
13 72 26 1.4346799135895000e-03
13 72 27 1.3195045476107000e-03
13 72 28 1.2344789806513000e-03
13 72 29 1.1295446352889999e-03
13 72 30 1.0541585450468999e-03
13 72 31 9.9616607161930005e-04
13 72 32 9.5454799236550003e-04
13 72 33 8.9456226704630001e-04
13 72 34 8.5123601275709996e-04
13 72 35 8.2293688944509995e-04
13 72 36 7.8877984969080001e-04
13 72 37 7.5934493887949998e-04
13 72 38 7.2703983560070003e-04
13 72 39 7.0952805662129995e-04
13 72 40 6.8202080498529997e-04
13 72 41 6.6957281342730002e-04
13 72 42 6.4916034631359995e-04
13 72 43 6.4286666541589997e-04
13 72 44 6.2009046402340001e-04
13 72 45 6.1695171557380000e-04
13 72 46 5.9531056611370002e-04
13 72 47 5.8902087558560000e-04
13 72 48 5.8192048452640000e-04
13 72 49 5.6427920985239999e-04
13 72 50 5.7239329800399998e-04
13 72 51 5.5108387318360003e-04
13 72 52 5.4557389949159995e-04
13 72 53 5.4070466770600001e-04
13 72 54 5.3484513808240005e-04
13 72 55 5.3402454950500001e-04
13 72 56 5.2480150714479998e-04
13 72 57 5.2157593611059999e-04
13 72 58 5.1055491239940004e-04
13 72 59 4.7875871460229999e-04
13 72 60 4.6099118459350000e-04
13 72 61 4.7444491285110002e-04
13 72 62 5.1336373878870000e-04
13 72 63 2.8863155063621652e-30
13 80 0 5.7810139814670447e-01
13 80 1 8.1526898578589346e-01
13 80 2 7.7538691318047581e-01
13 80 3 4.8599258191794981e-01
13 80 4 3.1759775459001921e-01
13 80 5 2.1164196519257461e-01
13 80 6 1.4474638826732031e-01
13 80 7 1.0001269422153020e-01
13 80 8 7.1538687124100206e-02
13 80 9 5.1220288079724598e-02
13 80 10 3.6876781654840200e-02
13 80 11 2.7158738186681401e-02
13 80 12 2.0452082699495399e-02
13 80 13 1.5237518096207400e-02
13 80 14 1.1721575865609899e-02
13 80 15 9.3093691237053008e-03
13 80 16 7.3031199795127004e-03
13 80 17 5.9189372323710998e-03
13 80 18 4.9103444182469003e-03
13 80 19 4.0481362355487003e-03
13 80 20 3.4588025442171002e-03
13 80 21 2.9492474657139998e-03
13 80 22 2.5770597818398000e-03
13 80 23 2.2692052247160000e-03
13 80 24 2.0341003058318998e-03
13 80 25 1.8167375885249999e-03
13 80 26 1.6600726659376001e-03
13 80 27 1.5063673108084001e-03
13 80 28 1.3711690941194999e-03
13 80 29 1.2895539496438999e-03
13 80 30 1.2260454180359000e-03
13 80 31 1.1292473190580999e-03
13 80 32 1.0555335451181999e-03
13 80 33 1.0108859874869999e-03
13 80 34 9.7334223473580000e-04
13 80 35 9.2626310194870000e-04
13 80 36 8.8322143307710001e-04
13 80 37 8.4452859804760004e-04
13 80 38 8.1152223352259998e-04
13 80 39 7.8818077650410004e-04
13 80 40 7.6769406850530004e-04
13 80 41 7.4998056319509996e-04
13 80 42 7.2758170717700005e-04
13 80 43 7.0535017234170003e-04
13 80 44 6.9272471519560004e-04
13 80 45 6.7244450697179995e-04
13 80 46 6.6451264498440001e-04
13 80 47 6.5457481191220001e-04
13 80 48 6.4537555720590003e-04
13 80 49 6.3708481343219996e-04
13 80 50 6.1801415483790005e-04
13 80 51 6.1580431869260005e-04
13 80 52 6.0433413144120004e-04
13 80 53 5.9569004123580000e-04
13 80 54 5.9403310332689998e-04
13 80 55 5.7927947604809996e-04
13 80 56 5.6771059481580005e-04
13 80 57 5.6214948017280003e-04
13 80 58 5.5470006983199998e-04
13 80 59 5.2411637548099995e-04
13 80 60 5.0736628572429999e-04
13 80 61 5.3963858585179996e-04
13 80 62 5.3413297062980005e-04
13 80 63 3.0900708121007583e-30
13 88 0 5.7676670701276567e-01
13 88 1 8.2208844149506044e-01
13 88 2 7.7761810479940086e-01
13 88 3 4.9746528288051017e-01
13 88 4 3.2971430311609617e-01
13 88 5 2.2778766865034589e-01
13 88 6 1.5915692459876851e-01
13 88 7 1.1142556203162350e-01
13 88 8 8.1564740754015000e-02
13 88 9 5.9922744013487100e-02
13 88 10 4.5212300445905997e-02
13 88 11 3.3949955102080397e-02
13 88 12 2.5554060265266999e-02
13 88 13 1.9548750692350500e-02
13 88 14 1.4871854524683000e-02
13 88 15 1.1713714980694701e-02
13 88 16 9.1606885122091000e-03
13 88 17 7.3774067659982999e-03
13 88 18 5.9938027762257004e-03
13 88 19 4.9251714638711003e-03
13 88 20 4.1252329045272998e-03
13 88 21 3.5491250586005001e-03
13 88 22 3.0802549826209002e-03
13 88 23 2.6621450551619001e-03
13 88 24 2.3477403177015999e-03
13 88 25 2.1033484558678002e-03
13 88 26 1.9240727264910999e-03
13 88 27 1.7377538264360000e-03
13 88 28 1.6122507427440000e-03
13 88 29 1.4547607274649000e-03
13 88 30 1.3554952260062000e-03
13 88 31 1.2864246460195000e-03
13 88 32 1.1917286076304000e-03
13 88 33 1.1241070069379999e-03
13 88 34 1.0766472148369000e-03
13 88 35 1.0145281242764999e-03
13 88 36 9.7857007643430008e-04
13 88 37 9.4335417654220000e-04
13 88 38 8.9796101468369997e-04
13 88 39 8.8004822420199998e-04
13 88 40 8.4984586137259999e-04
13 88 41 8.3371119673330001e-04
13 88 42 8.1034358250569997e-04
13 88 43 7.7842255750129998e-04
13 88 44 7.6649028920329997e-04
13 88 45 7.5286616354280000e-04
13 88 46 7.3760696623989997e-04
13 88 47 7.1561439339440001e-04
13 88 48 7.0246039661930003e-04
13 88 49 6.9045025341159998e-04
13 88 50 6.6518492786170000e-04
13 88 51 6.7340512273780003e-04
13 88 52 6.6510151569140004e-04
13 88 53 6.5489782227800002e-04
13 88 54 6.4317822899440005e-04
13 88 55 6.4853880122419999e-04
13 88 56 6.3260617839159996e-04
13 88 57 6.1092063614839995e-04
13 88 58 5.9995995624260003e-04
13 88 59 5.7852061403169995e-04
13 88 60 5.7550329196359999e-04
13 88 61 5.9748132416429997e-04
13 88 62 5.7242227373530000e-04
13 88 63 3.2810446857220065e-30
13 96 0 5.6973222580474858e-01
13 96 1 8.0255877333119463e-01
13 96 2 7.8714634151060914e-01
13 96 3 5.0867426817483352e-01
13 96 4 3.3987753964472639e-01
13 96 5 2.3867644078599320e-01
13 96 6 1.6921519627822190e-01
13 96 7 1.2255660160211440e-01
13 96 8 8.9822816343542597e-02
13 96 9 6.8507695983693495e-02
13 96 10 5.2110680440688902e-02
13 96 11 4.0184127087172603e-02
13 96 12 3.0732615557874501e-02
13 96 13 2.4316262537557001e-02
13 96 14 1.8575001519212798e-02
13 96 15 1.4587176644799100e-02
13 96 16 1.1640899200283800e-02
13 96 17 9.2135264040111992e-03
13 96 18 7.5169820684322999e-03
13 96 19 6.0656878399234998e-03
13 96 20 5.0460962877548997e-03
13 96 21 4.2410112774872001e-03
13 96 22 3.6302580809305998e-03
13 96 23 3.1064015738493001e-03
13 96 24 2.7378543217621001e-03
13 96 25 2.4210659721966002e-03
13 96 26 2.1854810539234000e-03
13 96 27 2.0084565466358000e-03
13 96 28 1.8045073003470000e-03
13 96 29 1.6676080226357001e-03
13 96 30 1.5385991580164000e-03
13 96 31 1.4440479382400999e-03
13 96 32 1.3520031940900000e-03
13 96 33 1.2740048188082001e-03
13 96 34 1.2127209055347000e-03
13 96 35 1.1384218957792001e-03
13 96 36 1.0974890564688000e-03
13 96 37 1.0421466601452001e-03
13 96 38 1.0174834077581001e-03
13 96 39 9.7001782656270001e-04
13 96 40 9.5251605117849995e-04
13 96 41 9.0690426105240001e-04
13 96 42 8.9824653582530004e-04
13 96 43 8.7840294723529999e-04
13 96 44 8.5618177158820004e-04
13 96 45 8.1605534071309998e-04
13 96 46 8.0993996015439997e-04
13 96 47 7.9333739527089997e-04
13 96 48 7.7533550006370002e-04
13 96 49 7.7464479760180004e-04
13 96 50 7.5715563838289995e-04
13 96 51 7.3945153611160001e-04
13 96 52 7.3763015627480004e-04
13 96 53 7.2052770422510000e-04
13 96 54 7.0315972796780005e-04
13 96 55 7.1143048458200005e-04
13 96 56 6.9527039854950005e-04
13 96 57 6.7906434593930005e-04
13 96 58 6.5442015196470001e-04
13 96 59 6.1897854610079995e-04
13 96 60 6.3920463059500003e-04
13 96 61 6.8231655306670005e-04
13 96 62 6.1285967806660004e-04
13 96 63 3.4839887036321189e-30
13 104 0 5.7011719147443107e-01
13 104 1 7.9543237160634561e-01
13 104 2 7.8823353848727751e-01
13 104 3 4.9923651912176742e-01
13 104 4 3.5093758842165301e-01
13 104 5 2.4463918610468999e-01
13 104 6 1.7781333719847350e-01
13 104 7 1.3214769978854879e-01
13 104 8 9.8730277812646802e-02
13 104 9 7.5828628255986394e-02
13 104 10 5.8483622455580801e-02
13 104 11 4.5175351889102600e-02
13 104 12 3.5943696523871700e-02
13 104 13 2.8493656257869399e-02
13 104 14 2.2452280478106799e-02
13 104 15 1.7648591453236599e-02
13 104 16 1.4053464309815000e-02
13 104 17 1.1358168169668101e-02
13 104 18 9.0560234414214999e-03
13 104 19 7.3630855001896997e-03
13 104 20 6.0797372577859003e-03
13 104 21 5.0339181013307997e-03
13 104 22 4.2281183770650002e-03
13 104 23 3.6568884853686000e-03
13 104 24 3.2125085218252000e-03
13 104 25 2.8426204464568000e-03
13 104 26 2.5263582393464002e-03
13 104 27 2.2329435838821000e-03
13 104 28 2.0780138827410999e-03
13 104 29 1.8579623944195000e-03
13 104 30 1.7366543814188000e-03
13 104 31 1.6218358219139001e-03
13 104 32 1.5274394909538999e-03
13 104 33 1.4241394138563000e-03
13 104 34 1.3430158561278001e-03
13 104 35 1.2552261837350000e-03
13 104 36 1.2312793069942001e-03
13 104 37 1.1645032634644999e-03
13 104 38 1.0990350117380001e-03
13 104 39 1.0658716902693000e-03
13 104 40 1.0387577879784999e-03
13 104 41 9.9433991498830009e-04
13 104 42 9.8468463111299996e-04
13 104 43 9.5194936017439996e-04
13 104 44 9.3382890852729999e-04
13 104 45 9.0784962393169999e-04
13 104 46 8.9488631528229995e-04
13 104 47 8.8309267043640001e-04
13 104 48 8.5619685287219999e-04
13 104 49 8.4677543840830003e-04
13 104 50 8.4314925410880004e-04
13 104 51 8.1508205999060001e-04
13 104 52 8.1024977154240004e-04
13 104 53 7.8732454226250004e-04
13 104 54 7.8172825847630002e-04
13 104 55 7.6689480916009999e-04
13 104 56 7.5396742704640001e-04
13 104 57 7.3263113384669997e-04
13 104 58 7.1918077958610003e-04
13 104 59 7.1167923665660003e-04
13 104 60 7.0295335229659996e-04
13 104 61 7.3085154281110002e-04
13 104 62 6.7542797700139996e-04
13 104 63 3.6129017704594693e-30
19 0 0 8.9243396818943777e-01
19 0 1 4.2002764642862078e-01
19 0 2 1.1925975294952069e-01
19 0 3 5.2361896884213298e-02
19 0 4 3.2406252019080803e-02
19 0 5 2.0241565633341198e-02
19 0 6 1.4625382974671700e-02
19 0 7 1.0660031013073799e-02
19 0 8 8.2007692502928994e-03
19 0 9 6.4615410040295999e-03
19 0 10 5.2251717793797003e-03
19 0 11 4.2886295971668997e-03
19 0 12 3.6623089278996000e-03
19 0 13 3.1499134836644000e-03
19 0 14 2.7412285632567000e-03
19 0 15 2.3667749864302000e-03
19 0 16 2.1209634157200999e-03
19 0 17 1.8950910926895000e-03
19 0 18 1.6998603637971999e-03
19 0 19 1.5369827741188000e-03
19 0 20 1.3939069803778001e-03
19 0 21 1.2910388618636000e-03
19 0 22 1.1795836271987999e-03
19 0 23 1.1054776528686000e-03
19 0 24 1.0101061712792000e-03
19 0 25 9.6524321491950002e-04
19 0 26 8.9455628380339996e-04
19 0 27 8.4031315966680005e-04
19 0 28 7.8457758249979997e-04
19 0 29 7.4887927319239995e-04
19 0 30 7.0904740567480004e-04
19 0 31 6.8056325821750003e-04
19 0 32 6.3852380852520002e-04
19 0 33 6.1480702777319996e-04
19 0 34 5.7864424134799997e-04
19 0 35 5.5930349767979997e-04
19 0 36 5.3424567224189998e-04
19 0 37 5.1766342784760003e-04
19 0 38 4.9589469032639997e-04
19 0 39 4.7300880014439998e-04
19 0 40 4.6443672875849998e-04
19 0 41 4.5286494302560002e-04
19 0 42 4.3272840535949999e-04
19 0 43 4.2464564902330003e-04
19 0 44 4.0857412562240000e-04
19 0 45 4.0151750053320001e-04
19 0 46 4.0269858553809999e-04
19 0 47 3.9457320580540002e-04
19 0 48 3.7858048266169999e-04
19 0 49 3.7289805591850001e-04
19 0 50 3.6772600778480001e-04
19 0 51 3.6429841143989999e-04
19 0 52 3.6056511851219997e-04
19 0 53 3.5109457957729998e-04
19 0 54 3.4914703009060000e-04
19 0 55 3.4657601571449998e-04
19 0 56 3.4723927980980000e-04
19 0 57 3.3260306428329998e-04
19 0 58 3.4128944696110001e-04
19 0 59 3.3511389428960000e-04
19 0 60 3.3461145135029997e-04
19 0 61 3.2713588077599998e-04
19 0 62 3.3122762428920000e-04
19 0 63 2.6810122837217605e-30
19 8 0 2.0740869026198541e-01
19 8 1 5.8035046346572694e-01
19 8 2 4.7633635525830642e-01
19 8 3 3.2977401873127948e-01
19 8 4 2.0831898388259160e-01
19 8 5 1.4144791545660809e-01
19 8 6 9.5425007612189097e-02
19 8 7 7.0507605913103399e-02
19 8 8 5.0984314027203097e-02
19 8 9 3.7874451851588803e-02
19 8 10 2.7704085481449599e-02
19 8 11 2.1659063227808199e-02
19 8 12 1.5920160719763501e-02
19 8 13 1.2455838168853000e-02
19 8 14 9.3574288276227994e-03
19 8 15 7.4640941722400999e-03
19 8 16 5.9277276580071000e-03
19 8 17 4.6899625235244996e-03
19 8 18 3.8034268887880002e-03
19 8 19 3.0762980464517000e-03
19 8 20 2.5748820043175000e-03
19 8 21 2.1788216431285002e-03
19 8 22 1.8866929230170000e-03
19 8 23 1.6283574595448000e-03
19 8 24 1.4111205575712000e-03
19 8 25 1.2399319675746999e-03
19 8 26 1.1262297575442000e-03
19 8 27 1.0042327624199001e-03
19 8 28 9.2117621703869995e-04
19 8 29 8.3969568325089998e-04
19 8 30 7.7387075015320004e-04
19 8 31 7.1170707901429999e-04
19 8 32 6.7633382401160005e-04
19 8 33 6.3768362935040003e-04
19 8 34 5.9840508962839996e-04
19 8 35 5.6928500695099999e-04
19 8 36 5.4888910271440002e-04
19 8 37 5.1929162395759996e-04
19 8 38 4.9345041804319998e-04
19 8 39 4.7384632981919999e-04
19 8 40 4.6584638005209999e-04
19 8 41 4.4615537808440000e-04
19 8 42 4.3730020556079999e-04
19 8 43 4.2339708529470001e-04
19 8 44 4.1245590970759999e-04
19 8 45 3.9514935554649998e-04
19 8 46 3.9387989045550000e-04
19 8 47 3.8130485028520000e-04
19 8 48 3.7198280655370000e-04
19 8 49 3.6071503950800001e-04
19 8 50 3.5895939536500002e-04
19 8 51 3.5179541937819999e-04
19 8 52 3.4999688842540002e-04
19 8 53 3.4379844174730001e-04
19 8 54 3.3818859182450001e-04
19 8 55 3.3880665344680001e-04
19 8 56 3.3384979044719998e-04
19 8 57 3.3191746287289999e-04
19 8 58 3.2896136447410000e-04
19 8 59 3.2518780492180000e-04
19 8 60 3.3029893805070002e-04
19 8 61 3.2083913122269998e-04
19 8 62 3.2060512850100000e-04
19 8 63 1.8741957540617231e-30
19 16 0 2.7400636597746358e-01
19 16 1 6.0144353554352326e-01
19 16 2 4.7935474488081148e-01
19 16 3 3.1068142104292401e-01
19 16 4 1.9928846480582479e-01
19 16 5 1.3498350131745351e-01
19 16 6 9.0991454919692502e-02
19 16 7 6.4638762536868594e-02
19 16 8 4.6246057844748299e-02
19 16 9 3.4262549479538197e-02
19 16 10 2.4822529162472701e-02
19 16 11 1.8641579979068099e-02
19 16 12 1.4225453534488199e-02
19 16 13 1.0815354052315400e-02
19 16 14 8.4341181338149999e-03
19 16 15 6.6888469868903004e-03
19 16 16 5.2327501769956998e-03
19 16 17 4.2613654863082997e-03
19 16 18 3.4357064888636000e-03
19 16 19 2.8332682383374998e-03
19 16 20 2.4017242025923002e-03
19 16 21 2.0367629051038999e-03
19 16 22 1.7275661751405000e-03
19 16 23 1.4977421317897001e-03
19 16 24 1.3288973057067001e-03
19 16 25 1.1955805430316001e-03
19 16 26 1.0552337681842001e-03
19 16 27 9.6014503429929998e-04
19 16 28 8.6686297991850000e-04
19 16 29 7.9501308757290001e-04
19 16 30 7.4429524696810001e-04
19 16 31 6.8741662890340000e-04
19 16 32 6.5071029195110000e-04
19 16 33 6.0250940087210004e-04
19 16 34 5.7305563016010004e-04
19 16 35 5.4379744187580000e-04
19 16 36 5.0781596113549997e-04
19 16 37 4.9462645152999998e-04
19 16 38 4.7052079916179998e-04
19 16 39 4.5216862632439998e-04
19 16 40 4.2562414014800002e-04
19 16 41 4.1743766678339997e-04
19 16 42 4.0573049473500002e-04
19 16 43 3.9583309270640001e-04
19 16 44 3.7501793527809998e-04
19 16 45 3.7014213696930000e-04
19 16 46 3.6443701882820002e-04
19 16 47 3.5095172918060002e-04
19 16 48 3.4108225910890001e-04
19 16 49 3.3912560819049999e-04
19 16 50 3.2329338069899999e-04
19 16 51 3.2454259172619998e-04
19 16 52 3.1872090886230002e-04
19 16 53 3.1481971918820002e-04
19 16 54 3.0712647775840002e-04
19 16 55 3.0603260255049997e-04
19 16 56 3.0772176674960001e-04
19 16 57 2.9706310046489999e-04
19 16 58 2.9648586310230000e-04
19 16 59 2.9230121924730002e-04
19 16 60 2.8856569888130001e-04
19 16 61 2.8488274679900000e-04
19 16 62 2.6429352307089999e-04
19 16 63 2.0262222543466922e-30
19 32 0 3.8411561965329699e-01
19 32 1 6.8196858317223574e-01
19 32 2 5.3488133347491262e-01
19 32 3 3.2349113466038831e-01
19 32 4 2.0257494130565629e-01
19 32 5 1.2916122702809110e-01
19 32 6 8.5280777267070798e-02
19 32 7 5.7332151764324497e-02
19 32 8 3.9180239066124799e-02
19 32 9 2.7732404580150100e-02
19 32 10 1.9962403554928801e-02
19 32 11 1.4704903098757700e-02
19 32 12 1.1110926822291100e-02
19 32 13 8.3893840055601996e-03
19 32 14 6.5309826297393000e-03
19 32 15 5.2131000759931996e-03
19 32 16 4.1930976261896000e-03
19 32 17 3.3613514295118001e-03
19 32 18 2.8194559867610000e-03
19 32 19 2.3010568361716000e-03
19 32 20 1.9465912385452000e-03
19 32 21 1.6978505799074999e-03
19 32 22 1.4773566848460000e-03
19 32 23 1.3010395557974000e-03
19 32 24 1.1561168492239999e-03
19 32 25 1.0321292644588000e-03
19 32 26 9.2049382383269996e-04
19 32 27 8.3822606967959995e-04
19 32 28 7.5967482716000000e-04
19 32 29 7.0743103956959999e-04
19 32 30 6.5184944598109995e-04
19 32 31 6.0620450771480005e-04
19 32 32 5.5931781747459999e-04
19 32 33 5.2504079361759997e-04
19 32 34 5.0183117480290002e-04
19 32 35 4.6491729613740000e-04
19 32 36 4.4184238667629999e-04
19 32 37 4.2629944405280000e-04
19 32 38 4.0355105927890003e-04
19 32 39 3.8199720823890000e-04
19 32 40 3.6906512637510002e-04
19 32 41 3.5568441392230002e-04
19 32 42 3.4089859746890000e-04
19 32 43 3.2917427841860003e-04
19 32 44 3.2155935825620000e-04
19 32 45 3.1347913638510002e-04
19 32 46 2.9963062765220002e-04
19 32 47 2.9059852910929998e-04
19 32 48 2.8870050909759998e-04
19 32 49 2.7687521541810002e-04
19 32 50 2.7609900932570002e-04
19 32 51 2.6774652173200002e-04
19 32 52 2.6748502825429997e-04
19 32 53 2.5895359563660002e-04
19 32 54 2.5680502229849999e-04
19 32 55 2.4988816748629998e-04
19 32 56 2.4757300263980001e-04
19 32 57 2.4569156008089998e-04
19 32 58 2.4655739368460001e-04
19 32 59 2.4073261520690000e-04
19 32 60 2.2713314279580000e-04
19 32 61 2.1021783222920001e-04
19 32 62 1.7963331615200001e-04
19 32 63 2.1689931274947263e-30
19 48 0 4.6590827110429661e-01
19 48 1 7.6342899237602335e-01
19 48 2 6.2291623469881197e-01
19 48 3 3.7507689963508128e-01
19 48 4 2.3570087394858419e-01
19 48 5 1.4746182444728659e-01
19 48 6 9.5140317236769301e-02
19 48 7 6.3454696504594399e-02
19 48 8 4.2483967052330401e-02
19 48 9 2.9036065489077102e-02
19 48 10 2.0959666402292399e-02
19 48 11 1.5125139277278600e-02
19 48 12 1.1455565619580700e-02
19 48 13 8.6736863221250002e-03
19 48 14 6.7062356043743002e-03
19 48 15 5.3618520476602996e-03
19 48 16 4.2819053808794997e-03
19 48 17 3.5550225165399000e-03
19 48 18 2.9556983111724000e-03
19 48 19 2.4768970235558001e-03
19 48 20 2.1405578969484998e-03
19 48 21 1.8492300419066000e-03
19 48 22 1.6130433446096999e-03
19 48 23 1.4350368203297000e-03
19 48 24 1.2801410552122001e-03
19 48 25 1.1361641272768000e-03
19 48 26 1.0417623995485001e-03
19 48 27 9.7178831789980003e-04
19 48 28 8.8389035605220001e-04
19 48 29 8.1997135348249996e-04
19 48 30 7.6097943583750005e-04
19 48 31 7.0970461574170005e-04
19 48 32 6.6769847566610003e-04
19 48 33 6.2817726805269999e-04
19 48 34 5.8897836904549998e-04
19 48 35 5.5836735888010005e-04
19 48 36 5.3806822351379997e-04
19 48 37 5.1358582470150001e-04
19 48 38 4.9547670574679999e-04
19 48 39 4.7579134519440001e-04
19 48 40 4.5154101665600000e-04
19 48 41 4.3607725271239999e-04
19 48 42 4.2638270918089998e-04
19 48 43 4.1425954714880000e-04
19 48 44 4.0124111828790003e-04
19 48 45 3.8527048149070002e-04
19 48 46 3.8033041763750001e-04
19 48 47 3.6933132021699998e-04
19 48 48 3.6770449165990002e-04
19 48 49 3.5616361669539999e-04
19 48 50 3.4965749321189999e-04
19 48 51 3.4656627346070002e-04
19 48 52 3.3397414338459999e-04
19 48 53 3.3367980379829998e-04
19 48 54 3.2780313546410000e-04
19 48 55 3.2598175980099998e-04
19 48 56 3.1900400149390001e-04
19 48 57 3.1678683119430002e-04
19 48 58 3.0608338298830000e-04
19 48 59 2.9666848142769999e-04
19 48 60 2.7708041892470002e-04
19 48 61 2.5580130321580002e-04
19 48 62 2.7557002577400001e-04
19 48 63 2.3839357818458248e-30
19 64 0 6.1310639208826589e-01
19 64 1 8.0387274918160911e-01
19 64 2 7.4687181601700048e-01
19 64 3 4.5100363219955769e-01
19 64 4 2.7839833258998919e-01
19 64 5 1.7956014970531570e-01
19 64 6 1.1500074772450640e-01
19 64 7 7.5879095228139806e-02
19 64 8 5.1528092663866001e-02
19 64 9 3.5516884830248903e-02
19 64 10 2.4734996595560999e-02
19 64 11 1.7824306409918399e-02
19 64 12 1.3197861118140501e-02
19 64 13 9.9191387658254006e-03
19 64 14 7.6445907003818000e-03
19 64 15 6.0739781189315997e-03
19 64 16 4.8376414178727001e-03
19 64 17 4.0975061691169998e-03
19 64 18 3.3389502006256002e-03
19 64 19 2.8515196704341000e-03
19 64 20 2.4387089425663001e-03
19 64 21 2.1076028014923001e-03
19 64 22 1.8471112112909999e-03
19 64 23 1.6328724962959000e-03
19 64 24 1.4921492728112000e-03
19 64 25 1.3459337083372000e-03
19 64 26 1.2172767887872000e-03
19 64 27 1.1178393475387001e-03
19 64 28 1.0427407320942000e-03
19 64 29 9.6263563779379997e-04
19 64 30 9.1057268913470005e-04
19 64 31 8.5388924736500005e-04
19 64 32 8.2028708591029998e-04
19 64 33 7.7733895468910005e-04
19 64 34 7.4236812585249995e-04
19 64 35 7.0983418382440005e-04
19 64 36 6.7542261569399997e-04
19 64 37 6.6584594395439998e-04
19 64 38 6.4331290031039996e-04
19 64 39 6.1924104306400004e-04
19 64 40 6.0472999641820004e-04
19 64 41 5.8252670516030004e-04
19 64 42 5.7709879709679998e-04
19 64 43 5.5332952718969996e-04
19 64 44 5.5523630178469995e-04
19 64 45 5.4354055360480004e-04
19 64 46 5.2335094319070003e-04
19 64 47 5.1756869275949998e-04
19 64 48 5.1126596653360001e-04
19 64 49 5.0126982118729995e-04
19 64 50 5.0632496996480005e-04
19 64 51 4.9588721315159997e-04
19 64 52 4.8902197943010003e-04
19 64 53 4.8505703102949999e-04
19 64 54 4.8681137716470000e-04
19 64 55 4.7952539097080002e-04
19 64 56 4.6892302053299999e-04
19 64 57 4.6648959228660003e-04
19 64 58 4.5404273977980001e-04
19 64 59 4.3467638675159998e-04
19 64 60 4.0452246619659997e-04
19 64 61 4.3111191676330001e-04
19 64 62 4.6787096703279998e-04
19 64 63 2.8638876207800003e-30
19 72 0 6.3496297193488338e-01
19 72 1 8.2834580140808545e-01
19 72 2 7.8794738965623567e-01
19 72 3 4.7509694714868678e-01
19 72 4 3.0966371948198929e-01
19 72 5 1.9937497104681839e-01
19 72 6 1.3471479070918099e-01
19 72 7 9.0278012288035406e-02
19 72 8 6.2610615865141703e-02
19 72 9 4.3318430861915398e-02
19 72 10 3.0773530075625100e-02
19 72 11 2.2247338149954901e-02
19 72 12 1.6488277775834399e-02
19 72 13 1.2075960225885800e-02
19 72 14 9.3294145693333993e-03
19 72 15 7.3615645170141998e-03
19 72 16 5.7920555887285997e-03
19 72 17 4.6625058360163004e-03
19 72 18 3.8373832328142000e-03
19 72 19 3.2789438020794002e-03
19 72 20 2.7785015580770998e-03
19 72 21 2.3917111196994998e-03
19 72 22 2.1098299917217999e-03
19 72 23 1.8550202177634000e-03
19 72 24 1.6850846145000000e-03
19 72 25 1.5073517495927001e-03
19 72 26 1.3606320554318001e-03
19 72 27 1.2809177083193000e-03
19 72 28 1.1532215488768000e-03
19 72 29 1.0806315469891999e-03
19 72 30 1.0120974931908000e-03
19 72 31 9.6719870503229996e-04
19 72 32 9.1285717524240001e-04
19 72 33 8.6330102161789998e-04
19 72 34 8.2740654292230004e-04
19 72 35 7.8166840316990004e-04
19 72 36 7.5206989319290003e-04
19 72 37 7.4756644317030001e-04
19 72 38 7.0999246073849998e-04
19 72 39 6.9167805743819996e-04
19 72 40 6.6486202018390002e-04
19 72 41 6.4961945254160005e-04
19 72 42 6.3526774737550004e-04
19 72 43 6.1447239638500004e-04
19 72 44 6.0990575362709996e-04
19 72 45 5.9712610461609998e-04
19 72 46 5.7862765993160000e-04
19 72 47 5.7099015231600004e-04
19 72 48 5.6239166334760002e-04
19 72 49 5.5474485495720001e-04
19 72 50 5.4444249335200000e-04
19 72 51 5.3828497661449998e-04
19 72 52 5.3191265198280005e-04
19 72 53 5.2258106183920004e-04
19 72 54 5.2037188561119998e-04
19 72 55 5.1359377265230001e-04
19 72 56 5.0429880307220002e-04
19 72 57 4.9076738126340000e-04
19 72 58 4.8661975789149998e-04
19 72 59 4.6379192193060002e-04
19 72 60 4.4750520608899998e-04
19 72 61 4.7860504585499998e-04
19 72 62 4.7481135376350000e-04
19 72 63 3.0912290528330473e-30
19 80 0 6.2713831474046133e-01
19 80 1 8.4546071555534985e-01
19 80 2 7.9641818325047176e-01
19 80 3 4.8698969385138419e-01
19 80 4 3.2091226182195359e-01
19 80 5 2.2054113789433910e-01
19 80 6 1.5108985640580461e-01
19 80 7 1.0571653440456071e-01
19 80 8 7.5233609504439594e-02
19 80 9 5.4523892283620000e-02
19 80 10 3.9059024693009300e-02
19 80 11 2.9418672027233899e-02
19 80 12 2.1483300425234199e-02
19 80 13 1.5923312697050399e-02
19 80 14 1.2377290791811900e-02
19 80 15 9.3829845129980993e-03
19 80 16 7.3452737322867003e-03
19 80 17 5.9548704090984002e-03
19 80 18 4.8009697322509001e-03
19 80 19 4.0025599616182999e-03
19 80 20 3.4105863356646000e-03
19 80 21 2.8753461535866000e-03
19 80 22 2.5147929324048999e-03
19 80 23 2.2225990032618999e-03
19 80 24 1.9673411085396001e-03
19 80 25 1.7697371878046000e-03
19 80 26 1.5790218636544001e-03
19 80 27 1.4624279629311000e-03
19 80 28 1.3508796586882000e-03
19 80 29 1.2558242752907999e-03
19 80 30 1.1751759875900001e-03
19 80 31 1.1259701294058001e-03
19 80 32 1.0427947820737999e-03
19 80 33 9.8816585464440001e-04
19 80 34 9.3023275839719999e-04
19 80 35 8.9721214899650002e-04
19 80 36 8.6049250036919999e-04
19 80 37 8.4573408093890001e-04
19 80 38 8.0047414864450005e-04
19 80 39 7.7500010572470002e-04
19 80 40 7.5442356406499995e-04
19 80 41 7.2597895233720005e-04
19 80 42 7.0429686370789999e-04
19 80 43 6.8906558579660002e-04
19 80 44 6.7053943606129997e-04
19 80 45 6.6626050517809999e-04
19 80 46 6.6082049122820005e-04
19 80 47 6.3759952118149995e-04
19 80 48 6.2784601234460000e-04
19 80 49 6.2693218469060002e-04
19 80 50 5.9998690481730002e-04
19 80 51 5.9744200735289998e-04
19 80 52 5.8767640578589997e-04
19 80 53 5.8001247869190000e-04
19 80 54 5.7482433521919998e-04
19 80 55 5.7606437224969997e-04
19 80 56 5.6025540665260000e-04
19 80 57 5.4920822838130001e-04
19 80 58 5.3635090944089997e-04
19 80 59 5.0569022295990005e-04
19 80 60 4.9314523639220004e-04
19 80 61 5.4159592294839996e-04
19 80 62 5.0217170024069999e-04
19 80 63 3.2791596336932432e-30
19 88 0 6.1132307848397971e-01
19 88 1 8.3389103113243679e-01
19 88 2 8.1061418336855895e-01
19 88 3 4.9994394986140839e-01
19 88 4 3.3391735576379039e-01
19 88 5 2.3452840701268959e-01
19 88 6 1.6430347558663061e-01
19 88 7 1.1644174482914080e-01
19 88 8 8.5982552439944696e-02
19 88 9 6.3453987037668594e-02
19 88 10 4.7601080080351597e-02
19 88 11 3.6350130786768999e-02
19 88 12 2.7316337669273300e-02
19 88 13 2.1311021127020501e-02
19 88 14 1.6427936514752502e-02
19 88 15 1.2465949692392500e-02
19 88 16 9.8799368353941000e-03
19 88 17 7.7892086588655998e-03
19 88 18 6.2336416085884000e-03
19 88 19 5.1310750965779996e-03
19 88 20 4.1826965212161003e-03
19 88 21 3.5412712064035001e-03
19 88 22 3.0308074823006000e-03
19 88 23 2.6500068817060999e-03
19 88 24 2.3070308574485001e-03
19 88 25 2.1004912554428001e-03
19 88 26 1.8540071876326999e-03
19 88 27 1.6908060449158000e-03
19 88 28 1.5455984983274999e-03
19 88 29 1.4381176094436000e-03
19 88 30 1.3271085264526001e-03
19 88 31 1.2463735978378999e-03
19 88 32 1.1673163757684000e-03
19 88 33 1.1231710825678001e-03
19 88 34 1.0621766171679001e-03
19 88 35 9.9605114061910010e-04
19 88 36 9.6293599613199996e-04
19 88 37 9.4362247954789995e-04
19 88 38 9.0363613241409995e-04
19 88 39 8.8216679982680004e-04
19 88 40 8.5273400199429997e-04
19 88 41 8.2535262513850000e-04
19 88 42 7.9649157286900004e-04
19 88 43 7.8945608318790005e-04
19 88 44 7.5104628093700001e-04
19 88 45 7.4999081890679998e-04
19 88 46 7.2901917670600001e-04
19 88 47 7.0845608367559997e-04
19 88 48 6.9826920339700004e-04
19 88 49 6.8497251714639998e-04
19 88 50 6.8087742779090001e-04
19 88 51 6.7509740707300003e-04
19 88 52 6.6804682818719997e-04
19 88 53 6.5293410119130000e-04
19 88 54 6.4583734600750001e-04
19 88 55 6.2961332770610000e-04
19 88 56 6.1480654916580004e-04
19 88 57 6.1466270103580003e-04
19 88 58 5.8307363206130003e-04
19 88 59 5.6764722052550000e-04
19 88 60 5.7196993696929997e-04
19 88 61 5.9612258353670001e-04
19 88 62 5.4314399704689996e-04
19 88 63 3.4122454695551216e-30
19 96 0 5.8212655179882566e-01
19 96 1 8.3758538276306116e-01
19 96 2 8.0492782034213195e-01
19 96 3 5.1459107367892865e-01
19 96 4 3.4339937972625612e-01
19 96 5 2.4704689152920220e-01
19 96 6 1.7500176099275300e-01
19 96 7 1.2679972158155439e-01
19 96 8 9.4411108328185403e-02
19 96 9 7.1484275312568998e-02
19 96 10 5.5370014432217701e-02
19 96 11 4.3107824313777202e-02
19 96 12 3.3332879560997598e-02
19 96 13 2.6041785238530499e-02
19 96 14 2.0544597020568701e-02
19 96 15 1.6110790446574100e-02
19 96 16 1.2477897799594099e-02
19 96 17 9.9029008121104996e-03
19 96 18 7.9920786963934998e-03
19 96 19 6.2777289594217996e-03
19 96 20 5.2967162722178003e-03
19 96 21 4.3341205458465003e-03
19 96 22 3.6786515481152002e-03
19 96 23 3.1947185929703001e-03
19 96 24 2.7701887214682001e-03
19 96 25 2.4622870292633999e-03
19 96 26 2.1869483030586001e-03
19 96 27 1.9690850985624002e-03
19 96 28 1.7700927988019001e-03
19 96 29 1.6458625568264999e-03
19 96 30 1.5603992710445001e-03
19 96 31 1.4438696930536999e-03
19 96 32 1.3552194002809999e-03
19 96 33 1.2546472509262000e-03
19 96 34 1.1942951566468001e-03
19 96 35 1.1516299828794999e-03
19 96 36 1.0929259292943999e-03
19 96 37 1.0506518138780000e-03
19 96 38 1.0116368758520001e-03
19 96 39 9.7415326797299997e-04
19 96 40 9.4631697194830005e-04
19 96 41 9.1828042057850003e-04
19 96 42 8.9615648773749997e-04
19 96 43 8.7521650802560005e-04
19 96 44 8.5346023095989997e-04
19 96 45 8.3503311850540005e-04
19 96 46 8.0762783158360005e-04
19 96 47 7.9228599644370001e-04
19 96 48 7.7383377682670000e-04
19 96 49 7.6279540032259997e-04
19 96 50 7.6026663079580004e-04
19 96 51 7.4542137824179999e-04
19 96 52 7.4060443644160005e-04
19 96 53 7.2911154590679997e-04
19 96 54 7.1902146370439999e-04
19 96 55 6.9757794618000002e-04
19 96 56 6.9458486999779997e-04
19 96 57 6.7350679367910002e-04
19 96 58 6.5836985365029998e-04
19 96 59 6.2588424166260003e-04
19 96 60 6.4535830980559997e-04
19 96 61 6.6521401491479999e-04
19 96 62 6.0330592839320004e-04
19 96 63 3.5754274514163990e-30
19 104 0 5.7056184911304264e-01
19 104 1 8.2203170403363102e-01
19 104 2 7.9942774612279066e-01
19 104 3 5.1482613290021928e-01
19 104 4 3.6071894928908249e-01
19 104 5 2.5553517251659053e-01
19 104 6 1.8224719043684301e-01
19 104 7 1.3637516860485199e-01
19 104 8 1.0198042720685251e-01
19 104 9 7.7762690253057098e-02
19 104 10 6.1010707290862200e-02
19 104 11 4.8326344613990900e-02
19 104 12 3.7550161676080801e-02
19 104 13 3.0678319385414401e-02
19 104 14 2.4272434947508199e-02
19 104 15 1.9472986570641299e-02
19 104 16 1.5355080060979300e-02
19 104 17 1.2361877559703900e-02
19 104 18 9.7187665034246008e-03
19 104 19 7.9722473733438992e-03
19 104 20 6.4798785198933997e-03
19 104 21 5.3718088381952004e-03
19 104 22 4.5094801198607001e-03
19 104 23 3.8123748423963999e-03
19 104 24 3.3289532936889000e-03
19 104 25 2.8738068610816999e-03
19 104 26 2.5428505239186001e-03
19 104 27 2.2625411608766998e-03
19 104 28 2.0929578949732998e-03
19 104 29 1.8883769182967999e-03
19 104 30 1.7443612519962000e-03
19 104 31 1.6254808192364999e-03
19 104 32 1.5292316894517000e-03
19 104 33 1.4153375152686999e-03
19 104 34 1.3578078486787000e-03
19 104 35 1.2898452927469000e-03
19 104 36 1.2208267592805999e-03
19 104 37 1.1745864223046999e-03
19 104 38 1.1316097497362000e-03
19 104 39 1.0789922061937001e-03
19 104 40 1.0473191456536000e-03
19 104 41 1.0139644169517000e-03
19 104 42 9.9897399633070002e-04
19 104 43 9.6518461602659996e-04
19 104 44 9.5078590131340000e-04
19 104 45 9.1284897922660005e-04
19 104 46 8.8871655223749998e-04
19 104 47 8.6932923057080004e-04
19 104 48 8.6525695893389996e-04
19 104 49 8.4984231406349999e-04
19 104 50 8.3516995338809999e-04
19 104 51 8.1248309038729999e-04
19 104 52 8.0089452978930002e-04
19 104 53 7.9479074812490000e-04
19 104 54 7.8920311229980003e-04
19 104 55 7.7804113557459998e-04
19 104 56 7.5971218207070005e-04
19 104 57 7.3351102390380001e-04
19 104 58 7.1721811387499997e-04
19 104 59 7.1146237620540000e-04
19 104 60 7.1864087195190000e-04
19 104 61 7.3265434379190001e-04
19 104 62 6.6487947675080003e-04
19 104 63 3.7398773092965160e-30
